順位,管理No,合計スコア,センター
"1","TK090010","813","蒲田ＩＭＯＮボウル"
"2","TK130029","787","ＳＡＰ日野ボウル"
"3","CH040452","783","ときわ平 ボウリングセンター"
"4","CH040377","770","ときわ平 ボウリングセンター"
"5","NA030246","762","アストロボウル"
"6","GU010045","739","桐生スターレーン"
"7","YA010114","739","ダイトースターレーン双葉"
"8","KA040077","738","ムサシボウル"
"9","CH040394","738","ときわ平 ボウリングセンター"
"10","TK090024","737","蒲田ＩＭＯＮボウル"
"11","TC030192","736","宇都宮第二トーヨーボウル"
"12","TC030482","734","宇都宮第二トーヨーボウル"
"13","NA010132","734","新飯田オークラボウル"
"14","KA010195","733","川崎グランドボウル"
"15","KA070073","729","アカフーボウル"
"16","TK090002","721","蒲田ＩＭＯＮボウル"
"17","KA020052","721","タチバナボウル"
"18","TK090139","721","蒲田ＩＭＯＮボウル"
"19","IB040119","720","スポーレボウル"
"20","CH010082","720","本八幡スターレーン"
"","CH010082","720","本八幡スターレーン"
"21","IB010019","719","勝田パークボウル"
"22","CH040083","717","ときわ平 ボウリングセンター"
"23","KA040059","716","ムサシボウル"
"24","CH040512","716","ときわ平 ボウリングセンター"
"25","TK150025","715","東京ポートボウル"
"26","KA070016","713","アカフーボウル"
"","KA070016","713","アカフーボウル"
"27","KA040542","713","ムサシボウル"
"","KA040542","713","ムサシボウル"
"28","CH040486","713","ときわ平 ボウリングセンター"
"29","GU030203","712","パークレーン高崎"
"30","KA070286","711","アカフーボウル"
"","KA070286","711","アカフーボウル"
"31","CH040406","710","ときわ平 ボウリングセンター"
"32","GU010011","708","桐生スターレーン"
"33","NA030055","707","アストロボウル"
"34","IB030040","705","神栖ボウル"
"35","KA040149","705","ムサシボウル"
"36","SA050023","705","ＳＡＰ草加ボウル"
"37","KA170060","703","伊勢原ボウリングセンター"
"38","KA160255","702","桜ヶ丘ボウリングセンター"
"39","TC010014","701","足利スターレーン"
"40","NA060199","701","ボウリング王国スポルト岡谷店"
"41","TK090052","698","蒲田ＩＭＯＮボウル"
"42","NA060128","698","ボウリング王国スポルト岡谷店"
"43","NA010122","698","新飯田オークラボウル"
"44","KA010131","697","川崎グランドボウル"
"45","KA160250","697","桜ヶ丘ボウリングセンター"
"","KA160250","697","桜ヶ丘ボウリングセンター"
"46","KA040029","696","ムサシボウル"
"47","KA130010","695","ボウリング王国 スポルト横須賀店"
"48","YA010057","690","ダイトースターレーン双葉"
"49","GU010019","690","桐生スターレーン"
"50","NA020064","690","アピナボウル松本城山店"
"51","GU010082","690","桐生スターレーン"
"52","CH040121","689","ときわ平 ボウリングセンター"
"53","TK090113","688","蒲田ＩＭＯＮボウル"
"54","NA030051","687","アストロボウル"
"55","CH040361","687","ときわ平 ボウリングセンター"
"56","CH040370","687","ときわ平 ボウリングセンター"
"57","NA030282","687","アストロボウル"
"58","TK060593","687","マルアイボウリング"
"59","CH040531","687","ときわ平 ボウリングセンター"
"60","TC030275","686","宇都宮第二トーヨーボウル"
"61","GU010123","686","桐生スターレーン"
"62","CH030015","684","富津スターレーン"
"63","KA040115","684","ムサシボウル"
"64","KA130018","684","ボウリング王国 スポルト横須賀店"
"65","CH040429","683","ときわ平 ボウリングセンター"
"66","YA010188","683","ダイトースターレーン双葉"
"67","TC030481","682","宇都宮第二トーヨーボウル"
"68","CH040425","682","ときわ平 ボウリングセンター"
"69","CH040240","681","ときわ平 ボウリングセンター"
"70","YA010065","680","ダイトースターレーン双葉"
"71","KA040032","679","ムサシボウル"
"72","IB010018","678","勝田パークボウル"
"73","TC030205","678","宇都宮第二トーヨーボウル"
"74","YA010115","678","ダイトースターレーン双葉"
"75","YA040018","678","都留ファミリーボウル"
"76","NA050071","678","アピナボウル長野篠ノ井店"
"77","NA030033","677","アストロボウル"
"78","KA150035","677","相模ファーストレーン"
"79","TK070256","677","練馬トーホーボール"
"80","TK130226","676","ＳＡＰ日野ボウル"
"81","TK090105","675","蒲田ＩＭＯＮボウル"
"82","TC010126","675","足利スターレーン"
"83","KA020001","674","タチバナボウル"
"84","CH030032","674","富津スターレーン"
"85","TC030274","674","宇都宮第二トーヨーボウル"
"86","NA030288","674","アストロボウル"
"87","CH040468","674","ときわ平 ボウリングセンター"
"88","CH010089","673","本八幡スターレーン"
"89","TK070035","672","練馬トーホーボール"
"90","CH010046","672","本八幡スターレーン"
"91","GU050124","672","ドリームスタジアム太田"
"92","KA020009","671","タチバナボウル"
"93","SA020010","671","所沢スターレーン"
"94","CH040273","671","ときわ平 ボウリングセンター"
"95","KA160240","671","桜ヶ丘ボウリングセンター"
"96","TC010062","670","足利スターレーン"
"97","CH040496","670","ときわ平 ボウリングセンター"
"98","NA030350","670","アストロボウル"
"99","NA010019","669","新飯田オークラボウル"
"100","IB100005","669","ジョイナスボウル坂東"
"","IB100005","669","ジョイナスボウル坂東"
"101","KA040227","669","ムサシボウル"
"","KA040227","669","ムサシボウル"
"102","IB040132","668","スポーレボウル"
"103","NA050028","668","アピナボウル長野篠ノ井店"
"104","IB030551","668","神栖ボウル"
"105","TK070133","667","練馬トーホーボール"
"106","KA020055","666","タチバナボウル"
"107","NA010048","666","新飯田オークラボウル"
"108","KA040143","666","ムサシボウル"
"109","CH040362","666","ときわ平 ボウリングセンター"
"110","CH040099","665","ときわ平 ボウリングセンター"
"111","TK130036","665","ＳＡＰ日野ボウル"
"112","IB040166","665","スポーレボウル"
"","IB040166","665","スポーレボウル"
"113","TK090065","665","蒲田ＩＭＯＮボウル"
"114","KA010236","665","川崎グランドボウル"
"115","IB040285","665","スポーレボウル"
"116","KA040164","665","ムサシボウル"
"117","KA070093","664","アカフーボウル"
"","KA070093","664","アカフーボウル"
"118","NA050020","664","アピナボウル長野篠ノ井店"
"119","NA020037","664","アピナボウル松本城山店"
"120","CH040219","664","ときわ平 ボウリングセンター"
"121","CH040249","664","ときわ平 ボウリングセンター"
"122","KA070390","664","アカフーボウル"
"","KA070390","664","アカフーボウル"
"123","KA010425","664","川崎グランドボウル"
"124","KA160010","663","桜ヶ丘ボウリングセンター"
"125","IB040203","663","スポーレボウル"
"","IB040203","663","スポーレボウル"
"126","TK130222","663","ＳＡＰ日野ボウル"
"127","CH010112","663","本八幡スターレーン"
"128","KA040069","662","ムサシボウル"
"129","CH040263","662","ときわ平 ボウリングセンター"
"130","IB040372","662","スポーレボウル"
"","IB040372","662","スポーレボウル"
"131","TK130239","662","ＳＡＰ日野ボウル"
"132","NA030168","661","アストロボウル"
"133","SA130025","661","アイビーボウル越谷"
"134","KA110079","661","コロナキャットボウル小田原店"
"135","TK130125","660","ＳＡＰ日野ボウル"
"136","NA050053","660","アピナボウル長野篠ノ井店"
"137","KA180001","660","厚木ツマダボウル"
"138","TK130220","660","ＳＡＰ日野ボウル"
"139","CH030051","659","富津スターレーン"
"140","CH040519","659","ときわ平 ボウリングセンター"
"141","TK090048","658","蒲田ＩＭＯＮボウル"
"142","CH010069","658","本八幡スターレーン"
"143","IB030243","658","神栖ボウル"
"144","IB030034","657","神栖ボウル"
"145","IB040172","657","スポーレボウル"
"146","IB040242","657","スポーレボウル"
"147","NA060129","657","ボウリング王国スポルト岡谷店"
"148","CH040450","657","ときわ平 ボウリングセンター"
"149","NA050068","657","アピナボウル長野篠ノ井店"
"150","TK150010","656","東京ポートボウル"
"151","KA010038","655","川崎グランドボウル"
"152","KA160020","655","桜ヶ丘ボウリングセンター"
"153","NA040005","655","アピナボウル安曇野店"
"154","NA030243","655","アストロボウル"
"155","KA040541","655","ムサシボウル"
"","KA040541","655","ムサシボウル"
"156","NA060185","655","ボウリング王国スポルト岡谷店"
"157","CH040511","655","ときわ平 ボウリングセンター"
"158","KA020074","654","タチバナボウル"
"159","TK140019","654","池袋ロサボウル"
"160","NA030160","654","アストロボウル"
"161","IB040218","654","スポーレボウル"
"","IB040218","654","スポーレボウル"
"162","KA020091","654","タチバナボウル"
"163","SA020074","654","所沢スターレーン"
"164","CH040543","654","ときわ平 ボウリングセンター"
"165","SA020019","653","所沢スターレーン"
"166","TC030211","653","宇都宮第二トーヨーボウル"
"167","NA030084","652","アストロボウル"
"168","KA040078","652","ムサシボウル"
"169","TK110003","652","笹塚ボウル"
"170","KA010392","652","川崎グランドボウル"
"171","KA020061","651","タチバナボウル"
"172","TK060428","651","マルアイボウリング"
"173","TK090089","651","蒲田ＩＭＯＮボウル"
"174","IB030300","651","神栖ボウル"
"175","YA010168","651","ダイトースターレーン双葉"
"176","GU050165","651","ドリームスタジアム太田"
"177","TC010002","650","足利スターレーン"
"178","SA020030","650","所沢スターレーン"
"179","IB040286","650","スポーレボウル"
"180","KA040524","650","ムサシボウル"
"181","CH040441","650","ときわ平 ボウリングセンター"
"182","TK150006","649","東京ポートボウル"
"183","TK130004","649","ＳＡＰ日野ボウル"
"184","KA040034","649","ムサシボウル"
"185","TK060433","649","マルアイボウリング"
"186","KA150134","649","相模ファーストレーン"
"187","KA050032","649","ボウリング王国 スポルト八景店"
"188","IB010001","648","勝田パークボウル"
"189","YA010009","648","ダイトースターレーン双葉"
"190","IB040253","648","スポーレボウル"
"191","YA040026","647","都留ファミリーボウル"
"192","CH040051","646","ときわ平 ボウリングセンター"
"193","TK090013","645","蒲田ＩＭＯＮボウル"
"194","IB010014","645","勝田パークボウル"
"195","GU010044","645","桐生スターレーン"
"196","KA010204","645","川崎グランドボウル"
"197","KA110071","645","コロナキャットボウル小田原店"
"198","CH040204","644","ときわ平 ボウリングセンター"
"199","TK130185","644","ＳＡＰ日野ボウル"
"200","CH040345","644","ときわ平 ボウリングセンター"
"201","CH040444","644","ときわ平 ボウリングセンター"
"202","CH040538","644","ときわ平 ボウリングセンター"
"203","KA070206","643","アカフーボウル"
"","KA070206","643","アカフーボウル"
"204","SA050016","643","ＳＡＰ草加ボウル"
"205","KA140058","643","相模原パークレーンズ"
"206","SA020013","642","所沢スターレーン"
"207","NA030071","642","アストロボウル"
"208","NA010042","642","新飯田オークラボウル"
"209","CH040167","642","ときわ平 ボウリングセンター"
"210","GU020144","642","エメラルドボウル"
"211","YA010117","642","ダイトースターレーン双葉"
"212","CH040372","642","ときわ平 ボウリングセンター"
"213","SA020089","642","所沢スターレーン"
"214","KA040228","642","ムサシボウル"
"","KA040228","642","ムサシボウル"
"215","KA170004","641","伊勢原ボウリングセンター"
"216","KA100001","641","寒川セントラルボウル"
"217","KA010135","641","川崎グランドボウル"
"218","KA160239","641","桜ヶ丘ボウリングセンター"
"219","KA160035","640","桜ヶ丘ボウリングセンター"
"220","IB040098","640","スポーレボウル"
"221","YA040001","640","都留ファミリーボウル"
"222","NA030175","640","アストロボウル"
"223","KA010318","640","川崎グランドボウル"
"224","YA010142","640","ダイトースターレーン双葉"
"225","KA110051","640","コロナキャットボウル小田原店"
"226","TK060521","640","マルアイボウリング"
"227","KA070623","640","アカフーボウル"
"","KA070623","640","アカフーボウル"
"228","TK090001","639","蒲田ＩＭＯＮボウル"
"229","TK130149","639","ＳＡＰ日野ボウル"
"230","IB030236","639","神栖ボウル"
"231","CH030201","639","富津スターレーン"
"232","TK140045","639","池袋ロサボウル"
"","TK140045","639","池袋ロサボウル"
"233","IB040368","639","スポーレボウル"
"","IB040368","639","スポーレボウル"
"234","CH040451","639","ときわ平 ボウリングセンター"
"235","NA030335","639","アストロボウル"
"236","TK150007","638","東京ポートボウル"
"237","IB040196","638","スポーレボウル"
"","IB040196","638","スポーレボウル"
"238","KA070551","638","アカフーボウル"
"239","KA180008","638","厚木ツマダボウル"
"240","NA050001","637","アピナボウル長野篠ノ井店"
"241","TC030111","637","宇都宮第二トーヨーボウル"
"242","CH040162","637","ときわ平 ボウリングセンター"
"243","CH040154","637","ときわ平 ボウリングセンター"
"244","CH040228","637","ときわ平 ボウリングセンター"
"245","TK130131","637","ＳＡＰ日野ボウル"
"246","NA050045","637","アピナボウル長野篠ノ井店"
"247","IB030359","637","神栖ボウル"
"248","CH040017","636","ときわ平 ボウリングセンター"
"249","KA040042","636","ムサシボウル"
"250","NA030056","636","アストロボウル"
"251","GU030129","636","パークレーン高崎"
"252","NA060143","636","ボウリング王国スポルト岡谷店"
"253","KA110014","636","コロナキャットボウル小田原店"
"254","NA050075","636","アピナボウル長野篠ノ井店"
"255","YA010040","635","ダイトースターレーン双葉"
"256","SA020066","635","所沢スターレーン"
"257","KA010277","635","川崎グランドボウル"
"258","CH040313","635","ときわ平 ボウリングセンター"
"259","KA110041","635","コロナキャットボウル小田原店"
"260","KA070532","635","アカフーボウル"
"261","CH030254","635","富津スターレーン"
"262","NA030041","634","アストロボウル"
"263","CH030150","634","富津スターレーン"
"264","TC030328","634","宇都宮第二トーヨーボウル"
"265","TK150028","634","東京ポートボウル"
"266","GU010104","634","桐生スターレーン"
"267","TC010013","634","足利スターレーン"
"268","KA100007","634","寒川セントラルボウル"
"269","IB040560","634","スポーレボウル"
"270","IB030572","634","神栖ボウル"
"271","NA060047","633","ボウリング王国スポルト岡谷店"
"272","KA160082","633","桜ヶ丘ボウリングセンター"
"","KA160082","633","桜ヶ丘ボウリングセンター"
"273","YA010116","633","ダイトースターレーン双葉"
"274","NA030263","633","アストロボウル"
"275","YA010092","633","ダイトースターレーン双葉"
"276","CH040262","632","ときわ平 ボウリングセンター"
"277","KA150041","632","相模ファーストレーン"
"278","CH040363","632","ときわ平 ボウリングセンター"
"279","IB040472","632","スポーレボウル"
"","IB040472","632","スポーレボウル"
"280","KA160271","632","桜ヶ丘ボウリングセンター"
"","KA160271","632","桜ヶ丘ボウリングセンター"
"281","KA020073","631","タチバナボウル"
"282","KA170050","631","伊勢原ボウリングセンター"
"283","TC030434","631","宇都宮第二トーヨーボウル"
"284","NA030262","631","アストロボウル"
"285","SA050020","631","ＳＡＰ草加ボウル"
"286","NA010117","631","新飯田オークラボウル"
"287","NA030340","631","アストロボウル"
"288","IB040001","630","スポーレボウル"
"289","KA040057","630","ムサシボウル"
"290","KA150111","630","相模ファーストレーン"
"","KA150111","630","相模ファーストレーン"
"291","NA050011","630","アピナボウル長野篠ノ井店"
"292","KA070175","630","アカフーボウル"
"","KA070175","630","アカフーボウル"
"293","TK130105","630","ＳＡＰ日野ボウル"
"294","NA020063","630","アピナボウル松本城山店"
"295","CH010061","630","本八幡スターレーン"
"296","CH040254","630","ときわ平 ボウリングセンター"
"297","KA070315","630","アカフーボウル"
"","KA070315","630","アカフーボウル"
"298","KA010487","630","川崎グランドボウル"
"299","IB040049","629","スポーレボウル"
"300","IB030018","629","神栖ボウル"
"301","SA020029","629","所沢スターレーン"
"302","CH040346","629","ときわ平 ボウリングセンター"
"303","NA010121","629","新飯田オークラボウル"
"304","NA050078","629","アピナボウル長野篠ノ井店"
"305","KA040063","628","ムサシボウル"
"306","TK130085","628","ＳＡＰ日野ボウル"
"307","KA040150","628","ムサシボウル"
"308","KA070418","628","アカフーボウル"
"","KA070418","628","アカフーボウル"
"309","IB040408","628","スポーレボウル"
"","IB040408","628","スポーレボウル"
"310","KA040010","627","ムサシボウル"
"311","IB040019","627","スポーレボウル"
"312","NA010018","627","新飯田オークラボウル"
"313","TK130005","627","ＳＡＰ日野ボウル"
"314","TK150012","627","東京ポートボウル"
"315","CH030177","627","富津スターレーン"
"316","CH040311","627","ときわ平 ボウリングセンター"
"317","IB040524","627","スポーレボウル"
"318","TK150051","627","東京ポートボウル"
"319","TC030002","626","宇都宮第二トーヨーボウル"
"320","KA160146","626","桜ヶ丘ボウリングセンター"
"321","NA030278","626","アストロボウル"
"322","SA050030","626","ＳＡＰ草加ボウル"
"323","IB030594","626","神栖ボウル"
"324","KA020054","625","タチバナボウル"
"325","KA010138","625","川崎グランドボウル"
"326","KA010153","625","川崎グランドボウル"
"327","YA040020","625","都留ファミリーボウル"
"328","IB040558","625","スポーレボウル"
"329","TK130097","624","ＳＡＰ日野ボウル"
"330","IB010025","624","勝田パークボウル"
"331","KA040103","624","ムサシボウル"
"332","KA070293","624","アカフーボウル"
"","KA070293","624","アカフーボウル"
"333","KA010269","624","川崎グランドボウル"
"334","YA040023","624","都留ファミリーボウル"
"335","IB100003","624","ジョイナスボウル坂東"
"","IB100003","624","ジョイナスボウル坂東"
"","IB100003","624","ジョイナスボウル坂東"
"336","KA160003","623","桜ヶ丘ボウリングセンター"
"337","KA010151","623","川崎グランドボウル"
"338","TC030220","623","宇都宮第二トーヨーボウル"
"339","IB030078","623","神栖ボウル"
"340","CH040153","623","ときわ平 ボウリングセンター"
"341","NA060049","622","ボウリング王国スポルト岡谷店"
"342","YA040024","622","都留ファミリーボウル"
"343","IB040556","622","スポーレボウル"
"344","KA160062","621","桜ヶ丘ボウリングセンター"
"","KA160062","621","桜ヶ丘ボウリングセンター"
"345","KA140025","621","相模原パークレーンズ"
"346","KA070204","621","アカフーボウル"
"","KA070204","621","アカフーボウル"
"347","NA050036","621","アピナボウル長野篠ノ井店"
"348","SA020068","621","所沢スターレーン"
"349","KA160237","621","桜ヶ丘ボウリングセンター"
"350","KA040195","621","ムサシボウル"
"351","TK060082","620","マルアイボウリング"
"352","KA040109","620","ムサシボウル"
"353","KA040097","620","ムサシボウル"
"354","GU010073","620","桐生スターレーン"
"355","KA040161","620","ムサシボウル"
"356","CH040405","620","ときわ平 ボウリングセンター"
"357","NA010120","620","新飯田オークラボウル"
"358","KA040056","619","ムサシボウル"
"359","SA020028","619","所沢スターレーン"
"360","CH040227","619","ときわ平 ボウリングセンター"
"361","NA060147","619","ボウリング王国スポルト岡谷店"
"362","KA020088","619","タチバナボウル"
"363","NA030237","619","アストロボウル"
"364","TK070202","619","練馬トーホーボール"
"365","NA030292","619","アストロボウル"
"366","KA140066","619","相模原パークレーンズ"
"367","NA060216","619","ボウリング王国スポルト岡谷店"
"368","KA020013","618","タチバナボウル"
"369","IB040005","618","スポーレボウル"
"370","TC030078","618","宇都宮第二トーヨーボウル"
"371","NA010034","618","新飯田オークラボウル"
"372","TC030184","618","宇都宮第二トーヨーボウル"
"373","KA070174","618","アカフーボウル"
"","KA070174","618","アカフーボウル"
"374","NA060090","618","ボウリング王国スポルト岡谷店"
"375","CH030102","618","富津スターレーン"
"376","YA010091","618","ダイトースターレーン双葉"
"377","CH030151","618","富津スターレーン"
"378","KA010278","618","川崎グランドボウル"
"379","CH040331","618","ときわ平 ボウリングセンター"
"380","IB040371","618","スポーレボウル"
"","IB040371","618","スポーレボウル"
"381","KA070550","618","アカフーボウル"
"382","IB040517","618","スポーレボウル"
"383","YA010055","617","ダイトースターレーン双葉"
"384","KA040089","617","ムサシボウル"
"385","TK080023","617","高尾スターレーン"
"386","CH030199","617","富津スターレーン"
"387","NA050064","617","アピナボウル長野篠ノ井店"
"388","CH040465","617","ときわ平 ボウリングセンター"
"389","GU050013","616","ドリームスタジアム太田"
"390","KA020024","616","タチバナボウル"
"391","IB040041","616","スポーレボウル"
"392","TK090056","616","蒲田ＩＭＯＮボウル"
"393","NA060124","616","ボウリング王国スポルト岡谷店"
"394","TK110009","616","笹塚ボウル"
"395","CH020235","616","北小金ボウル"
"396","GU010147","616","桐生スターレーン"
"397","KA070559","616","アカフーボウル"
"398","KA160257","616","桜ヶ丘ボウリングセンター"
"399","KA020050","615","タチバナボウル"
"400","NA010039","615","新飯田オークラボウル"
"401","CH040160","615","ときわ平 ボウリングセンター"
"402","IB030125","615","神栖ボウル"
"403","CH040427","615","ときわ平 ボウリングセンター"
"404","SA020021","614","所沢スターレーン"
"405","YA040013","614","都留ファミリーボウル"
"406","TK130186","614","ＳＡＰ日野ボウル"
"407","CH030212","614","富津スターレーン"
"408","YA010169","614","ダイトースターレーン双葉"
"409","NA030279","614","アストロボウル"
"410","SA050017","614","ＳＡＰ草加ボウル"
"411","IB030438","614","神栖ボウル"
"412","CH040457","614","ときわ平 ボウリングセンター"
"413","KA040012","613","ムサシボウル"
"414","GU030033","613","パークレーン高崎"
"415","KA010186","613","川崎グランドボウル"
"416","TK130146","613","ＳＡＰ日野ボウル"
"417","SA020061","613","所沢スターレーン"
"418","CH040340","613","ときわ平 ボウリングセンター"
"419","IB040323","613","スポーレボウル"
"","IB040323","613","スポーレボウル"
"420","IB030419","613","神栖ボウル"
"421","NA030296","613","アストロボウル"
"422","IB030433","613","神栖ボウル"
"423","TC010108","613","足利スターレーン"
"424","KA040225","613","ムサシボウル"
"","KA040225","613","ムサシボウル"
"425","YA010008","612","ダイトースターレーン双葉"
"426","YA010109","612","ダイトースターレーン双葉"
"","YA010109","612","ダイトースターレーン双葉"
"427","TK150036","612","東京ポートボウル"
"428","CH030217","612","富津スターレーン"
"429","TC010053","612","足利スターレーン"
"430","IB040458","612","スポーレボウル"
"431","SA050024","612","ＳＡＰ草加ボウル"
"432","KA040009","611","ムサシボウル"
"","KA040009","611","ムサシボウル"
"433","KA050006","611","ボウリング王国 スポルト八景店"
"434","GU050020","611","ドリームスタジアム太田"
"435","IB040066","611","スポーレボウル"
"436","IB040129","611","スポーレボウル"
"437","NA030123","611","アストロボウル"
"438","SA020064","611","所沢スターレーン"
"439","KA010263","611","川崎グランドボウル"
"440","CH040365","611","ときわ平 ボウリングセンター"
"441","NA030291","611","アストロボウル"
"442","KA040212","611","ムサシボウル"
"","KA040212","611","ムサシボウル"
"443","KA150144","611","相模ファーストレーン"
"444","CH040445","611","ときわ平 ボウリングセンター"
"445","TK090166","611","蒲田ＩＭＯＮボウル"
"446","NA030362","611","アストロボウル"
"447","NA060239","611","ボウリング王国スポルト岡谷店"
"448","GU050017","610","ドリームスタジアム太田"
"449","KA150008","610","相模ファーストレーン"
"450","KA020051","610","タチバナボウル"
"451","NA010041","610","新飯田オークラボウル"
"452","TK150040","610","東京ポートボウル"
"453","CH040355","610","ときわ平 ボウリングセンター"
"454","KA010486","610","川崎グランドボウル"
"455","IB040532","610","スポーレボウル"
"456","NA030334","610","アストロボウル"
"457","NA060005","609","ボウリング王国スポルト岡谷店"
"458","GU020017","609","エメラルドボウル"
"459","KA040036","609","ムサシボウル"
"460","CH040108","609","ときわ平 ボウリングセンター"
"461","KA020056","609","タチバナボウル"
"462","KA140032","609","相模原パークレーンズ"
"463","TK130194","609","ＳＡＰ日野ボウル"
"464","SA020080","609","所沢スターレーン"
"465","NA030261","609","アストロボウル"
"466","CH020327","609","北小金ボウル"
"467","KA140012","608","相模原パークレーンズ"
"468","IB040133","608","スポーレボウル"
"469","GU010064","608","桐生スターレーン"
"470","TK130116","608","ＳＡＰ日野ボウル"
"471","IB040264","608","スポーレボウル"
"472","CH030167","608","富津スターレーン"
"473","KA010376","608","川崎グランドボウル"
"","KA010376","608","川崎グランドボウル"
"474","IB040367","608","スポーレボウル"
"","IB040367","608","スポーレボウル"
"475","TK050120","608","立川スターレーン"
"476","KA040194","608","ムサシボウル"
"477","CH040024","607","ときわ平 ボウリングセンター"
"478","KA020022","607","タチバナボウル"
"479","NA030032","607","アストロボウル"
"480","KA150013","607","相模ファーストレーン"
"481","IB040094","607","スポーレボウル"
"482","CH040145","607","ときわ平 ボウリングセンター"
"483","CH030109","607","富津スターレーン"
"484","CH030120","607","富津スターレーン"
"485","YA040012","607","都留ファミリーボウル"
"486","KA140033","607","相模原パークレーンズ"
"487","NA050047","607","アピナボウル長野篠ノ井店"
"488","CH040312","607","ときわ平 ボウリングセンター"
"489","GU010115","607","桐生スターレーン"
"490","GU050209","607","ドリームスタジアム太田"
"491","IB040007","606","スポーレボウル"
"492","KA010097","606","川崎グランドボウル"
"493","KA070157","606","アカフーボウル"
"","KA070157","606","アカフーボウル"
"494","IB030154","606","神栖ボウル"
"495","TK130123","606","ＳＡＰ日野ボウル"
"496","IB030210","606","神栖ボウル"
"497","CH040265","606","ときわ平 ボウリングセンター"
"498","IB030212","606","神栖ボウル"
"499","TK090103","606","蒲田ＩＭＯＮボウル"
"500","SA020077","606","所沢スターレーン"
"501","GU030245","606","パークレーン高崎"
"502","TC010056","606","足利スターレーン"
"503","KA070585","606","アカフーボウル"
"504","NA060224","606","ボウリング王国スポルト岡谷店"
"505","GU050019","605","ドリームスタジアム太田"
"506","NA030047","605","アストロボウル"
"507","TK130058","605","ＳＡＰ日野ボウル"
"508","KA010127","605","川崎グランドボウル"
"","KA010127","605","川崎グランドボウル"
"509","KA010149","605","川崎グランドボウル"
"","KA010149","605","川崎グランドボウル"
"510","KA150017","605","相模ファーストレーン"
"","KA150017","605","相模ファーストレーン"
"511","CH040146","605","ときわ平 ボウリングセンター"
"512","CH040169","605","ときわ平 ボウリングセンター"
"513","NA060139","605","ボウリング王国スポルト岡谷店"
"514","IB040383","605","スポーレボウル"
"","IB040383","605","スポーレボウル"
"515","KA040211","605","ムサシボウル"
"516","CH040481","605","ときわ平 ボウリングセンター"
"517","NA050014","604","アピナボウル長野篠ノ井店"
"518","TK130082","604","ＳＡＰ日野ボウル"
"519","IB030123","604","神栖ボウル"
"520","IB040284","604","スポーレボウル"
"521","KA070377","604","アカフーボウル"
"","KA070377","604","アカフーボウル"
"522","NA030253","604","アストロボウル"
"523","SA050014","604","ＳＡＰ草加ボウル"
"524","KA020002","603","タチバナボウル"
"525","CH040106","603","ときわ平 ボウリングセンター"
"526","CH040109","603","ときわ平 ボウリングセンター"
"527","TK060333","603","マルアイボウリング"
"528","CH040251","603","ときわ平 ボウリングセンター"
"529","NA050055","603","アピナボウル長野篠ノ井店"
"530","NA050058","603","アピナボウル長野篠ノ井店"
"531","KA040179","603","ムサシボウル"
"532","IB040391","603","スポーレボウル"
"","IB040391","603","スポーレボウル"
"533","CH020300","603","北小金ボウル"
"534","IB030463","603","神栖ボウル"
"535","TK060081","602","マルアイボウリング"
"536","TK060133","602","マルアイボウリング"
"537","NA010040","602","新飯田オークラボウル"
"538","TK090033","602","蒲田ＩＭＯＮボウル"
"539","IB040176","602","スポーレボウル"
"","IB040176","602","スポーレボウル"
"540","NA030159","602","アストロボウル"
"541","GU030204","602","パークレーン高崎"
"542","TK130242","602","ＳＡＰ日野ボウル"
"543","CH030065","601","富津スターレーン"
"544","TK090043","601","蒲田ＩＭＯＮボウル"
"545","CH040229","601","ときわ平 ボウリングセンター"
"546","GU030179","601","パークレーン高崎"
"547","IB030321","601","神栖ボウル"
"548","GU050176","601","ドリームスタジアム太田"
"549","YA010177","601","ダイトースターレーン双葉"
"550","KA040002","600","ムサシボウル"
"551","KA020027","600","タチバナボウル"
"552","KA070068","600","アカフーボウル"
"","KA070068","600","アカフーボウル"
"553","IB030038","600","神栖ボウル"
"554","GU050071","600","ドリームスタジアム太田"
"555","KA170043","600","伊勢原ボウリングセンター"
"556","CH040200","600","ときわ平 ボウリングセンター"
"557","KA160145","600","桜ヶ丘ボウリングセンター"
"558","IB040247","600","スポーレボウル"
"559","IB030229","600","神栖ボウル"
"560","IB030275","600","神栖ボウル"
"561","CH030200","600","富津スターレーン"
"562","IB040339","600","スポーレボウル"
"563","KA180002","600","厚木ツマダボウル"
"564","TK090152","600","蒲田ＩＭＯＮボウル"
"565","KA110067","600","コロナキャットボウル小田原店"
"566","TC010132","600","足利スターレーン"
"567","KA170019","599","伊勢原ボウリングセンター"
"568","CH040088","599","ときわ平 ボウリングセンター"
"569","NA010035","599","新飯田オークラボウル"
"570","TC030212","599","宇都宮第二トーヨーボウル"
"571","IB040319","599","スポーレボウル"
"572","KA150042","599","相模ファーストレーン"
"573","TK090136","599","蒲田ＩＭＯＮボウル"
"574","KA140057","599","相模原パークレーンズ"
"575","KA070558","599","アカフーボウル"
"576","IB040054","598","スポーレボウル"
"577","KA010106","598","川崎グランドボウル"
"578","KA150114","598","相模ファーストレーン"
"579","TC030234","598","宇都宮第二トーヨーボウル"
"580","KA040090","598","ムサシボウル"
"581","TK060345","598","マルアイボウリング"
"582","CH030152","598","富津スターレーン"
"583","IB040238","598","スポーレボウル"
"584","NA030173","598","アストロボウル"
"585","KA040142","598","ムサシボウル"
"586","TC030472","598","宇都宮第二トーヨーボウル"
"587","CH030224","598","富津スターレーン"
"588","NA010111","598","新飯田オークラボウル"
"589","NA010119","598","新飯田オークラボウル"
"590","TC010109","598","足利スターレーン"
"591","KA040226","598","ムサシボウル"
"","KA040226","598","ムサシボウル"
"592","KA160267","598","桜ヶ丘ボウリングセンター"
"593","KA180007","598","厚木ツマダボウル"
"594","NA040021","597","アピナボウル安曇野店"
"595","TK130090","597","ＳＡＰ日野ボウル"
"596","KA160132","597","桜ヶ丘ボウリングセンター"
"","KA160132","597","桜ヶ丘ボウリングセンター"
"597","KA040101","597","ムサシボウル"
"598","KA070295","597","アカフーボウル"
"","KA070295","597","アカフーボウル"
"599","IB040251","597","スポーレボウル"
"","IB040251","597","スポーレボウル"
"600","NA060140","597","ボウリング王国スポルト岡谷店"
"601","KA040168","597","ムサシボウル"
"602","CH040439","597","ときわ平 ボウリングセンター"
"603","SA020090","597","所沢スターレーン"
"604","GU030011","596","パークレーン高崎"
"605","GU040018","596","藤岡ボウル"
"606","KA010057","596","川崎グランドボウル"
"607","KA070065","596","アカフーボウル"
"","KA070065","596","アカフーボウル"
"608","KA020039","596","タチバナボウル"
"609","TC030089","596","宇都宮第二トーヨーボウル"
"610","CH030105","596","富津スターレーン"
"611","CH040190","596","ときわ平 ボウリングセンター"
"612","TK090072","596","蒲田ＩＭＯＮボウル"
"613","IB040252","596","スポーレボウル"
"614","CH040259","596","ときわ平 ボウリングセンター"
"615","NA030185","596","アストロボウル"
"616","IB030239","596","神栖ボウル"
"617","GU050161","596","ドリームスタジアム太田"
"618","TK050082","596","立川スターレーン"
"619","TK090138","596","蒲田ＩＭＯＮボウル"
"620","KA040198","596","ムサシボウル"
"621","TK130215","596","ＳＡＰ日野ボウル"
"622","GU020255","596","エメラルドボウル"
"623","CH040022","595","ときわ平 ボウリングセンター"
"624","IB010010","595","勝田パークボウル"
"625","KA010039","595","川崎グランドボウル"
"626","KA040080","595","ムサシボウル"
"627","CH040196","595","ときわ平 ボウリングセンター"
"628","YA010100","595","ダイトースターレーン双葉"
"629","KA040094","595","ムサシボウル"
"630","CH030128","595","富津スターレーン"
"631","KA010228","595","川崎グランドボウル"
"","KA010228","595","川崎グランドボウル"
"632","TC030265","595","宇都宮第二トーヨーボウル"
"633","TC030382","595","宇都宮第二トーヨーボウル"
"634","IB040295","595","スポーレボウル"
"635","GU030208","595","パークレーン高崎"
"636","SA050012","595","ＳＡＰ草加ボウル"
"637","NA030244","595","アストロボウル"
"638","KA070113","594","アカフーボウル"
"","KA070113","594","アカフーボウル"
"639","TC030250","594","宇都宮第二トーヨーボウル"
"640","KA070237","594","アカフーボウル"
"","KA070237","594","アカフーボウル"
"641","KA160138","594","桜ヶ丘ボウリングセンター"
"642","YA010113","594","ダイトースターレーン双葉"
"643","CH040268","594","ときわ平 ボウリングセンター"
"644","GU030212","594","パークレーン高崎"
"645","YA040036","594","都留ファミリーボウル"
"646","TK090144","594","蒲田ＩＭＯＮボウル"
"647","CH040440","594","ときわ平 ボウリングセンター"
"648","CH010020","593","本八幡スターレーン"
"649","IB030024","593","神栖ボウル"
"650","TK130053","593","ＳＡＰ日野ボウル"
"651","KA010133","593","川崎グランドボウル"
"652","IB040121","593","スポーレボウル"
"653","NA030106","593","アストロボウル"
"654","GU050103","593","ドリームスタジアム太田"
"655","IB040187","593","スポーレボウル"
"","IB040187","593","スポーレボウル"
"656","SA020057","593","所沢スターレーン"
"657","KA010300","593","川崎グランドボウル"
"658","TK140042","593","池袋ロサボウル"
"659","CH030230","593","富津スターレーン"
"660","IB030002","592","神栖ボウル"
"661","CH030057","592","富津スターレーン"
"662","KA150123","592","相模ファーストレーン"
"663","KA040066","592","ムサシボウル"
"664","CH040209","592","ときわ平 ボウリングセンター"
"665","KA040100","592","ムサシボウル"
"666","KA010244","592","川崎グランドボウル"
"667","IB040291","592","スポーレボウル"
"668","NA030217","592","アストロボウル"
"669","KA020093","592","タチバナボウル"
"670","TC030421","592","宇都宮第二トーヨーボウル"
"671","CH040325","592","ときわ平 ボウリングセンター"
"672","SA050029","592","ＳＡＰ草加ボウル"
"673","KA020025","591","タチバナボウル"
"674","KA010056","591","川崎グランドボウル"
"675","NA030058","591","アストロボウル"
"676","NA020038","591","アピナボウル松本城山店"
"","NA020038","591","アピナボウル松本城山店"
"677","NA010055","591","新飯田オークラボウル"
"678","KA170045","591","伊勢原ボウリングセンター"
"679","TC030215","591","宇都宮第二トーヨーボウル"
"680","KA020058","591","タチバナボウル"
"681","NA040032","591","アピナボウル安曇野店"
"682","TK070132","591","練馬トーホーボール"
"683","KA150129","591","相模ファーストレーン"
"684","GU050131","591","ドリームスタジアム太田"
"685","CH040250","591","ときわ平 ボウリングセンター"
"686","KA020094","591","タチバナボウル"
"687","GU010128","591","桐生スターレーン"
"688","IB040381","591","スポーレボウル"
"689","SA020085","591","所沢スターレーン"
"690","KA160258","591","桜ヶ丘ボウリングセンター"
"691","IB040478","591","スポーレボウル"
"692","IB030554","591","神栖ボウル"
"693","NA030348","591","アストロボウル"
"694","TK070036","590","練馬トーホーボール"
"695","CH040152","590","ときわ平 ボウリングセンター"
"696","SA130004","590","アイビーボウル越谷"
"697","CH040216","590","ときわ平 ボウリングセンター"
"698","CH040281","590","ときわ平 ボウリングセンター"
"699","IB030238","590","神栖ボウル"
"700","TC030422","590","宇都宮第二トーヨーボウル"
"701","TK130183","590","ＳＡＰ日野ボウル"
"702","GU050147","590","ドリームスタジアム太田"
"703","CH040378","590","ときわ平 ボウリングセンター"
"704","KA150047","590","相模ファーストレーン"
"705","IB010038","590","勝田パークボウル"
"706","SA050019","590","ＳＡＰ草加ボウル"
"707","KA070541","590","アカフーボウル"
"708","TC030010","589","宇都宮第二トーヨーボウル"
"709","KA040025","589","ムサシボウル"
"710","NA060038","589","ボウリング王国スポルト岡谷店"
"711","NA030150","589","アストロボウル"
"712","CH030154","589","富津スターレーン"
"713","IB030224","589","神栖ボウル"
"714","IB030301","589","神栖ボウル"
"715","IB040340","589","スポーレボウル"
"716","GU050181","589","ドリームスタジアム太田"
"717","CH020290","589","北小金ボウル"
"718","NA030322","589","アストロボウル"
"719","NA060072","588","ボウリング王国スポルト岡谷店"
"720","NA060113","588","ボウリング王国スポルト岡谷店"
"721","KA010275","588","川崎グランドボウル"
"722","IB040352","588","スポーレボウル"
"","IB040352","588","スポーレボウル"
"723","IB100008","588","ジョイナスボウル坂東"
"","IB100008","588","ジョイナスボウル坂東"
"724","IB030365","588","神栖ボウル"
"725","IB040440","588","スポーレボウル"
"726","NA010127","588","新飯田オークラボウル"
"727","KA110066","588","コロナキャットボウル小田原店"
"728","CH040516","588","ときわ平 ボウリングセンター"
"729","YA010021","587","ダイトースターレーン双葉"
"730","KA040028","587","ムサシボウル"
"731","CH040221","587","ときわ平 ボウリングセンター"
"732","IB040220","587","スポーレボウル"
"","IB040220","587","スポーレボウル"
"733","CH040282","587","ときわ平 ボウリングセンター"
"734","GU050162","587","ドリームスタジアム太田"
"735","KA070556","587","アカフーボウル"
"736","IB030514","587","神栖ボウル"
"737","CH040502","587","ときわ平 ボウリングセンター"
"738","KA010018","586","川崎グランドボウル"
"739","CH040120","586","ときわ平 ボウリングセンター"
"740","YA010073","586","ダイトースターレーン双葉"
"741","TC030281","586","宇都宮第二トーヨーボウル"
"742","CH040310","586","ときわ平 ボウリングセンター"
"743","CH040396","586","ときわ平 ボウリングセンター"
"744","NA010109","586","新飯田オークラボウル"
"745","SA020088","586","所沢スターレーン"
"746","KA150145","586","相模ファーストレーン"
"747","NA050079","586","アピナボウル長野篠ノ井店"
"748","CH040041","585","ときわ平 ボウリングセンター"
"749","SA020011","585","所沢スターレーン"
"750","TK070039","585","練馬トーホーボール"
"751","KA040514","585","ムサシボウル"
"752","KA020059","585","タチバナボウル"
"753","NA060103","585","ボウリング王国スポルト岡谷店"
"754","IB030137","585","神栖ボウル"
"755","TK060336","585","マルアイボウリング"
"756","NA010085","585","新飯田オークラボウル"
"757","TC030383","585","宇都宮第二トーヨーボウル"
"758","IB040350","585","スポーレボウル"
"","IB040350","585","スポーレボウル"
"759","NA030256","585","アストロボウル"
"760","TC010057","585","足利スターレーン"
"761","IB030377","585","神栖ボウル"
"762","GU050189","585","ドリームスタジアム太田"
"763","NA050072","585","アピナボウル長野篠ノ井店"
"764","IB030023","584","神栖ボウル"
"765","IB040058","584","スポーレボウル"
"766","KA040068","584","ムサシボウル"
"767","IB030105","584","神栖ボウル"
"768","CH040255","584","ときわ平 ボウリングセンター"
"769","CH030214","584","富津スターレーン"
"770","GU030237","584","パークレーン高崎"
"771","TC010022","584","足利スターレーン"
"772","IB030330","584","神栖ボウル"
"773","KA070477","584","アカフーボウル"
"","KA070477","584","アカフーボウル"
"774","IB040479","584","スポーレボウル"
"775","KA070592","584","アカフーボウル"
"776","NA030052","583","アストロボウル"
"777","GU050051","583","ドリームスタジアム太田"
"778","NA030083","583","アストロボウル"
"779","CH040225","583","ときわ平 ボウリングセンター"
"780","SA020069","583","所沢スターレーン"
"781","TC030370","583","宇都宮第二トーヨーボウル"
"782","CH040278","583","ときわ平 ボウリングセンター"
"783","KA160163","583","桜ヶ丘ボウリングセンター"
"","KA160163","583","桜ヶ丘ボウリングセンター"
"784","NA040037","583","アピナボウル安曇野店"
"785","TC010012","583","足利スターレーン"
"786","KA040178","583","ムサシボウル"
"787","KA070471","583","アカフーボウル"
"","KA070471","583","アカフーボウル"
"788","IB040443","583","スポーレボウル"
"789","NA060222","583","ボウリング王国スポルト岡谷店"
"790","KA160002","582","桜ヶ丘ボウリングセンター"
"791","KA160048","582","桜ヶ丘ボウリングセンター"
"792","IB030055","582","神栖ボウル"
"793","CH030139","582","富津スターレーン"
"794","IB040269","582","スポーレボウル"
"795","KA040523","582","ムサシボウル"
"796","CH030221","582","富津スターレーン"
"797","NA030336","582","アストロボウル"
"798","SA050031","582","ＳＡＰ草加ボウル"
"799","KA070066","581","アカフーボウル"
"800","KA040053","581","ムサシボウル"
"801","CH010064","581","本八幡スターレーン"
"802","IB030196","581","神栖ボウル"
"803","GU050122","581","ドリームスタジアム太田"
"804","KA110045","581","コロナキャットボウル小田原店"
"805","NA060200","581","ボウリング王国スポルト岡谷店"
"806","IB010050","581","勝田パークボウル"
"807","NA030333","581","アストロボウル"
"808","CH040018","580","ときわ平 ボウリングセンター"
"809","TC030021","580","宇都宮第二トーヨーボウル"
"810","KA010051","580","川崎グランドボウル"
"811","KA160016","580","桜ヶ丘ボウリングセンター"
"812","CH040095","580","ときわ平 ボウリングセンター"
"813","IB030035","580","神栖ボウル"
"814","GU020026","580","エメラルドボウル"
"815","KA150022","580","相模ファーストレーン"
"","KA150022","580","相模ファーストレーン"
"816","CH020187","580","北小金ボウル"
"817","NA030176","580","アストロボウル"
"818","TK090086","580","蒲田ＩＭＯＮボウル"
"819","SA020073","580","所沢スターレーン"
"820","IB030283","580","神栖ボウル"
"821","KA040165","580","ムサシボウル"
"822","KA040162","580","ムサシボウル"
"823","TK130187","580","ＳＡＰ日野ボウル"
"824","TK140047","580","池袋ロサボウル"
"825","TK080026","580","高尾スターレーン"
"826","KA110043","580","コロナキャットボウル小田原店"
"827","TK050122","580","立川スターレーン"
"828","GU010146","580","桐生スターレーン"
"829","KA170061","580","伊勢原ボウリングセンター"
"830","NA010123","580","新飯田オークラボウル"
"831","NA030304","580","アストロボウル"
"832","KA040244","580","ムサシボウル"
"833","IB030555","580","神栖ボウル"
"834","TC030012","579","宇都宮第二トーヨーボウル"
"835","KA010163","579","川崎グランドボウル"
"836","KA040064","579","ムサシボウル"
"837","CH040159","579","ときわ平 ボウリングセンター"
"838","TK070149","579","練馬トーホーボール"
"839","KA010319","579","川崎グランドボウル"
"840","CH030194","579","富津スターレーン"
"841","KA160185","579","桜ヶ丘ボウリングセンター"
"842","KA070449","579","アカフーボウル"
"","KA070449","579","アカフーボウル"
"843","CH020304","579","北小金ボウル"
"844","NA030303","579","アストロボウル"
"845","TK060295","579","マルアイボウリング"
"846","NA030311","579","アストロボウル"
"847","NA060221","579","ボウリング王国スポルト岡谷店"
"848","IB010057","579","勝田パークボウル"
"849","IB040050","578","スポーレボウル"
"850","CH040091","578","ときわ平 ボウリングセンター"
"851","IB030041","578","神栖ボウル"
"852","GU050125","578","ドリームスタジアム太田"
"853","IB040240","578","スポーレボウル"
"854","NA010086","578","新飯田オークラボウル"
"855","TK130188","578","ＳＡＰ日野ボウル"
"856","KA110017","578","コロナキャットボウル小田原店"
"857","KA100004","578","寒川セントラルボウル"
"858","NA030245","578","アストロボウル"
"859","KA010404","578","川崎グランドボウル"
"","KA010404","578","川崎グランドボウル"
"860","IB030556","578","神栖ボウル"
"861","CH040541","578","ときわ平 ボウリングセンター"
"862","CH040553","578","ときわ平 ボウリングセンター"
"863","CH040011","577","ときわ平 ボウリングセンター"
"864","KA040033","577","ムサシボウル"
"865","KA020047","577","タチバナボウル"
"866","NA020026","577","アピナボウル松本城山店"
"867","SA020024","577","所沢スターレーン"
"868","YA010101","577","ダイトースターレーン双葉"
"869","GU010068","577","桐生スターレーン"
"870","KA160152","577","桜ヶ丘ボウリングセンター"
"","KA160152","577","桜ヶ丘ボウリングセンター"
"871","KA010342","577","川崎グランドボウル"
"872","KA070416","577","アカフーボウル"
"","KA070416","577","アカフーボウル"
"873","KA180004","577","厚木ツマダボウル"
"874","KA070534","577","アカフーボウル"
"875","KA010419","577","川崎グランドボウル"
"876","CH040442","577","ときわ平 ボウリングセンター"
"877","IB030470","577","神栖ボウル"
"878","CH040467","577","ときわ平 ボウリングセンター"
"879","KA040240","577","ムサシボウル"
"880","IB040533","577","スポーレボウル"
"881","TC030147","576","宇都宮第二トーヨーボウル"
"882","CH020124","576","北小金ボウル"
"883","IB040146","576","スポーレボウル"
"","IB040146","576","スポーレボウル"
"884","CH030121","576","富津スターレーン"
"885","NA050037","576","アピナボウル長野篠ノ井店"
"886","CH040238","576","ときわ平 ボウリングセンター"
"887","IB030308","576","神栖ボウル"
"888","KA040197","576","ムサシボウル"
"889","CH030234","576","富津スターレーン"
"890","KA010003","575","川崎グランドボウル"
"891","TK060261","575","マルアイボウリング"
"445","TK060083","575","マルアイボウリング"
"892","GU030045","575","パークレーン高崎"
"893","KA070109","575","アカフーボウル"
"","KA070109","575","アカフーボウル"
"894","SA020067","575","所沢スターレーン"
"895","CH020284","575","北小金ボウル"
"896","KA160254","575","桜ヶ丘ボウリングセンター"
"897","IB040474","575","スポーレボウル"
"898","KA040231","575","ムサシボウル"
"899","TK090180","575","蒲田ＩＭＯＮボウル"
"900","KA160049","574","桜ヶ丘ボウリングセンター"
"901","IB030033","574","神栖ボウル"
"902","CH040114","574","ときわ平 ボウリングセンター"
"903","KA040096","574","ムサシボウル"
"904","CH040256","574","ときわ平 ボウリングセンター"
"905","CH040314","574","ときわ平 ボウリングセンター"
"906","YA040022","574","都留ファミリーボウル"
"907","CH040397","574","ときわ平 ボウリングセンター"
"908","CH010097","574","本八幡スターレーン"
"","CH010097","574","本八幡スターレーン"
"909","YA040032","574","都留ファミリーボウル"
"910","KA070486","574","アカフーボウル"
"","KA070486","574","アカフーボウル"
"911","KA070557","574","アカフーボウル"
"912","TC010146","574","足利スターレーン"
"913","NA030341","574","アストロボウル"
"914","NA030349","574","アストロボウル"
"915","SA050028","574","ＳＡＰ草加ボウル"
"916","KA020021","573","タチバナボウル"
"917","CH040096","573","ときわ平 ボウリングセンター"
"918","KA010150","573","川崎グランドボウル"
"919","CH010045","573","本八幡スターレーン"
"920","NA020062","573","アピナボウル松本城山店"
"921","IB010021","573","勝田パークボウル"
"922","TK060332","573","マルアイボウリング"
"923","GU030118","573","パークレーン高崎"
"924","CH040193","573","ときわ平 ボウリングセンター"
"925","TC030276","573","宇都宮第二トーヨーボウル"
"926","KA070322","573","アカフーボウル"
"","KA070322","573","アカフーボウル"
"927","KA040160","573","ムサシボウル"
"928","TK050088","573","立川スターレーン"
"929","TK050113","573","立川スターレーン"
"930","KA010349","573","川崎グランドボウル"
"931","TK090119","573","蒲田ＩＭＯＮボウル"
"932","TK070204","573","練馬トーホーボール"
"","NA060182","573","ボウリング王国スポルト岡谷店"
"933","NA060182","573","ボウリング王国スポルト岡谷店"
"934","CH040454","573","ときわ平 ボウリングセンター"
"935","KA160265","573","桜ヶ丘ボウリングセンター"
"936","IB010049","573","勝田パークボウル"
"937","KA040017","572","ムサシボウル"
"938","KA040015","572","ムサシボウル"
"939","KA150006","572","相模ファーストレーン"
"940","SA020017","572","所沢スターレーン"
"941","KA160053","572","桜ヶ丘ボウリングセンター"
"942","KA070165","572","アカフーボウル"
"","KA070165","572","アカフーボウル"
"943","CH040142","572","ときわ平 ボウリングセンター"
"944","CH040199","572","ときわ平 ボウリングセンター"
"945","IB030142","572","神栖ボウル"
"946","TC030248","572","宇都宮第二トーヨーボウル"
"947","KA070254","572","アカフーボウル"
"","KA070254","572","アカフーボウル"
"948","CH040226","572","ときわ平 ボウリングセンター"
"949","GU020129","572","エメラルドボウル"
"950","TK050019","572","立川スターレーン"
"951","KA070364","572","アカフーボウル"
"","KA070364","572","アカフーボウル"
"952","KA020083","572","タチバナボウル"
"953","TK050081","572","立川スターレーン"
"954","KA040193","572","ムサシボウル"
"955","TK050139","572","立川スターレーン"
"956","IB040450","572","スポーレボウル"
"957","KA070555","572","アカフーボウル"
"958","TK070246","572","練馬トーホーボール"
"959","IB040506","572","スポーレボウル"
"960","CH030053","571","富津スターレーン"
"961","KA070119","571","アカフーボウル"
"","KA070119","571","アカフーボウル"
"962","KA010125","571","川崎グランドボウル"
"","KA010125","571","川崎グランドボウル"
"963","KA140020","571","相模原パークレーンズ"
"964","NA050032","571","アピナボウル長野篠ノ井店"
"965","NA030158","571","アストロボウル"
"966","IB040219","571","スポーレボウル"
"","IB040219","571","スポーレボウル"
"967","KA070346","571","アカフーボウル"
"","KA070346","571","アカフーボウル"
"968","KA150033","571","相模ファーストレーン"
"969","CH040306","571","ときわ平 ボウリングセンター"
"970","KA020096","571","タチバナボウル"
"971","CH030218","571","富津スターレーン"
"972","KA150046","571","相模ファーストレーン"
"973","CH030228","571","富津スターレーン"
"974","TK090146","571","蒲田ＩＭＯＮボウル"
"975","IB030484","571","神栖ボウル"
"976","NA030319","571","アストロボウル"
"977","TC010134","571","足利スターレーン"
"978","NA050082","571","アピナボウル長野篠ノ井店"
"979","CH030041","570","富津スターレーン"
"980","NA060035","570","ボウリング王国スポルト岡谷店"
"981","KA160065","570","桜ヶ丘ボウリングセンター"
"","KA160065","570","桜ヶ丘ボウリングセンター"
"982","GU030102","570","パークレーン高崎"
"983","GU040100","570","藤岡ボウル"
"984","GU010054","570","桐生スターレーン"
"985","KA140031","570","相模原パークレーンズ"
"986","NA050043","570","アピナボウル長野篠ノ井店"
"987","KA040141","570","ムサシボウル"
"988","KA070428","570","アカフーボウル"
"","KA070428","570","アカフーボウル"
"989","IB030327","570","神栖ボウル"
"990","NA060203","570","ボウリング王国スポルト岡谷店"
"991","KA070619","570","アカフーボウル"
"","KA070619","570","アカフーボウル"
"992","IB030536","570","神栖ボウル"
"993","TK090179","570","蒲田ＩＭＯＮボウル"
"994","KA040011","569","ムサシボウル"
"995","CH040057","569","ときわ平 ボウリングセンター"
"996","KA160043","569","桜ヶ丘ボウリングセンター"
"997","GU030050","569","パークレーン高崎"
"998","KA010117","569","川崎グランドボウル"
"999","CH040122","569","ときわ平 ボウリングセンター"
"1000","KA010219","569","川崎グランドボウル"
"1001","TK060335","569","マルアイボウリング"
"1002","TK140017","569","池袋ロサボウル"
"1003","GU030144","569","パークレーン高崎"
"1004","KA010267","569","川崎グランドボウル"
"1005","IB030511","569","神栖ボウル"
"1006","NA030320","569","アストロボウル"
"1007","TK070271","569","練馬トーホーボール"
"1008","KA040013","568","ムサシボウル"
"1009","NA030072","568","アストロボウル"
"1010","CH040132","568","ときわ平 ボウリングセンター"
"1011","YA010110","568","ダイトースターレーン双葉"
"1012","YA010112","568","ダイトースターレーン双葉"
"1013","GU020149","568","エメラルドボウル"
"1014","IB010027","568","勝田パークボウル"
"1015","NA040035","568","アピナボウル安曇野店"
"1016","CH040307","568","ときわ平 ボウリングセンター"
"1017","KA160213","568","桜ヶ丘ボウリングセンター"
"1018","KA070505","568","アカフーボウル"
"1019","SA050018","568","ＳＡＰ草加ボウル"
"1020","CH030229","568","富津スターレーン"
"1021","KA070529","568","アカフーボウル"
"1022","CH040449","568","ときわ平 ボウリングセンター"
"1023","CH040523","568","ときわ平 ボウリングセンター"
"1024","CH030002","567","富津スターレーン"
"1025","CH040006","567","ときわ平 ボウリングセンター"
"1026","KA010012","567","川崎グランドボウル"
"1027","KA160008","567","桜ヶ丘ボウリングセンター"
"1028","IB030032","567","神栖ボウル"
"1029","NA050010","567","アピナボウル長野篠ノ井店"
"1030","NA030070","567","アストロボウル"
"1031","CH020121","567","北小金ボウル"
"1032","KA010132","567","川崎グランドボウル"
"1033","TK070065","567","練馬トーホーボール"
"1034","IB040195","567","スポーレボウル"
"","IB040195","567","スポーレボウル"
"1035","GU030178","567","パークレーン高崎"
"1036","KA160219","567","桜ヶ丘ボウリングセンター"
"1037","KA040540","567","ムサシボウル"
"","KA040540","567","ムサシボウル"
"1038","TK070257","567","練馬トーホーボール"
"1039","NA060236","567","ボウリング王国スポルト岡谷店"
"1040","KA010059","566","川崎グランドボウル"
"1041","TC030030","566","宇都宮第二トーヨーボウル"
"1042","YA010061","566","ダイトースターレーン双葉"
"1043","TK150011","566","東京ポートボウル"
"1044","GU030124","566","パークレーン高崎"
"1045","KA020076","566","タチバナボウル"
"1046","NA030163","566","アストロボウル"
"1047","TK090073","566","蒲田ＩＭＯＮボウル"
"1048","TK130192","566","ＳＡＰ日野ボウル"
"1049","KA160218","566","桜ヶ丘ボウリングセンター"
"1050","CH040403","566","ときわ平 ボウリングセンター"
"1051","IB040423","566","スポーレボウル"
"","IB040423","566","スポーレボウル"
"1052","KA160011","565","桜ヶ丘ボウリングセンター"
"1053","CH020021","565","北小金ボウル"
"1054","CH040085","565","ときわ平 ボウリングセンター"
"1055","KA050008","565","ボウリング王国 スポルト八景店"
"1056","CH030059","565","富津スターレーン"
"1057","TK060249","565","マルアイボウリング"
"1058","IB040134","565","スポーレボウル"
"1059","IB040142","565","スポーレボウル"
"1060","SA020038","565","所沢スターレーン"
"1061","TK080013","565","高尾スターレーン"
"1062","SA020070","565","所沢スターレーン"
"1063","IB030245","565","神栖ボウル"
"1064","TC030401","565","宇都宮第二トーヨーボウル"
"1065","TK130184","565","ＳＡＰ日野ボウル"
"1066","CH010029","565","本八幡スターレーン"
"1067","CH030227","565","富津スターレーン"
"1068","NA030298","565","アストロボウル"
"1069","NA050083","565","アピナボウル長野篠ノ井店"
"1070","KA070060","564","アカフーボウル"
"","KA070060","564","アカフーボウル"
"1071","SA020012","564","所沢スターレーン"
"1072","KA140003","564","相模原パークレーンズ"
"1073","CH040125","564","ときわ平 ボウリングセンター"
"1074","KA040076","564","ムサシボウル"
"1075","CH030141","564","富津スターレーン"
"1076","IB030168","564","神栖ボウル"
"1077","IB040206","564","スポーレボウル"
"","IB040206","564","スポーレボウル"
"1078","KA070343","564","アカフーボウル"
"","KA070343","564","アカフーボウル"
"1079","IB010051","564","勝田パークボウル"
"1080","TK080056","564","高尾スターレーン"
"1081","KA070613","564","アカフーボウル"
"","KA070613","564","アカフーボウル"
"1082","TC010152","564","足利スターレーン"
"1083","IB040544","564","スポーレボウル"
"","IB040544","564","スポーレボウル"
"1084","IB010012","563","勝田パークボウル"
"1085","KA020028","563","タチバナボウル"
"1086","YA010035","563","ダイトースターレーン双葉"
"1087","KA020035","563","タチバナボウル"
"1088","KA070090","563","アカフーボウル"
"","KA070090","563","アカフーボウル"
"1089","NA010033","563","新飯田オークラボウル"
"1090","GU020042","563","エメラルドボウル"
"1091","CH020136","563","北小金ボウル"
"1092","KA160058","563","桜ヶ丘ボウリングセンター"
"","KA160058","563","桜ヶ丘ボウリングセンター"
"1093","CH030095","563","富津スターレーン"
"1094","CH030110","563","富津スターレーン"
"1095","IB030179","563","神栖ボウル"
"1096","KA040522","563","ムサシボウル"
"1097","IB040282","563","スポーレボウル"
"1098","KA040151","563","ムサシボウル"
"1099","GU040200","563","藤岡ボウル"
"1100","IB040335","563","スポーレボウル"
"1101","CH040373","563","ときわ平 ボウリングセンター"
"1102","TK140054","563","池袋ロサボウル"
"1103","IB040369","563","スポーレボウル"
"","IB040369","563","スポーレボウル"
"1104","TK080024","563","高尾スターレーン"
"1105","SA050015","563","ＳＡＰ草加ボウル"
"1106","NA030287","563","アストロボウル"
"1107","GU050179","563","ドリームスタジアム太田"
"","KA160272","563","桜ヶ丘ボウリングセンター"
"1108","IB010052","563","勝田パークボウル"
"1109","CH040542","563","ときわ平 ボウリングセンター"
"1110","KA110080","563","コロナキャットボウル小田原店"
"1111","KA040021","562","ムサシボウル"
"1112","TK070034","562","練馬トーホーボール"
"1113","KA040516","562","ムサシボウル"
"1114","CH030067","562","富津スターレーン"
"1115","KA030001","562","サギヌマボウル"
"1116","TK060237","562","マルアイボウリング"
"1117","GU010075","562","桐生スターレーン"
"1118","KA070287","562","アカフーボウル"
"","KA070287","562","アカフーボウル"
"1119","IB030273","562","神栖ボウル"
"1120","SA020075","562","所沢スターレーン"
"1121","KA070391","562","アカフーボウル"
"","KA070391","562","アカフーボウル"
"1122","KA040171","562","ムサシボウル"
"1123","KA070509","562","アカフーボウル"
"1124","KA110052","562","コロナキャットボウル小田原店"
"1125","TK090151","562","蒲田ＩＭＯＮボウル"
"1126","GU030285","562","パークレーン高崎"
"1127","NA010006","561","新飯田オークラボウル"
"1128","YA010023","561","ダイトースターレーン双葉"
"1129","TK060308","561","マルアイボウリング"
"1130","GU050018","561","ドリームスタジアム太田"
"1131","NA060033","561","ボウリング王国スポルト岡谷店"
"1132","KA020044","561","タチバナボウル"
"1133","KA010141","561","川崎グランドボウル"
"1134","IB030143","561","神栖ボウル"
"1135","TK070114","561","練馬トーホーボール"
"1136","CH040258","561","ときわ平 ボウリングセンター"
"1137","NA030184","561","アストロボウル"
"1138","KA160167","561","桜ヶ丘ボウリングセンター"
"","KA160167","561","桜ヶ丘ボウリングセンター"
"1139","GU010108","561","桐生スターレーン"
"1140","TK060216","561","マルアイボウリング"
"1141","TC010063","561","足利スターレーン"
"1142","KA040213","561","ムサシボウル"
"","KA040213","561","ムサシボウル"
"1143","KA070538","561","アカフーボウル"
"1144","NA040042","561","アピナボウル安曇野店"
"1145","KA010037","560","川崎グランドボウル"
"","KA010037","560","川崎グランドボウル"
"1146","IB010003","560","勝田パークボウル"
"1147","KA170005","560","伊勢原ボウリングセンター"
"1148","NA060022","560","ボウリング王国スポルト岡谷店"
"1149","KA070064","560","アカフーボウル"
"","KA070064","560","アカフーボウル"
"1150","KA050007","560","ボウリング王国 スポルト八景店"
"1151","IB040059","560","スポーレボウル"
"1152","KA040067","560","ムサシボウル"
"1153","CH040161","560","ときわ平 ボウリングセンター"
"1154","GU030121","560","パークレーン高崎"
"1155","KA010227","560","川崎グランドボウル"
"","KA010227","560","川崎グランドボウル"
"1156","KA040117","560","ムサシボウル"
"1157","TC030316","560","宇都宮第二トーヨーボウル"
"1158","KA010265","560","川崎グランドボウル"
"1159","KA070317","560","アカフーボウル"
"","KA070317","560","アカフーボウル"
"1160","GU030187","560","パークレーン高崎"
"1161","TC030380","560","宇都宮第二トーヨーボウル"
"1162","IB030303","560","神栖ボウル"
"1163","TK060038","560","マルアイボウリング"
"1164","KA100005","560","寒川セントラルボウル"
"1165","CH020291","560","北小金ボウル"
"1166","IB040431","560","スポーレボウル"
"1167","KA040229","560","ムサシボウル"
"","KA040229","560","ムサシボウル"
"1168","TK060160","560","マルアイボウリング"
"1169","NA060017","559","ボウリング王国スポルト岡谷店"
"1170","IB030016","559","神栖ボウル"
"1171","TK070023","559","練馬トーホーボール"
"1172","IB030037","559","神栖ボウル"
"1173","NA030053","559","アストロボウル"
"1174","TC030101","559","宇都宮第二トーヨーボウル"
"1175","KA070147","559","アカフーボウル"
"","KA070147","559","アカフーボウル"
"1176","IB040131","559","スポーレボウル"
"1177","KA070191","559","アカフーボウル"
"","KA070191","559","アカフーボウル"
"1178","IB030121","559","神栖ボウル"
"1179","KA160118","559","桜ヶ丘ボウリングセンター"
"1180","IB030136","559","神栖ボウル"
"1181","CH040202","559","ときわ平 ボウリングセンター"
"1182","CH040213","559","ときわ平 ボウリングセンター"
"1183","NA030153","559","アストロボウル"
"1184","KA070294","559","アカフーボウル"
"","KA070294","559","アカフーボウル"
"1185","KA040147","559","ムサシボウル"
"1186","GU010112","559","桐生スターレーン"
"1187","CH040352","559","ときわ平 ボウリングセンター"
"1188","TK060364","559","マルアイボウリング"
"1189","SA020079","559","所沢スターレーン"
"1190","KA130014","559","ボウリング王国 スポルト横須賀店"
"1191","IB030380","559","神栖ボウル"
"1192","KA180006","559","厚木ツマダボウル"
"1193","KA070008","558","アカフーボウル"
"1194","CH040021","558","ときわ平 ボウリングセンター"
"1195","CH010017","558","本八幡スターレーン"
"1196","TC030237","558","宇都宮第二トーヨーボウル"
"1197","KA070233","558","アカフーボウル"
"","KA070233","558","アカフーボウル"
"1198","KA040099","558","ムサシボウル"
"1199","TK060074","558","マルアイボウリング"
"1200","GU010091","558","桐生スターレーン"
"1201","KA050022","558","ボウリング王国 スポルト八景店"
"1202","KA160168","558","桜ヶ丘ボウリングセンター"
"","KA160168","558","桜ヶ丘ボウリングセンター"
"1203","YA010141","558","ダイトースターレーン双葉"
"1204","GU050149","558","ドリームスタジアム太田"
"1205","KA110023","558","コロナキャットボウル小田原店"
"1206","KA040543","558","ムサシボウル"
"1207","KA040215","558","ムサシボウル"
"","KA040215","558","ムサシボウル"
"1208","KA150054","558","相模ファーストレーン"
"1209","GU030286","558","パークレーン高崎"
"1210","YA010007","557","ダイトースターレーン双葉"
"1211","IB010004","557","勝田パークボウル"
"1212","KA020023","557","タチバナボウル"
"1213","KA150106","557","相模ファーストレーン"
"1214","NA030049","557","アストロボウル"
"1215","TK070041","557","練馬トーホーボール"
"1216","KA070124","557","アカフーボウル"
"","KA070124","557","アカフーボウル"
"1217","CH030070","557","富津スターレーン"
"1218","CH040140","557","ときわ平 ボウリングセンター"
"1219","TK070088","557","練馬トーホーボール"
"1220","IB030173","557","神栖ボウル"
"1221","GU050114","557","ドリームスタジアム太田"
"1222","TC030317","557","宇都宮第二トーヨーボウル"
"1223","KA150132","557","相模ファーストレーン"
"1224","IB030225","557","神栖ボウル"
"1225","IB030263","557","神栖ボウル"
"1226","YA010144","557","ダイトースターレーン双葉"
"1227","IB030302","557","神栖ボウル"
"1228","GU030227","557","パークレーン高崎"
"1229","GU030234","557","パークレーン高崎"
"1230","NA010106","557","新飯田オークラボウル"
"1231","NA030294","557","アストロボウル"
"1232","CH040525","557","ときわ平 ボウリングセンター"
"1233","KA010491","557","川崎グランドボウル"
"1234","NA060234","557","ボウリング王国スポルト岡谷店"
"1235","CH040029","556","ときわ平 ボウリングセンター"
"1236","IB010013","556","勝田パークボウル"
"1237","KA160022","556","桜ヶ丘ボウリングセンター"
"1238","KA020031","556","タチバナボウル"
"1239","KA040041","556","ムサシボウル"
"1240","NA060039","556","ボウリング王国スポルト岡谷店"
"1241","NA020023","556","アピナボウル松本城山店"
"1242","NA020033","556","アピナボウル松本城山店"
"1243","TK090042","556","蒲田ＩＭＯＮボウル"
"1244","GU030168","556","パークレーン高崎"
"1245","CH040277","556","ときわ平 ボウリングセンター"
"1246","CH040319","556","ときわ平 ボウリングセンター"
"1247","CH030215","556","富津スターレーン"
"1248","KA070465","556","アカフーボウル"
"","KA070465","556","アカフーボウル"
"1249","NA050060","556","アピナボウル長野篠ノ井店"
"1250","NA030285","556","アストロボウル"
"1251","IB040465","556","スポーレボウル"
"","IB040465","556","スポーレボウル"
"1252","TK090182","556","蒲田ＩＭＯＮボウル"
"1253","CH040540","556","ときわ平 ボウリングセンター"
"1254","CH040065","555","ときわ平 ボウリングセンター"
"1255","TC030210","555","宇都宮第二トーヨーボウル"
"1256","IB030088","555","神栖ボウル"
"1257","CH040144","555","ときわ平 ボウリングセンター"
"1258","GU040118","555","藤岡ボウル"
"1259","KA160117","555","桜ヶ丘ボウリングセンター"
"1260","TK130096","555","ＳＡＰ日野ボウル"
"1261","TK090057","555","蒲田ＩＭＯＮボウル"
"1262","KA070351","555","アカフーボウル"
"","KA070351","555","アカフーボウル"
"1263","KA010322","555","川崎グランドボウル"
"1264","GU010124","555","桐生スターレーン"
"1265","NA030252","555","アストロボウル"
"1266","IB040384","555","スポーレボウル"
"1267","NA010110","555","新飯田オークラボウル"
"1268","NA030275","555","アストロボウル"
"1269","CH040417","555","ときわ平 ボウリングセンター"
"1270","KA070549","555","アカフーボウル"
"1271","KA070573","555","アカフーボウル"
"1272","NA040040","555","アピナボウル安曇野店"
"1273","IB030550","555","神栖ボウル"
"1274","NA060230","555","ボウリング王国スポルト岡谷店"
"1275","KA070019","554","アカフーボウル"
"","KA070019","554","アカフーボウル"
"1276","IB040046","554","スポーレボウル"
"1277","KA140006","554","相模原パークレーンズ"
"1278","TK090046","554","蒲田ＩＭＯＮボウル"
"1279","KA040084","554","ムサシボウル"
"1280","IB040194","554","スポーレボウル"
"","IB040194","554","スポーレボウル"
"1281","TC030329","554","宇都宮第二トーヨーボウル"
"1282","CH040266","554","ときわ平 ボウリングセンター"
"1283","CH040257","554","ときわ平 ボウリングセンター"
"1284","KA020081","554","タチバナボウル"
"1285","GU030249","554","パークレーン高崎"
"1286","CH040484","554","ときわ平 ボウリングセンター"
"1287","IB030527","554","神栖ボウル"
"1288","CH030250","554","富津スターレーン"
"1289","CH040524","554","ときわ平 ボウリングセンター"
"1290","IB040525","554","スポーレボウル"
"1291","KA070044","553","アカフーボウル"
"","KA070044","553","アカフーボウル"
"1292","NA060044","553","ボウリング王国スポルト岡谷店"
"1293","SA020020","553","所沢スターレーン"
"1294","YA010063","553","ダイトースターレーン双葉"
"1295","TK130077","553","ＳＡＰ日野ボウル"
"1296","TK070066","553","練馬トーホーボール"
"1297","KA040065","553","ムサシボウル"
"1298","KA070185","553","アカフーボウル"
"","KA070185","553","アカフーボウル"
"1299","KA070171","553","アカフーボウル"
"","KA070171","553","アカフーボウル"
"1300","CH040220","553","ときわ平 ボウリングセンター"
"1301","TK090099","553","蒲田ＩＭＯＮボウル"
"1302","CH040364","553","ときわ平 ボウリングセンター"
"1303","KA070466","553","アカフーボウル"
"","KA070466","553","アカフーボウル"
"1304","IB030329","553","神栖ボウル"
"1305","KA040530","553","ムサシボウル"
"","KA040530","553","ムサシボウル"
"1306","NA030257","553","アストロボウル"
"1307","IB040494","553","スポーレボウル"
"1308","IB040539","553","スポーレボウル"
"1309","NA030352","553","アストロボウル"
"1310","CH030022","552","富津スターレーン"
"1311","KA040024","552","ムサシボウル"
"1312","KA160001","552","桜ヶ丘ボウリングセンター"
"1313","IB040051","552","スポーレボウル"
"1314","KA010139","552","川崎グランドボウル"
"1315","IB040139","552","スポーレボウル"
"1316","GU030094","552","パークレーン高崎"
"1317","CH030089","552","富津スターレーン"
"1318","KA020070","552","タチバナボウル"
"1319","TK130102","552","ＳＡＰ日野ボウル"
"1320","KA070223","552","アカフーボウル"
"","KA070223","552","アカフーボウル"
"1321","TK090055","552","蒲田ＩＭＯＮボウル"
"1322","IB040184","552","スポーレボウル"
"","IB040184","552","スポーレボウル"
"1323","IB030193","552","神栖ボウル"
"1324","TK130151","552","ＳＡＰ日野ボウル"
"1325","NA030177","552","アストロボウル"
"1326","NA060159","552","ボウリング王国スポルト岡谷店"
"1327","KA110011","552","コロナキャットボウル小田原店"
"1328","TC010017","552","足利スターレーン"
"1329","IB030358","552","神栖ボウル"
"1330","KA010413","552","川崎グランドボウル"
"","KA010413","552","川崎グランドボウル"
"1331","IB040526","552","スポーレボウル"
"1332","CH030040","551","富津スターレーン"
"1333","CH040105","551","ときわ平 ボウリングセンター"
"1334","KA010105","551","川崎グランドボウル"
"1335","IB040067","551","スポーレボウル"
"1336","IB040072","551","スポーレボウル"
"1337","TC030112","551","宇都宮第二トーヨーボウル"
"1338","KA170044","551","伊勢原ボウリングセンター"
"1339","TC030182","551","宇都宮第二トーヨーボウル"
"1340","KA150018","551","相模ファーストレーン"
"","KA150018","551","相模ファーストレーン"
"1341","KA040062","551","ムサシボウル"
"1342","KA010175","551","川崎グランドボウル"
"1343","IB030102","551","神栖ボウル"
"1344","IB010023","551","勝田パークボウル"
"1345","KA070193","551","アカフーボウル"
"","KA070193","551","アカフーボウル"
"1346","NA050038","551","アピナボウル長野篠ノ井店"
"1347","CH030129","551","富津スターレーン"
"1348","IB040215","551","スポーレボウル"
"","IB040215","551","スポーレボウル"
"1349","IB040231","551","スポーレボウル"
"","IB040231","551","スポーレボウル"
"1350","KA150034","551","相模ファーストレーン"
"1351","NA060138","551","ボウリング王国スポルト岡谷店"
"1352","TK090087","551","蒲田ＩＭＯＮボウル"
"1353","IB030261","551","神栖ボウル"
"1354","CH010079","551","本八幡スターレーン"
"","CH010079","551","本八幡スターレーン"
"1355","KA150040","551","相模ファーストレーン"
"1356","KA110015","551","コロナキャットボウル小田原店"
"1357","KA110025","551","コロナキャットボウル小田原店"
"1358","IB040389","551","スポーレボウル"
"","IB040389","551","スポーレボウル"
"1359","NA030289","551","アストロボウル"
"1360","TK130223","551","ＳＡＰ日野ボウル"
"1361","CH040437","551","ときわ平 ボウリングセンター"
"1362","CH020329","551","北小金ボウル"
"1363","KA030006","551","サギヌマボウル"
"1364","CH040064","550","ときわ平 ボウリングセンター"
"1365","KA160037","550","桜ヶ丘ボウリングセンター"
"1366","TK060322","550","マルアイボウリング"
"1367","YA010059","550","ダイトースターレーン双葉"
"1368","TK130083","550","ＳＡＰ日野ボウル"
"1369","TK130160","550","ＳＡＰ日野ボウル"
"1370","NA030174","550","アストロボウル"
"1371","KA020085","550","タチバナボウル"
"1372","SA130022","550","アイビーボウル越谷"
"1373","KA110033","550","コロナキャットボウル小田原店"
"1374","NA060179","550","ボウリング王国スポルト岡谷店"
"1375","IB040464","550","スポーレボウル"
"","IB040464","550","スポーレボウル"
"1376","IB040484","550","スポーレボウル"
"1377","NA010135","550","新飯田オークラボウル"
"1378","NA010137","550","新飯田オークラボウル"
"1379","KA040022","549","ムサシボウル"
"1380","YA010068","549","ダイトースターレーン双葉"
"1381","IB030099","549","神栖ボウル"
"1382","TK060334","549","マルアイボウリング"
"1383","KA020065","549","タチバナボウル"
"1384","IB040173","549","スポーレボウル"
"1385","TK090058","549","蒲田ＩＭＯＮボウル"
"1386","CH030136","549","富津スターレーン"
"1387","TK090069","549","蒲田ＩＭＯＮボウル"
"1388","NA040033","549","アピナボウル安曇野店"
"1389","KA140035","549","相模原パークレーンズ"
"1390","TK090082","549","蒲田ＩＭＯＮボウル"
"1391","TK050049","549","立川スターレーン"
"1392","KA110016","549","コロナキャットボウル小田原店"
"1393","KA110040","549","コロナキャットボウル小田原店"
"1394","TK070201","549","練馬トーホーボール"
"1395","KA050031","549","ボウリング王国 スポルト八景店"
"1396","KA160256","549","桜ヶ丘ボウリングセンター"
"1397","CH040487","549","ときわ平 ボウリングセンター"
"1398","IB040503","549","スポーレボウル"
"1399","YA010004","548","ダイトースターレーン双葉"
"1400","TC030001","548","宇都宮第二トーヨーボウル"
"1401","TK060061","548","マルアイボウリング"
"1402","KA010055","548","川崎グランドボウル"
"1403","CH030038","548","富津スターレーン"
"1404","TC030082","548","宇都宮第二トーヨーボウル"
"1405","GU010001","548","桐生スターレーン"
"1406","KA010130","548","川崎グランドボウル"
"1407","SA020023","548","所沢スターレーン"
"1408","TC030213","548","宇都宮第二トーヨーボウル"
"1409","KA010172","548","川崎グランドボウル"
"","KA010172","548","川崎グランドボウル"
"1410","NA050027","548","アピナボウル長野篠ノ井店"
"1411","NA010075","548","新飯田オークラボウル"
"1412","KA160144","548","桜ヶ丘ボウリングセンター"
"1413","KA070296","548","アカフーボウル"
"","KA070296","548","アカフーボウル"
"1414","KA070349","548","アカフーボウル"
"","KA070349","548","アカフーボウル"
"1415","TK060235","548","マルアイボウリング"
"1416","KA010346","548","川崎グランドボウル"
"1417","IB040315","548","スポーレボウル"
"1418","KA070431","548","アカフーボウル"
"","KA070431","548","アカフーボウル"
"1419","SA050011","548","ＳＡＰ草加ボウル"
"1420","KA030002","548","サギヌマボウル"
"1421","TK060218","548","マルアイボウリング"
"1422","NA030281","548","アストロボウル"
"1423","TK060217","548","マルアイボウリング"
"1424","KA070584","548","アカフーボウル"
"1425","KA140065","548","相模原パークレーンズ"
"1426","IB040496","548","スポーレボウル"
"1427","KA010026","547","川崎グランドボウル"
"1428","CH020002","547","北小金ボウル"
"1429","CH040077","547","ときわ平 ボウリングセンター"
"1430","SA020014","547","所沢スターレーン"
"1431","IB040081","547","スポーレボウル"
"1432","SA020022","547","所沢スターレーン"
"1433","GU010031","547","桐生スターレーン"
"1434","CH040137","547","ときわ平 ボウリングセンター"
"1435","NA030140","547","アストロボウル"
"1436","KA150127","547","相模ファーストレーン"
"1437","KA040102","547","ムサシボウル"
"1438","TK070128","547","練馬トーホーボール"
"1439","GU020165","547","エメラルドボウル"
"1440","KA040152","547","ムサシボウル"
"1441","TK060462","547","マルアイボウリング"
"1442","TK090096","547","蒲田ＩＭＯＮボウル"
"1443","KA140056","547","相模原パークレーンズ"
"1444","KA040180","547","ムサシボウル"
"1445","KA070510","547","アカフーボウル"
"1446","GU050183","547","ドリームスタジアム太田"
"1447","KA040214","547","ムサシボウル"
"","KA040214","547","ムサシボウル"
"1448","CH040494","547","ときわ平 ボウリングセンター"
"1449","CH030003","546","富津スターレーン"
"1450","NA060016","546","ボウリング王国スポルト岡谷店"
"1451","IB040006","546","スポーレボウル"
"1452","KA150009","546","相模ファーストレーン"
"1453","KA150109","546","相模ファーストレーン"
"1454","KA010095","546","川崎グランドボウル"
"1455","KA010093","546","川崎グランドボウル"
"1456","CH020072","546","北小金ボウル"
"1457","YA010058","546","ダイトースターレーン双葉"
"1458","KA150117","546","相模ファーストレーン"
"1459","NA050017","546","アピナボウル長野篠ノ井店"
"1460","NA040011","546","アピナボウル安曇野店"
"","TK130073","546","ＳＡＰ日野ボウル"
"1461","KA010196","546","川崎グランドボウル"
"1462","KA160115","546","桜ヶ丘ボウリングセンター"
"1463","TK150022","546","東京ポートボウル"
"1464","TK130118","546","ＳＡＰ日野ボウル"
"1465","IB030153","546","神栖ボウル"
"1466","TK070113","546","練馬トーホーボール"
"1467","KA040116","546","ムサシボウル"
"1468","TC030318","546","宇都宮第二トーヨーボウル"
"1469","KA130007","546","ボウリング王国 スポルト横須賀店"
"","KA130007","546","ボウリング王国 スポルト横須賀店"
"1470","KA070360","546","アカフーボウル"
"","KA070360","546","アカフーボウル"
"1471","NA060167","546","ボウリング王国スポルト岡谷店"
"1472","YA010167","546","ダイトースターレーン双葉"
"1473","YA040035","546","都留ファミリーボウル"
"1474","SA020082","546","所沢スターレーン"
"1475","TC010042","546","足利スターレーン"
"1476","IB040414","546","スポーレボウル"
"","IB040414","546","スポーレボウル"
"1477","CH040410","546","ときわ平 ボウリングセンター"
"1478","TK130221","546","ＳＡＰ日野ボウル"
"1479","IB030468","546","神栖ボウル"
"1480","CH040492","546","ときわ平 ボウリングセンター"
"1481","TK060592","546","マルアイボウリング"
"1482","TK130001","545","ＳＡＰ日野ボウル"
"1483","GU030020","545","パークレーン高崎"
"1484","NA010043","545","新飯田オークラボウル"
"1485","TK090035","545","蒲田ＩＭＯＮボウル"
"1486","TC030226","545","宇都宮第二トーヨーボウル"
"1487","GU010046","545","桐生スターレーン"
"1488","TC030229","545","宇都宮第二トーヨーボウル"
"1489","KA020064","545","タチバナボウル"
"1490","CH040198","545","ときわ平 ボウリングセンター"
"1491","KA160140","545","桜ヶ丘ボウリングセンター"
"1492","KA040093","545","ムサシボウル"
"1493","KA160139","545","桜ヶ丘ボウリングセンター"
"1494","KA070316","545","アカフーボウル"
"","KA070316","545","アカフーボウル"
"1495","CH040252","545","ときわ平 ボウリングセンター"
"1496","KA070374","545","アカフーボウル"
"","KA070374","545","アカフーボウル"
"1497","TK140048","545","池袋ロサボウル"
"1498","KA070467","545","アカフーボウル"
"","KA070467","545","アカフーボウル"
"1499","KA040537","545","ムサシボウル"
"1500","NA060189","545","ボウリング王国スポルト岡谷店"
"1501","CH020293","545","北小金ボウル"
"1502","IB030483","545","神栖ボウル"
"1503","CH040526","545","ときわ平 ボウリングセンター"
"1504","TK070258","545","練馬トーホーボール"
"1505","KA150101","544","相模ファーストレーン"
"1506","YA010020","544","ダイトースターレーン双葉"
"1507","KA160033","544","桜ヶ丘ボウリングセンター"
"1508","KA100002","544","寒川セントラルボウル"
"1509","IB030022","544","神栖ボウル"
"1510","KA160109","544","桜ヶ丘ボウリングセンター"
"1511","NA060041","544","ボウリング王国スポルト岡谷店"
"1512","IB040103","544","スポーレボウル"
"1513","TK060047","544","マルアイボウリング"
"1514","NA060066","544","ボウリング王国スポルト岡谷店"
"1515","TK150026","544","東京ポートボウル"
"1516","NA010077","544","新飯田オークラボウル"
"1517","KA070236","544","アカフーボウル"
"","KA070236","544","アカフーボウル"
"1518","CH030144","544","富津スターレーン"
"1519","CH040211","544","ときわ平 ボウリングセンター"
"1520","TK130127","544","ＳＡＰ日野ボウル"
"1521","TC030262","544","宇都宮第二トーヨーボウル"
"1522","IB040271","544","スポーレボウル"
"1523","KA040146","544","ムサシボウル"
"1524","YA040027","544","都留ファミリーボウル"
"1525","GU020190","544","エメラルドボウル"
"1526","TK051354","544","立川スターレーン"
"1527","IB030418","544","神栖ボウル"
"1528","GU010155","544","桐生スターレーン"
"1529","CH030245","544","富津スターレーン"
"1530","NA050080","544","アピナボウル長野篠ノ井店"
"1531","KA130021","544","ボウリング王国 スポルト横須賀店"
"1532","CH040010","543","ときわ平 ボウリングセンター"
"1533","IB010011","543","勝田パークボウル"
"1534","KA020019","543","タチバナボウル"
"1535","KA040030","543","ムサシボウル"
"1536","IB040047","543","スポーレボウル"
"1537","TK090006","543","蒲田ＩＭＯＮボウル"
"1538","GU020027","543","エメラルドボウル"
"1539","KA150116","543","相模ファーストレーン"
"1540","KA070128","543","アカフーボウル"
"","KA070128","543","アカフーボウル"
"1541","KA010144","543","川崎グランドボウル"
"","KA010144","543","川崎グランドボウル"
"1542","KA160061","543","桜ヶ丘ボウリングセンター"
"","KA160061","543","桜ヶ丘ボウリングセンター"
"1543","KA040074","543","ムサシボウル"
"1544","GU020118","543","エメラルドボウル"
"1545","NA050035","543","アピナボウル長野篠ノ井店"
"1546","CH020185","543","北小金ボウル"
"1547","IB030208","543","神栖ボウル"
"1548","GU030158","543","パークレーン高崎"
"1549","TK050022","543","立川スターレーン"
"1550","KA160158","543","桜ヶ丘ボウリングセンター"
"","KA160158","543","桜ヶ丘ボウリングセンター"
"1551","KA160181","543","桜ヶ丘ボウリングセンター"
"","KA160181","543","桜ヶ丘ボウリングセンター"
"1552","TC030400","543","宇都宮第二トーヨーボウル"
"1553","KA160205","543","桜ヶ丘ボウリングセンター"
"1554","KA010365","543","川崎グランドボウル"
"1555","TC030496","543","宇都宮第二トーヨーボウル"
"1556","KA070469","543","アカフーボウル"
"","KA070469","543","アカフーボウル"
"1557","NA030273","543","アストロボウル"
"1558","GU050173","543","ドリームスタジアム太田"
"1559","IB040455","543","スポーレボウル"
"","IB040455","543","スポーレボウル"
"1560","KA130019","543","ボウリング王国 スポルト横須賀店"
"1561","CH030001","542","富津スターレーン"
"1562","SA020008","542","所沢スターレーン"
"1563","TK060309","542","マルアイボウリング"
"1564","KA040035","542","ムサシボウル"
"1565","TK130051","542","ＳＡＰ日野ボウル"
"1566","KA070142","542","アカフーボウル"
"","KA070142","542","アカフーボウル"
"1567","NA040012","542","アピナボウル安曇野店"
"1568","IB010016","542","勝田パークボウル"
"1569","IB030114","542","神栖ボウル"
"1570","KA160085","542","桜ヶ丘ボウリングセンター"
"1571","KA160112","542","桜ヶ丘ボウリングセンター"
"1572","KA160124","542","桜ヶ丘ボウリングセンター"
"","KA160124","542","桜ヶ丘ボウリングセンター"
"1573","TK090074","542","蒲田ＩＭＯＮボウル"
"1574","CH040279","542","ときわ平 ボウリングセンター"
"1575","CH040296","542","ときわ平 ボウリングセンター"
"1576","KA160209","542","桜ヶ丘ボウリングセンター"
"1577","TK150042","542","東京ポートボウル"
"1578","YA030001","542","ボウリング王国スポルト南アルプス店"
"1579","KA040536","542","ムサシボウル"
"","KA040536","542","ムサシボウル"
"1580","KA020107","542","タチバナボウル"
"1581","SA020086","542","所沢スターレーン"
"1582","CH040483","542","ときわ平 ボウリングセンター"
"1583","TK130235","542","ＳＡＰ日野ボウル"
"1584","IB030534","542","神栖ボウル"
"1585","CH040549","542","ときわ平 ボウリングセンター"
"1586","KA010007","541","川崎グランドボウル"
"","KA010007","541","川崎グランドボウル"
"1587","KA070021","541","アカフーボウル"
"","KA070021","541","アカフーボウル"
"1588","IB030027","541","神栖ボウル"
"1589","CH010023","541","本八幡スターレーン"
"1590","GU050060","541","ドリームスタジアム太田"
"1591","GU050070","541","ドリームスタジアム太田"
"1592","NA010049","541","新飯田オークラボウル"
"1593","IB040104","541","スポーレボウル"
"1594","IB100002","541","ジョイナスボウル坂東"
"1595","KA160078","541","桜ヶ丘ボウリングセンター"
"","KA160078","541","桜ヶ丘ボウリングセンター"
"1596","CH040158","541","ときわ平 ボウリングセンター"
"1597","KA040079","541","ムサシボウル"
"1598","CH040168","541","ときわ平 ボウリングセンター"
"1599","KA070203","541","アカフーボウル"
"","KA070203","541","アカフーボウル"
"1600","CH040188","541","ときわ平 ボウリングセンター"
"1601","GU010051","541","桐生スターレーン"
"1602","NA040030","541","アピナボウル安曇野店"
"1603","TC030263","541","宇都宮第二トーヨーボウル"
"1604","IB040276","541","スポーレボウル"
"1605","IB030228","541","神栖ボウル"
"1606","KA020084","541","タチバナボウル"
"1607","TK050076","541","立川スターレーン"
"1608","GU030228","541","パークレーン高崎"
"1609","KA010386","541","川崎グランドボウル"
"1610","IB040403","541","スポーレボウル"
"","IB040403","541","スポーレボウル"
"1611","NA030299","541","アストロボウル"
"1612","KA070618","541","アカフーボウル"
"","KA070618","541","アカフーボウル"
"1613","NA030321","541","アストロボウル"
"1614","IB030553","541","神栖ボウル"
"1615","IB040563","541","スポーレボウル"
"1616","CH010006","540","本八幡スターレーン"
"1617","GU030005","540","パークレーン高崎"
"1618","CH040050","540","ときわ平 ボウリングセンター"
"1619","NA060029","540","ボウリング王国スポルト岡谷店"
"1620","NA030042","540","アストロボウル"
"1621","KA010108","540","川崎グランドボウル"
"1622","IB040071","540","スポーレボウル"
"1623","KA140016","540","相模原パークレーンズ"
"1624","KA140017","540","相模原パークレーンズ"
"1625","CH040147","540","ときわ平 ボウリングセンター"
"1626","KA150125","540","相模ファーストレーン"
"1627","KA070274","540","アカフーボウル"
"","KA070274","540","アカフーボウル"
"1628","IB030254","540","神栖ボウル"
"1629","CH040338","540","ときわ平 ボウリングセンター"
"1630","KA040177","540","ムサシボウル"
"1631","GU010137","540","桐生スターレーン"
"1632","TK070203","540","練馬トーホーボール"
"1633","YA010170","540","ダイトースターレーン双葉"
"1634","NA050062","540","アピナボウル長野篠ノ井店"
"1635","CH040426","540","ときわ平 ボウリングセンター"
"1636","GU030253","540","パークレーン高崎"
"1637","CH020298","540","北小金ボウル"
"1638","IB030447","540","神栖ボウル"
"1639","IB040444","540","スポーレボウル"
"1640","KA040544","540","ムサシボウル"
"1641","KA040232","540","ムサシボウル"
"1642","CH040520","540","ときわ平 ボウリングセンター"
"1643","NA060235","540","ボウリング王国スポルト岡谷店"
"1644","IB030118","539","神栖ボウル"
"1645","TK060127","539","マルアイボウリング"
"1646","YA010031","539","ダイトースターレーン双葉"
"1647","CH030028","539","富津スターレーン"
"1648","KA160054","539","桜ヶ丘ボウリングセンター"
"","KA160054","539","桜ヶ丘ボウリングセンター"
"1649","IB040165","539","スポーレボウル"
"1650","KA070220","539","アカフーボウル"
"","KA070220","539","アカフーボウル"
"1651","YA010102","539","ダイトースターレーン双葉"
"1652","KA070235","539","アカフーボウル"
"","KA070235","539","アカフーボウル"
"1653","IB030166","539","神栖ボウル"
"1654","IB040186","539","スポーレボウル"
"","IB040186","539","スポーレボウル"
"1655","TC030277","539","宇都宮第二トーヨーボウル"
"1656","CH040237","539","ときわ平 ボウリングセンター"
"1657","NA060123","539","ボウリング王国スポルト岡谷店"
"1658","TK070130","539","練馬トーホーボール"
"1659","KA010260","539","川崎グランドボウル"
"1660","KA070370","539","アカフーボウル"
"","KA070370","539","アカフーボウル"
"1661","KA020100","539","タチバナボウル"
"1662","KA010372","539","川崎グランドボウル"
"","KA010372","539","川崎グランドボウル"
"1663","KA020099","539","タチバナボウル"
"1664","KA070435","539","アカフーボウル"
"","KA070435","539","アカフーボウル"
"1665","CH020226","539","北小金ボウル"
"1666","TK050140","539","立川スターレーン"
"1667","TK060220","539","マルアイボウリング"
"1668","KA010459","539","川崎グランドボウル"
"1669","KA150051","539","相模ファーストレーン"
"1670","NA060231","539","ボウリング王国スポルト岡谷店"
"1671","KA040005","538","ムサシボウル"
"1672","IB040004","538","スポーレボウル"
"1673","GU030046","538","パークレーン高崎"
"1674","IB030058","538","神栖ボウル"
"1675","TK130074","538","ＳＡＰ日野ボウル"
"1676","KA160088","538","桜ヶ丘ボウリングセンター"
"1677","KA040092","538","ムサシボウル"
"1678","CH040214","538","ときわ平 ボウリングセンター"
"1679","IB030190","538","神栖ボウル"
"1680","TK090070","538","蒲田ＩＭＯＮボウル"
"1681","KA140034","538","相模原パークレーンズ"
"1682","KA070301","538","アカフーボウル"
"","KA070301","538","アカフーボウル"
"1683","KA130005","538","ボウリング王国 スポルト横須賀店"
"1684","KA150130","538","相模ファーストレーン"
"","KA150130","538","相模ファーストレーン"
"1685","KA010317","538","川崎グランドボウル"
"1686","IB040278","538","スポーレボウル"
"1687","TC010003","538","足利スターレーン"
"1688","KA160217","538","桜ヶ丘ボウリングセンター"
"1689","KA040170","538","ムサシボウル"
"1690","KA070427","538","アカフーボウル"
"1691","CH040375","538","ときわ平 ボウリングセンター"
"1692","NA010112","538","新飯田オークラボウル"
"1693","TC010107","538","足利スターレーン"
"1694","TC010110","538","足利スターレーン"
"1695","GU030294","538","パークレーン高崎"
"1696","KA070005","537","アカフーボウル"
"1697","KA150121","537","相模ファーストレーン"
"1698","KA070120","537","アカフーボウル"
"","KA070120","537","アカフーボウル"
"1699","NA010057","537","新飯田オークラボウル"
"1700","IB040138","537","スポーレボウル"
"1701","TK060049","537","マルアイボウリング"
"1702","NA030142","537","アストロボウル"
"1703","KA070272","537","アカフーボウル"
"","KA070272","537","アカフーボウル"
"1704","IB040211","537","スポーレボウル"
"","IB040211","537","スポーレボウル"
"1705","IB040213","537","スポーレボウル"
"","IB040213","537","スポーレボウル"
"1706","TK130150","537","ＳＡＰ日野ボウル"
"1707","GU050133","537","ドリームスタジアム太田"
"1708","YA010139","537","ダイトースターレーン双葉"
"1709","TK090120","537","蒲田ＩＭＯＮボウル"
"1710","CH030206","537","富津スターレーン"
"1711","KA070445","537","アカフーボウル"
"","KA070445","537","アカフーボウル"
"1712","KA010387","537","川崎グランドボウル"
"","KA010387","537","川崎グランドボウル"
"1713","TK090142","537","蒲田ＩＭＯＮボウル"
"1714","IB030423","537","神栖ボウル"
"1715","NA060205","537","ボウリング王国スポルト岡谷店"
"1716","IB040502","537","スポーレボウル"
"1717","IB040545","537","スポーレボウル"
"","IB040545","537","スポーレボウル"
"1718","CH040080","536","ときわ平 ボウリングセンター"
"1719","NA030079","536","アストロボウル"
"1720","NA040016","536","アピナボウル安曇野店"
"1721","CH040126","536","ときわ平 ボウリングセンター"
"1722","KA140019","536","相模原パークレーンズ"
"1723","CH040149","536","ときわ平 ボウリングセンター"
"1724","KA070240","536","アカフーボウル"
"","KA070240","536","アカフーボウル"
"1725","CH030145","536","富津スターレーン"
"1726","TK130136","536","ＳＡＰ日野ボウル"
"1727","KA070288","536","アカフーボウル"
"","KA070288","536","アカフーボウル"
"1728","KA160142","536","桜ヶ丘ボウリングセンター"
"1729","KA010264","536","川崎グランドボウル"
"1730","YA040019","536","都留ファミリーボウル"
"1731","KA110026","536","コロナキャットボウル小田原店"
"1732","KA040176","536","ムサシボウル"
"1733","TK060469","536","マルアイボウリング"
"1734","IB010036","536","勝田パークボウル"
"1735","IB010035","536","勝田パークボウル"
"1736","GU030260","536","パークレーン高崎"
"1737","SA020092","536","所沢スターレーン"
"1738","KA070603","536","アカフーボウル"
"1739","TK130244","536","ＳＡＰ日野ボウル"
"1740","CH040002","535","ときわ平 ボウリングセンター"
"1741","KA150001","535","相模ファーストレーン"
"1742","KA160108","535","桜ヶ丘ボウリングセンター"
"","KA160108","535","桜ヶ丘ボウリングセンター"
"1743","CH030094","535","富津スターレーン"
"1744","CH030111","535","富津スターレーン"
"1745","IB040160","535","スポーレボウル"
"1746","KA040098","535","ムサシボウル"
"1747","TC030290","535","宇都宮第二トーヨーボウル"
"1748","TK140029","535","池袋ロサボウル"
"1749","TK050023","535","立川スターレーン"
"1750","NA030204","535","アストロボウル"
"1751","CH030178","535","富津スターレーン"
"1752","CH040330","535","ときわ平 ボウリングセンター"
"1753","IB040306","535","スポーレボウル"
"","IB040306","535","スポーレボウル"
"1754","CH040337","535","ときわ平 ボウリングセンター"
"1755","KA160228","535","桜ヶ丘ボウリングセンター"
"1756","KA070513","535","アカフーボウル"
"1757","CH010034","535","本八幡スターレーン"
"1758","YA010180","535","ダイトースターレーン双葉"
"1759","TK130247","535","ＳＡＰ日野ボウル"
"1760","IB040538","535","スポーレボウル"
"1761","KA040004","534","ムサシボウル"
"1762","IB010005","534","勝田パークボウル"
"1763","CH040070","534","ときわ平 ボウリングセンター"
"1764","TK070019","534","練馬トーホーボール"
"1765","NA040007","534","アピナボウル安曇野店"
"1766","KA140011","534","相模原パークレーンズ"
"1767","KA160063","534","桜ヶ丘ボウリングセンター"
"","KA160063","534","桜ヶ丘ボウリングセンター"
"1768","KA040111","534","ムサシボウル"
"1769","SA020049","534","所沢スターレーン"
"1770","TC030267","534","宇都宮第二トーヨーボウル"
"1771","GU030150","534","パークレーン高崎"
"1772","IB040217","534","スポーレボウル"
"","IB040217","534","スポーレボウル"
"1773","TK140022","534","池袋ロサボウル"
"1774","KA010280","534","川崎グランドボウル"
"1775","YA010143","534","ダイトースターレーン双葉"
"1776","KA160234","534","桜ヶ丘ボウリングセンター"
"1777","KA170058","534","伊勢原ボウリングセンター"
"1778","KA150043","534","相模ファーストレーン"
"1779","TK050094","534","立川スターレーン"
"1780","NA010105","534","新飯田オークラボウル"
"1781","KA130016","534","ボウリング王国 スポルト横須賀店"
"1782","KA160260","534","桜ヶ丘ボウリングセンター"
"1783","IB030486","534","神栖ボウル"
"1784","IB030574","534","神栖ボウル"
"1785","NA030353","534","アストロボウル"
"1786","KA040003","533","ムサシボウル"
"1787","KA010090","533","川崎グランドボウル"
"1788","TK090021","533","蒲田ＩＭＯＮボウル"
"1789","KA010158","533","川崎グランドボウル"
"1790","CH030071","533","富津スターレーン"
"1791","NA060061","533","ボウリング王国スポルト岡谷店"
"1792","KA160073","533","桜ヶ丘ボウリングセンター"
"","KA160073","533","桜ヶ丘ボウリングセンター"
"1793","YA040002","533","都留ファミリーボウル"
"1794","CH030179","533","富津スターレーン"
"1795","GU040186","533","藤岡ボウル"
"1796","KA070389","533","アカフーボウル"
"","KA070389","533","アカフーボウル"
"1797","KA110036","533","コロナキャットボウル小田原店"
"1798","IB010041","533","勝田パークボウル"
"1799","TK060276","533","マルアイボウリング"
"","NA060181","533","ボウリング王国スポルト岡谷店"
"1800","NA060181","533","ボウリング王国スポルト岡谷店"
"1801","KA070528","533","アカフーボウル"
"1802","CH040430","533","ときわ平 ボウリングセンター"
"1803","IB040441","533","スポーレボウル"
"1804","TK060649","533","マルアイボウリング"
"1805","KA150052","533","相模ファーストレーン"
"1806","IB040535","533","スポーレボウル"
"1807","CH040020","532","ときわ平 ボウリングセンター"
"1808","SA020009","532","所沢スターレーン"
"1809","KA010070","532","川崎グランドボウル"
"1810","KA020032","532","タチバナボウル"
"1811","CH040074","532","ときわ平 ボウリングセンター"
"1812","KA020038","532","タチバナボウル"
"1813","SA020026","532","所沢スターレーン"
"1814","CH010072","532","本八幡スターレーン"
"1815","IB030230","532","神栖ボウル"
"1816","TK050057","532","立川スターレーン"
"1817","TK130193","532","ＳＡＰ日野ボウル"
"1818","CH040402","532","ときわ平 ボウリングセンター"
"1819","TK070200","532","練馬トーホーボール"
"1820","TC010029","532","足利スターレーン"
"1821","SA020084","532","所沢スターレーン"
"1822","CH020281","532","北小金ボウル"
"1823","NA030297","532","アストロボウル"
"1824","YA010172","532","ダイトースターレーン双葉"
"1825","IB030477","532","神栖ボウル"
"1826","IB030543","532","神栖ボウル"
"1827","KA020030","531","タチバナボウル"
"1828","TK130069","531","ＳＡＰ日野ボウル"
"1829","KA040517","531","ムサシボウル"
"1830","IB040117","531","スポーレボウル"
"1831","NA010062","531","新飯田オークラボウル"
"1832","KA070234","531","アカフーボウル"
"","KA070234","531","アカフーボウル"
"1833","NA060121","531","ボウリング王国スポルト岡谷店"
"1834","TK070127","531","練馬トーホーボール"
"1835","KA150037","531","相模ファーストレーン"
"1836","NA060171","531","ボウリング王国スポルト岡谷店"
"1837","KA040181","531","ムサシボウル"
"1838","KA150141","531","相模ファーストレーン"
"1839","CH010108","531","本八幡スターレーン"
"1840","IB030571","531","神栖ボウル"
"1841","KA160032","530","桜ヶ丘ボウリングセンター"
"1842","KA040054","530","ムサシボウル"
"1843","KA020040","530","タチバナボウル"
"1844","GU020041","530","エメラルドボウル"
"1845","KA040515","530","ムサシボウル"
"1846","CH040157","530","ときわ平 ボウリングセンター"
"1847","KA010184","530","川崎グランドボウル"
"1848","TC030228","530","宇都宮第二トーヨーボウル"
"1849","KA010206","530","川崎グランドボウル"
"1850","IB040164","530","スポーレボウル"
"1851","GU030143","530","パークレーン高崎"
"1852","IB030191","530","神栖ボウル"
"1853","KA010311","530","川崎グランドボウル"
"1854","CH030176","530","富津スターレーン"
"1855","NA030206","530","アストロボウル"
"1856","CH040317","530","ときわ平 ボウリングセンター"
"1857","KA070380","530","アカフーボウル"
"","KA070380","530","アカフーボウル"
"1858","YA010138","530","ダイトースターレーン双葉"
"1859","KA020098","530","タチバナボウル"
"1860","KA140055","530","相模原パークレーンズ"
"1861","YA040025","530","都留ファミリーボウル"
"1862","IB030320","530","神栖ボウル"
"1863","KA020106","530","タチバナボウル"
"1864","NA050065","530","アピナボウル長野篠ノ井店"
"1865","IB030417","530","神栖ボウル"
"1866","CH040443","530","ときわ平 ボウリングセンター"
"1867","KA040222","530","ムサシボウル"
"1868","TK060128","529","マルアイボウリング"
"1869","NA060032","529","ボウリング王国スポルト岡谷店"
"1870","KA160045","529","桜ヶ丘ボウリングセンター"
"1871","NA030050","529","アストロボウル"
"1872","TC030113","529","宇都宮第二トーヨーボウル"
"1873","KA070138","529","アカフーボウル"
"","KA070138","529","アカフーボウル"
"1874","IB040135","529","スポーレボウル"
"1875","KA150019","529","相模ファーストレーン"
"","KA150019","529","相模ファーストレーン"
"1876","NA030107","529","アストロボウル"
"1877","KA010176","529","川崎グランドボウル"
"1878","IB030094","529","神栖ボウル"
"1879","NA030151","529","アストロボウル"
"1880","CH020186","529","北小金ボウル"
"1881","NA030157","529","アストロボウル"
"1882","GU050121","529","ドリームスタジアム太田"
"1883","CH040269","529","ときわ平 ボウリングセンター"
"1884","CH040270","529","ときわ平 ボウリングセンター"
"1885","NA060132","529","ボウリング王国スポルト岡谷店"
"1886","IB030227","529","神栖ボウル"
"1887","YA010164","529","ダイトースターレーン双葉"
"1888","IB030315","529","神栖ボウル"
"1889","TK090114","529","蒲田ＩＭＯＮボウル"
"1890","IB030353","529","神栖ボウル"
"1891","GU040219","529","藤岡ボウル"
"1892","KA070516","529","アカフーボウル"
"1893","KA070563","529","アカフーボウル"
"1894","KA110055","529","コロナキャットボウル小田原店"
"1895","IB040495","529","スポーレボウル"
"1896","CH010111","529","本八幡スターレーン"
"1897","NA010004","528","新飯田オークラボウル"
"1898","CH040072","528","ときわ平 ボウリングセンター"
"1899","IB010015","528","勝田パークボウル"
"1900","TK060329","528","マルアイボウリング"
"1901","GU030115","528","パークレーン高崎"
"1902","KA040087","528","ムサシボウル"
"1903","TK090054","528","蒲田ＩＭＯＮボウル"
"1904","CH010060","528","本八幡スターレーン"
"1905","KA040118","528","ムサシボウル"
"1906","KA150128","528","相模ファーストレーン"
"1907","KA130004","528","ボウリング王国 スポルト横須賀店"
"1908","TK050043","528","立川スターレーン"
"1909","GU030186","528","パークレーン高崎"
"1910","IB030247","528","神栖ボウル"
"1911","KA010341","528","川崎グランドボウル"
"1912","IB030316","528","神栖ボウル"
"1913","TK090121","528","蒲田ＩＭＯＮボウル"
"1914","KA070488","528","アカフーボウル"
"","KA070488","528","アカフーボウル"
"1915","GU050177","528","ドリームスタジアム太田"
"1916","CH040463","528","ときわ平 ボウリングセンター"
"1917","IB040508","528","スポーレボウル"
"1918","KA010001","527","川崎グランドボウル"
"1919","TK060105","527","マルアイボウリング"
"1920","NA060012","527","ボウリング王国スポルト岡谷店"
"1921","KA150102","527","相模ファーストレーン"
"1922","CH030055","527","富津スターレーン"
"1923","IB030049","527","神栖ボウル"
"1924","KA010234","527","川崎グランドボウル"
"1925","KA070299","527","アカフーボウル"
"","KA070299","527","アカフーボウル"
"1926","CH040271","527","ときわ平 ボウリングセンター"
"1927","KA010315","527","川崎グランドボウル"
"1928","CH030185","527","富津スターレーン"
"1929","CH040309","527","ときわ平 ボウリングセンター"
"1930","KA010343","527","川崎グランドボウル"
"1931","KA070402","527","アカフーボウル"
"","KA070402","527","アカフーボウル"
"1932","GU050180","527","ドリームスタジアム太田"
"1933","KA010418","527","川崎グランドボウル"
"1934","TC010115","527","足利スターレーン"
"1935","TK070254","527","練馬トーホーボール"
"1936","TC030033","526","宇都宮第二トーヨーボウル"
"1937","KA010126","526","川崎グランドボウル"
"","KA010126","526","川崎グランドボウル"
"1938","GU010017","526","桐生スターレーン"
"1939","GU010028","526","桐生スターレーン"
"1940","TC030199","526","宇都宮第二トーヨーボウル"
"1941","IB030086","526","神栖ボウル"
"1942","SA130007","526","アイビーボウル越谷"
"1943","NA030129","526","アストロボウル"
"1944","NA030131","526","アストロボウル"
"1945","CH030132","526","富津スターレーン"
"1946","TK080005","526","高尾スターレーン"
"1947","CH040239","526","ときわ平 ボウリングセンター"
"1948","NA050054","526","アピナボウル長野篠ノ井店"
"1949","GU040201","526","藤岡ボウル"
"1950","IB040336","526","スポーレボウル"
"1951","KA070447","526","アカフーボウル"
"","KA070447","526","アカフーボウル"
"1952","IB100006","526","ジョイナスボウル坂東"
"","IB100006","526","ジョイナスボウル坂東"
"1953","TK130210","526","ＳＡＰ日野ボウル"
"1954","TK050117","526","立川スターレーン"
"1955","GU010148","526","桐生スターレーン"
"1956","GU050206","526","ドリームスタジアム太田"
"1957","GU050208","526","ドリームスタジアム太田"
"1958","NA030344","526","アストロボウル"
"1959","TK090184","526","蒲田ＩＭＯＮボウル"
"1960","YA010193","526","ダイトースターレーン双葉"
"1961","GU040005","525","藤岡ボウル"
"1962","KA160013","525","桜ヶ丘ボウリングセンター"
"1963","IB040044","525","スポーレボウル"
"1964","TK130039","525","ＳＡＰ日野ボウル"
"1965","CH040081","525","ときわ平 ボウリングセンター"
"1966","CH040073","525","ときわ平 ボウリングセンター"
"1967","TK090011","525","蒲田ＩＭＯＮボウル"
"1968","IB030092","525","神栖ボウル"
"1969","TK060208","525","マルアイボウリング"
"1970","IB030110","525","神栖ボウル"
"1971","IB030194","525","神栖ボウル"
"1972","KA010248","525","川崎グランドボウル"
"","KA010248","525","川崎グランドボウル"
"1973","KA070310","525","アカフーボウル"
"","KA070310","525","アカフーボウル"
"1974","KA020086","525","タチバナボウル"
"1975","IB040293","525","スポーレボウル"
"1976","KA160224","525","桜ヶ丘ボウリングセンター"
"1977","IB040326","525","スポーレボウル"
"","IB040326","525","スポーレボウル"
"1978","GU030231","525","パークレーン高崎"
"1979","IB040331","525","スポーレボウル"
"1980","KA110061","525","コロナキャットボウル小田原店"
"1981","IB040246","525","スポーレボウル"
"1982","TK130224","525","ＳＡＰ日野ボウル"
"1983","TK060292","525","マルアイボウリング"
"1984","NA060197","525","ボウリング王国スポルト岡谷店"
"1985","CH010101","525","本八幡スターレーン"
"1986","KA150103","524","相模ファーストレーン"
"1987","IB040043","524","スポーレボウル"
"1988","KA020033","524","タチバナボウル"
"1989","KA160039","524","桜ヶ丘ボウリングセンター"
"1990","TK060089","524","マルアイボウリング"
"1991","KA070085","524","アカフーボウル"
"","KA070085","524","アカフーボウル"
"1992","TK130008","524","ＳＡＰ日野ボウル"
"1993","GU030055","524","パークレーン高崎"
"1994","YA010056","524","ダイトースターレーン双葉"
"1995","IB030050","524","神栖ボウル"
"1996","KA070137","524","アカフーボウル"
"","KA070137","524","アカフーボウル"
"1997","YA010067","524","ダイトースターレーン双葉"
"1998","KA070179","524","アカフーボウル"
"","KA070179","524","アカフーボウル"
"1999","KA040073","524","ムサシボウル"
"2000","CH030099","524","富津スターレーン"
"2001","TK090041","524","蒲田ＩＭＯＮボウル"
"2002","CH020171","524","北小金ボウル"
"2003","IB040180","524","スポーレボウル"
"","IB040180","524","スポーレボウル"
"2004","TK140018","524","池袋ロサボウル"
"2005","KA010243","524","川崎グランドボウル"
"2006","TK070172","524","練馬トーホーボール"
"2007","KA010351","524","川崎グランドボウル"
"2008","CH010090","524","本八幡スターレーン"
"2009","CH010091","524","本八幡スターレーン"
"2010","TK130217","524","ＳＡＰ日野ボウル"
"2011","TK090143","524","蒲田ＩＭＯＮボウル"
"2012","NA010130","524","新飯田オークラボウル"
"2013","KA110081","524","コロナキャットボウル小田原店"
"2014","TC030013","523","宇都宮第二トーヨーボウル"
"2015","IB010006","523","勝田パークボウル"
"2016","KA070092","523","アカフーボウル"
"","KA070092","523","アカフーボウル"
"2017","YA010054","523","ダイトースターレーン双葉"
"2018","KA160064","523","桜ヶ丘ボウリングセンター"
"","KA160064","523","桜ヶ丘ボウリングセンター"
"2019","KA040061","523","ムサシボウル"
"2020","KA150024","523","相模ファーストレーン"
"","KA150024","523","相模ファーストレーン"
"2021","TK060330","523","マルアイボウリング"
"2022","NA030115","523","アストロボウル"
"2023","TC030233","523","宇都宮第二トーヨーボウル"
"2024","CH040185","523","ときわ平 ボウリングセンター"
"2025","KA160096","523","桜ヶ丘ボウリングセンター"
"2026","YA010111","523","ダイトースターレーン双葉"
"2027","CH010059","523","本八幡スターレーン"
"2028","GU020131","523","エメラルドボウル"
"2029","KA070326","523","アカフーボウル"
"","KA070326","523","アカフーボウル"
"2030","GU030185","523","パークレーン高崎"
"2031","KA140054","523","相模原パークレーンズ"
"2032","TK070159","523","練馬トーホーボール"
"2033","CH040308","523","ときわ平 ボウリングセンター"
"2034","TK090093","523","蒲田ＩＭＯＮボウル"
"2035","TK130182","523","ＳＡＰ日野ボウル"
"2036","GU050146","523","ドリームスタジアム太田"
"2037","TK060255","523","マルアイボウリング"
"2038","TC010075","523","足利スターレーン"
"2039","NA010114","523","新飯田オークラボウル"
"2040","NA030283","523","アストロボウル"
"2041","NA030295","523","アストロボウル"
"2042","IB030440","523","神栖ボウル"
"2043","KA040216","523","ムサシボウル"
"","KA040216","523","ムサシボウル"
"2044","TK060579","523","マルアイボウリング"
"2045","CH040490","523","ときわ平 ボウリングセンター"
"2046","KA020008","522","タチバナボウル"
"2047","GU050014","522","ドリームスタジアム太田"
"2048","CH040068","522","ときわ平 ボウリングセンター"
"2049","KA160027","522","桜ヶ丘ボウリングセンター"
"2050","TK070038","522","練馬トーホーボール"
"2051","IB040112","522","スポーレボウル"
"2052","NA060056","522","ボウリング王国スポルト岡谷店"
"2053","IB040144","522","スポーレボウル"
"2054","TK070091","522","練馬トーホーボール"
"2055","YA010094","522","ダイトースターレーン双葉"
"2056","IB040169","522","スポーレボウル"
"2057","KA070283","522","アカフーボウル"
"","KA070283","522","アカフーボウル"
"2058","SA020065","522","所沢スターレーン"
"2059","IB040245","522","スポーレボウル"
"2060","IB040256","522","スポーレボウル"
"","IB040256","522","スポーレボウル"
"2061","KA010305","522","川崎グランドボウル"
"2062","CH040272","522","ときわ平 ボウリングセンター"
"2063","GU010098","522","桐生スターレーン"
"2064","NA030214","522","アストロボウル"
"2065","KA020095","522","タチバナボウル"
"","KA020095","522","タチバナボウル"
"2066","CH010083","522","本八幡スターレーン"
"2067","TK090125","522","蒲田ＩＭＯＮボウル"
"2068","TC010079","522","足利スターレーン"
"2069","KA070543","522","アカフーボウル"
"2070","KA070570","522","アカフーボウル"
"2071","GU010161","522","桐生スターレーン"
"2072","KA070586","522","アカフーボウル"
"2073","IB040493","522","スポーレボウル"
"2074","TC010137","522","足利スターレーン"
"2075","IB030538","522","神栖ボウル"
"2076","CH040016","521","ときわ平 ボウリングセンター"
"2077","TK060141","521","マルアイボウリング"
"2078","KA020016","521","タチバナボウル"
"2079","IB030013","521","神栖ボウル"
"2080","TK150008","521","東京ポートボウル"
"2081","KA020049","521","タチバナボウル"
"2082","KA010099","521","川崎グランドボウル"
"2083","CH030056","521","富津スターレーン"
"2084","NA020018","521","アピナボウル松本城山店"
"2085","CH030069","521","富津スターレーン"
"2086","KA010161","521","川崎グランドボウル"
"2087","KA010187","521","川崎グランドボウル"
"2088","CH010051","521","本八幡スターレーン"
"2089","IB040158","521","スポーレボウル"
"","IB040158","521","スポーレボウル"
"2090","NA060118","521","ボウリング王国スポルト岡谷店"
"2091","TC030272","521","宇都宮第二トーヨーボウル"
"2092","TK070131","521","練馬トーホーボール"
"2093","KA070379","521","アカフーボウル"
"","KA070379","521","アカフーボウル"
"2094","TK070164","521","練馬トーホーボール"
"2095","TC030413","521","宇都宮第二トーヨーボウル"
"2096","CH030204","521","富津スターレーン"
"2097","CH030207","521","富津スターレーン"
"2098","YA010151","521","ダイトースターレーン双葉"
"2099","TK170019","521","高田馬場グランドボウル"
"2100","KA040528","521","ムサシボウル"
"","KA040528","521","ムサシボウル"
"2101","CH040428","521","ときわ平 ボウリングセンター"
"2102","IB040515","521","スポーレボウル"
"2103","YA010195","521","ダイトースターレーン双葉"
"2104","KA070110","520","アカフーボウル"
"","KA070110","520","アカフーボウル"
"2105","NA010044","520","新飯田オークラボウル"
"2106","TK130070","520","ＳＡＰ日野ボウル"
"2107","CH020134","520","北小金ボウル"
"2108","KA070159","520","アカフーボウル"
"","KA070159","520","アカフーボウル"
"2109","CH040135","520","ときわ平 ボウリングセンター"
"2110","KA160098","520","桜ヶ丘ボウリングセンター"
"2111","KA010212","520","川崎グランドボウル"
"2112","YA040004","520","都留ファミリーボウル"
"2113","KA040110","520","ムサシボウル"
"2114","IB040182","520","スポーレボウル"
"","IB040182","520","スポーレボウル"
"2115","IB040212","520","スポーレボウル"
"","IB040212","520","スポーレボウル"
"2116","TC030332","520","宇都宮第二トーヨーボウル"
"2117","KA070327","520","アカフーボウル"
"","KA070327","520","アカフーボウル"
"2118","CH040260","520","ときわ平 ボウリングセンター"
"2119","CH040264","520","ときわ平 ボウリングセンター"
"2120","CH010071","520","本八幡スターレーン"
"2121","CH010075","520","本八幡スターレーン"
"2122","KA040163","520","ムサシボウル"
"2123","GU010122","520","桐生スターレーン"
"2124","KA160188","520","桜ヶ丘ボウリングセンター"
"","KA160188","520","桜ヶ丘ボウリングセンター"
"2125","IB030324","520","神栖ボウル"
"2126","NA010108","520","新飯田オークラボウル"
"2127","IB040404","520","スポーレボウル"
"","IB040404","520","スポーレボウル"
"2128","SA020091","520","所沢スターレーン"
"2129","IB030469","520","神栖ボウル"
"2130","IB030476","520","神栖ボウル"
"2131","KA160268","520","桜ヶ丘ボウリングセンター"
"2132","TK070247","520","練馬トーホーボール"
"2133","KA010047","519","川崎グランドボウル"
"2134","KA160007","519","桜ヶ丘ボウリングセンター"
"2135","GU050012","519","ドリームスタジアム太田"
"2136","TK130033","519","ＳＡＰ日野ボウル"
"2137","TK070030","519","練馬トーホーボール"
"2138","CH030092","519","富津スターレーン"
"2139","IB030113","519","神栖ボウル"
"2140","GU010059","519","桐生スターレーン"
"2141","GU010074","519","桐生スターレーン"
"2142","KA070269","519","アカフーボウル"
"","KA070269","519","アカフーボウル"
"2143","KA160141","519","桜ヶ丘ボウリングセンター"
"2144","TK060077","519","マルアイボウリング"
"2145","IB030246","519","神栖ボウル"
"2146","KA040169","519","ムサシボウル"
"2147","NA060164","519","ボウリング王国スポルト岡谷店"
"2148","SA050003","519","ＳＡＰ草加ボウル"
"2149","KA040182","519","ムサシボウル"
"2150","KA180003","519","厚木ツマダボウル"
"","TK060523","519","マルアイボウリング"
"2151","CH040424","519","ときわ平 ボウリングセンター"
"2152","CH040418","519","ときわ平 ボウリングセンター"
"2153","KA050030","519","ボウリング王国 スポルト八景店"
"2154","KA070561","519","アカフーボウル"
"2155","GU040316","519","藤岡ボウル"
"2156","TK070244","519","練馬トーホーボール"
"2157","KA160192","519","桜ヶ丘ボウリングセンター"
"","KA160192","519","桜ヶ丘ボウリングセンター"
"2158","NA030342","519","アストロボウル"
"2159","YA010191","519","ダイトースターレーン双葉"
"2160","CH010004","518","本八幡スターレーン"
"","CH010004","518","本八幡スターレーン"
"2161","YA010030","518","ダイトースターレーン双葉"
"2162","CH020050","518","北小金ボウル"
"2163","KA020045","518","タチバナボウル"
"2164","KA070096","518","アカフーボウル"
"","KA070096","518","アカフーボウル"
"2165","CH020132","518","北小金ボウル"
"2166","CH030122","518","富津スターレーン"
"2167","IB030161","518","神栖ボウル"
"2168","GU040138","518","藤岡ボウル"
"2169","TK060314","518","マルアイボウリング"
"2170","TK070137","518","練馬トーホーボール"
"2171","TK050055","518","立川スターレーン"
"2172","KA070376","518","アカフーボウル"
"","KA070376","518","アカフーボウル"
"2173","KA010332","518","川崎グランドボウル"
"2174","TK060464","518","マルアイボウリング"
"2175","KA010363","518","川崎グランドボウル"
"2176","CH040374","518","ときわ平 ボウリングセンター"
"2177","KA040538","518","ムサシボウル"
"","KA040538","518","ムサシボウル"
"2178","TC010051","518","足利スターレーン"
"2179","CH030226","518","富津スターレーン"
"2180","CH020238","518","北小金ボウル"
"2181","KA180005","518","厚木ツマダボウル"
"2182","TK060518","518","マルアイボウリング"
"2183","CH040462","518","ときわ平 ボウリングセンター"
"2184","KA150048","518","相模ファーストレーン"
"2185","KA070589","518","アカフーボウル"
"2186","IB030519","518","神栖ボウル"
"2187","TK090171","518","蒲田ＩＭＯＮボウル"
"2188","SA020093","518","所沢スターレーン"
"2189","TK080057","518","高尾スターレーン"
"2190","NA030337","518","アストロボウル"
"2191","TK070270","518","練馬トーホーボール"
"2192","KA160101","517","桜ヶ丘ボウリングセンター"
"2193","KA010048","517","川崎グランドボウル"
"2194","IB040042","517","スポーレボウル"
"2195","TK090016","517","蒲田ＩＭＯＮボウル"
"2196","KA070089","517","アカフーボウル"
"","KA070089","517","アカフーボウル"
"2197","KA040045","517","ムサシボウル"
"2198","NA060067","517","ボウリング王国スポルト岡谷店"
"2199","IB040157","517","スポーレボウル"
"2200","IB030157","517","神栖ボウル"
"2201","IB040174","517","スポーレボウル"
"2202","KA150124","517","相模ファーストレーン"
"2203","TK050010","517","立川スターレーン"
"2204","TK050025","517","立川スターレーン"
"2205","KA010268","517","川崎グランドボウル"
"2206","KA070365","517","アカフーボウル"
"","KA070365","517","アカフーボウル"
"2207","KA010303","517","川崎グランドボウル"
"2208","CH040274","517","ときわ平 ボウリングセンター"
"2209","GU010095","517","桐生スターレーン"
"2210","NA030188","517","アストロボウル"
"2211","GU030202","517","パークレーン高崎"
"2212","CH030195","517","富津スターレーン"
"2213","YA010160","517","ダイトースターレーン双葉"
"2214","CH020245","517","北小金ボウル"
"2215","NA060184","517","ボウリング王国スポルト岡谷店"
"2216","CH040446","517","ときわ平 ボウリングセンター"
"2217","CH030251","517","富津スターレーン"
"2218","IB040520","517","スポーレボウル"
"2219","NA060014","516","ボウリング王国スポルト岡谷店"
"2220","GU030006","516","パークレーン高崎"
"2221","GU030016","516","パークレーン高崎"
"2222","IB040037","516","スポーレボウル"
"2223","KA160050","516","桜ヶ丘ボウリングセンター"
"2224","GU050021","516","ドリームスタジアム太田"
"2225","IB030061","516","神栖ボウル"
"2226","NA040022","516","アピナボウル安曇野店"
"2227","IB040162","516","スポーレボウル"
"2228","IB030139","516","神栖ボウル"
"2229","IB030144","516","神栖ボウル"
"2230","CH030142","516","富津スターレーン"
"2231","YA040008","516","都留ファミリーボウル"
"2232","KA040105","516","ムサシボウル"
"2233","TC030273","516","宇都宮第二トーヨーボウル"
"2234","NA030162","516","アストロボウル"
"2235","IB030195","516","神栖ボウル"
"2236","YA010128","516","ダイトースターレーン双葉"
"2237","KA070378","516","アカフーボウル"
"","KA070378","516","アカフーボウル"
"2238","CH030186","516","富津スターレーン"
"2239","TK050070","516","立川スターレーン"
"2240","SA130021","516","アイビーボウル越谷"
"2241","GU010130","516","桐生スターレーン"
"2242","TK060256","516","マルアイボウリング"
"","TK060256","516","マルアイボウリング"
"2243","IB040409","516","スポーレボウル"
"","IB040409","516","スポーレボウル"
"2244","IB010045","516","勝田パークボウル"
"2245","GU050190","516","ドリームスタジアム太田"
"2246","GU050205","516","ドリームスタジアム太田"
"2247","KA150049","516","相模ファーストレーン"
"2248","IB030475","516","神栖ボウル"
"2249","KA160276","516","桜ヶ丘ボウリングセンター"
"","KA160276","516","桜ヶ丘ボウリングセンター"
"2250","CH040518","516","ときわ平 ボウリングセンター"
"2251","SA050022","516","ＳＡＰ草加ボウル"
"2252","SA050025","516","ＳＡＰ草加ボウル"
"2253","CH030018","515","富津スターレーン"
"2254","YA010017","515","ダイトースターレーン双葉"
"2255","NA030043","515","アストロボウル"
"2256","KA160066","515","桜ヶ丘ボウリングセンター"
"","KA160066","515","桜ヶ丘ボウリングセンター"
"2257","CH010049","515","本八幡スターレーン"
"2258","GU030130","515","パークレーン高崎"
"2259","KA020075","515","タチバナボウル"
"2260","IB030185","515","神栖ボウル"
"2261","TK070126","515","練馬トーホーボール"
"2262","KA070291","515","アカフーボウル"
"","KA070291","515","アカフーボウル"
"2263","GU050130","515","ドリームスタジアム太田"
"2264","IB040239","515","スポーレボウル"
"2265","KA020078","515","タチバナボウル"
"2266","TK090118","515","蒲田ＩＭＯＮボウル"
"2267","SA020078","515","所沢スターレーン"
"2268","SA020083","515","所沢スターレーン"
"2269","CH010031","515","本八幡スターレーン"
"2270","TK150046","515","東京ポートボウル"
"2271","CH030240","515","富津スターレーン"
"2272","IB040461","515","スポーレボウル"
"","IB040461","515","スポーレボウル"
"2273","KA110072","515","コロナキャットボウル小田原店"
"2274","CH040025","514","ときわ平 ボウリングセンター"
"2275","CH010019","514","本八幡スターレーン"
"2276","NA040004","514","アピナボウル安曇野店"
"2277","NA030048","514","アストロボウル"
"2278","TK130057","514","ＳＡＰ日野ボウル"
"","TK130057","514","ＳＡＰ日野ボウル"
"2279","CH030106","514","富津スターレーン"
"2280","NA050031","514","アピナボウル長野篠ノ井店"
"2281","KA050016","514","ボウリング王国 スポルト八景店"
"2282","YA010087","514","ダイトースターレーン双葉"
"2283","KA070253","514","アカフーボウル"
"","KA070253","514","アカフーボウル"
"2284","TC030284","514","宇都宮第二トーヨーボウル"
"2285","TK050021","514","立川スターレーン"
"2286","CH010088","514","本八幡スターレーン"
"2287","GU030236","514","パークレーン高崎"
"2288","CH040395","514","ときわ平 ボウリングセンター"
"2289","IB030328","514","神栖ボウル"
"2290","KA070487","514","アカフーボウル"
"","KA070487","514","アカフーボウル"
"2291","KA040205","514","ムサシボウル"
"2292","KA150139","514","相模ファーストレーン"
"2293","IB030467","514","神栖ボウル"
"2294","GU050214","514","ドリームスタジアム太田"
"2295","IB030552","514","神栖ボウル"
"2296","NA060003","513","ボウリング王国スポルト岡谷店"
"2297","TK060162","513","マルアイボウリング"
"2298","YA010005","513","ダイトースターレーン双葉"
"2299","YA010049","513","ダイトースターレーン双葉"
"2300","TK060310","513","マルアイボウリング"
"2301","KA140009","513","相模原パークレーンズ"
"2302","TC030107","513","宇都宮第二トーヨーボウル"
"2303","NA060063","513","ボウリング王国スポルト岡谷店"
"2304","TC030209","513","宇都宮第二トーヨーボウル"
"2305","CH040155","513","ときわ平 ボウリングセンター"
"2306","GU010043","513","桐生スターレーン"
"2307","NA060105","513","ボウリング王国スポルト岡谷店"
"2308","TK130100","513","ＳＡＰ日野ボウル"
"2309","CH040241","513","ときわ平 ボウリングセンター"
"2310","NA030195","513","アストロボウル"
"2311","GU030226","513","パークレーン高崎"
"2312","TK090097","513","蒲田ＩＭＯＮボウル"
"2313","TC030440","513","宇都宮第二トーヨーボウル"
"2314","IB040392","513","スポーレボウル"
"","IB040392","513","スポーレボウル"
"2315","GU050170","513","ドリームスタジアム太田"
"","GU050170","513","ドリームスタジアム太田"
"2316","CH030232","513","富津スターレーン"
"2317","GU050204","513","ドリームスタジアム太田"
"2318","IB030465","513","神栖ボウル"
"2319","KA160259","513","桜ヶ丘ボウリングセンター"
"2320","KA040006","512","ムサシボウル"
"2321","KA020003","512","タチバナボウル"
"2322","IB010009","512","勝田パークボウル"
"2323","NA060020","512","ボウリング王国スポルト岡谷店"
"2324","KA020053","512","タチバナボウル"
"2325","GU050084","512","ドリームスタジアム太田"
"2326","KA040060","512","ムサシボウル"
"2327","IB030112","512","神栖ボウル"
"2328","KA170048","512","伊勢原ボウリングセンター"
"2329","CH040235","512","ときわ平 ボウリングセンター"
"2330","TK050047","512","立川スターレーン"
"2331","KA070381","512","アカフーボウル"
"","KA070381","512","アカフーボウル"
"2332","CH030205","512","富津スターレーン"
"2333","IB030305","512","神栖ボウル"
"2334","CH040421","512","ときわ平 ボウリングセンター"
"2335","NA010118","512","新飯田オークラボウル"
"2336","TK130232","512","ＳＡＰ日野ボウル"
"2337","NA050070","512","アピナボウル長野篠ノ井店"
"2338","IB030478","512","神栖ボウル"
"2339","KA140061","512","相模原パークレーンズ"
"2340","TK090158","512","蒲田ＩＭＯＮボウル"
"2341","CH040539","512","ときわ平 ボウリングセンター"
"2342","YA010192","512","ダイトースターレーン双葉"
"2343","CH040547","512","ときわ平 ボウリングセンター"
"2344","CH040040","511","ときわ平 ボウリングセンター"
"2345","KA010089","511","川崎グランドボウル"
"2346","IB040128","511","スポーレボウル"
"","IB040128","511","スポーレボウル"
"2347","NA030093","511","アストロボウル"
"2348","NA060069","511","ボウリング王国スポルト岡谷店"
"2349","IB030124","511","神栖ボウル"
"2350","YA040005","511","都留ファミリーボウル"
"2351","TK130152","511","ＳＡＰ日野ボウル"
"2352","NA010088","511","新飯田オークラボウル"
"2353","KA160160","511","桜ヶ丘ボウリングセンター"
"","KA160160","511","桜ヶ丘ボウリングセンター"
"2354","TK090095","511","蒲田ＩＭＯＮボウル"
"2355","KA160215","511","桜ヶ丘ボウリングセンター"
"2356","KA100006","511","寒川セントラルボウル"
"2357","KA070419","511","アカフーボウル"
"","KA070419","511","アカフーボウル"
"2358","TK050097","511","立川スターレーン"
"2359","IB040366","511","スポーレボウル"
"","IB040366","511","スポーレボウル"
"2360","CH020264","511","北小金ボウル"
"2361","IB040466","511","スポーレボウル"
"","IB040466","511","スポーレボウル"
"2362","TK070245","511","練馬トーホーボール"
"2363","KA110062","511","コロナキャットボウル小田原店"
"2364","TK070264","511","練馬トーホーボール"
"2365","KA160104","510","桜ヶ丘ボウリングセンター"
"2366","KA020015","510","タチバナボウル"
"2367","TK070031","510","練馬トーホーボール"
"2368","IB010017","510","勝田パークボウル"
"2369","KA160089","510","桜ヶ丘ボウリングセンター"
"2370","CH030117","510","富津スターレーン"
"2371","KA140028","510","相模原パークレーンズ"
"2372","IB030172","510","神栖ボウル"
"2373","NA050057","510","アピナボウル長野篠ノ井店"
"2374","KA160241","510","桜ヶ丘ボウリングセンター"
"","KA160241","510","桜ヶ丘ボウリングセンター"
"2375","CH030213","510","富津スターレーン"
"2376","KA070444","510","アカフーボウル"
"","KA070444","510","アカフーボウル"
"2377","KA110056","510","コロナキャットボウル小田原店"
"2378","KA040535","510","ムサシボウル"
"","KA040535","510","ムサシボウル"
"2379","KA070512","510","アカフーボウル"
"2380","GU030251","510","パークレーン高崎"
"2381","NA030302","510","アストロボウル"
"2382","TC010114","510","足利スターレーン"
"2383","KA100008","510","寒川セントラルボウル"
"2384","IB040456","510","スポーレボウル"
"","IB040456","510","スポーレボウル"
"2385","TC010131","510","足利スターレーン"
"2386","IB040516","510","スポーレボウル"
"2387","GU020004","509","エメラルドボウル"
"2388","KA040014","509","ムサシボウル"
"2389","IB030015","509","神栖ボウル"
"2390","TK090018","509","蒲田ＩＭＯＮボウル"
"2391","CH030045","509","富津スターレーン"
"2392","CH010022","509","本八幡スターレーン"
"2393","GU020035","509","エメラルドボウル"
"2394","IB040122","509","スポーレボウル"
"","IB040122","509","スポーレボウル"
"2395","CH030081","509","富津スターレーン"
"2396","KA040075","509","ムサシボウル"
"2397","CH040165","509","ときわ平 ボウリングセンター"
"2398","YA010089","509","ダイトースターレーン双葉"
"2399","CH030118","509","富津スターレーン"
"2400","KA160122","509","桜ヶ丘ボウリングセンター"
"","KA160122","509","桜ヶ丘ボウリングセンター"
"2401","NA050041","509","アピナボウル長野篠ノ井店"
"2402","GU040142","509","藤岡ボウル"
"2403","KA070271","509","アカフーボウル"
"","KA070271","509","アカフーボウル"
"2404","GU020150","509","エメラルドボウル"
"2405","KA020087","509","タチバナボウル"
"2406","TK130170","509","ＳＡＰ日野ボウル"
"2407","NA040036","509","アピナボウル安曇野店"
"2408","GU030197","509","パークレーン高崎"
"2409","TK070169","509","練馬トーホーボール"
"2410","IB030272","509","神栖ボウル"
"2411","CH040324","509","ときわ平 ボウリングセンター"
"2412","KA070405","509","アカフーボウル"
"","KA070405","509","アカフーボウル"
"2413","KA160220","509","桜ヶ丘ボウリングセンター"
"2414","TK090111","509","蒲田ＩＭＯＮボウル"
"2415","NA030254","509","アストロボウル"
"2416","TK050079","509","立川スターレーン"
"2417","CH020288","509","北小金ボウル"
"2418","KA150143","509","相模ファーストレーン"
"2419","KA130017","509","ボウリング王国 スポルト横須賀店"
"2420","KA170062","509","伊勢原ボウリングセンター"
"2421","CH040527","509","ときわ平 ボウリングセンター"
"2422","CH040532","509","ときわ平 ボウリングセンター"
"2423","IB030549","509","神栖ボウル"
"2424","CH010002","508","本八幡スターレーン"
"","CH010002","508","本八幡スターレーン"
"2425","KA020005","508","タチバナボウル"
"2426","KA010046","508","川崎グランドボウル"
"2427","NA010011","508","新飯田オークラボウル"
"2428","NA010017","508","新飯田オークラボウル"
"2429","TC030032","508","宇都宮第二トーヨーボウル"
"2430","CH030043","508","富津スターレーン"
"2431","KA150012","508","相模ファーストレーン"
"2432","KA070199","508","アカフーボウル"
"","KA070199","508","アカフーボウル"
"2433","CH030112","508","富津スターレーン"
"2434","CH040244","508","ときわ平 ボウリングセンター"
"2435","IB010028","508","勝田パークボウル"
"2436","KA050020","508","ボウリング王国 スポルト八景店"
"2437","TK090085","508","蒲田ＩＭＯＮボウル"
"2438","KA010310","508","川崎グランドボウル"
"2439","TK080016","508","高尾スターレーン"
"2440","CH010074","508","本八幡スターレーン"
"2441","CH040297","508","ときわ平 ボウリングセンター"
"2442","KA160180","508","桜ヶ丘ボウリングセンター"
"","KA160180","508","桜ヶ丘ボウリングセンター"
"2443","TK140038","508","池袋ロサボウル"
"2444","GU010109","508","桐生スターレーン"
"2445","IB040303","508","スポーレボウル"
"","IB040303","508","スポーレボウル"
"2446","GU030213","508","パークレーン高崎"
"2447","KA110012","508","コロナキャットボウル小田原店"
"2448","KA010375","508","川崎グランドボウル"
"2449","KA150135","508","相模ファーストレーン"
"","KA150135","508","相模ファーストレーン"
"2450","NA010104","508","新飯田オークラボウル"
"2451","TK050132","508","立川スターレーン"
"2452","IB010046","508","勝田パークボウル"
"2453","KA010492","508","川崎グランドボウル"
"2454","IB040566","508","スポーレボウル"
"2455","GU030221","507","パークレーン高崎"
"2456","CH040090","507","ときわ平 ボウリングセンター"
"2457","TK130060","507","ＳＡＰ日野ボウル"
"2458","YA010074","507","ダイトースターレーン双葉"
"2459","KA010185","507","川崎グランドボウル"
"2460","NA030119","507","アストロボウル"
"2461","NA060107","507","ボウリング王国スポルト岡谷店"
"2462","TK080014","507","高尾スターレーン"
"2463","KA160147","507","桜ヶ丘ボウリングセンター"
"2464","IB040237","507","スポーレボウル"
"2465","TK080048","507","高尾スターレーン"
"2466","TK060078","507","マルアイボウリング"
"2467","KA150131","507","相模ファーストレーン"
"","TK060078","507","マルアイボウリング"
"2468","GU030171","507","パークレーン高崎"
"2469","YA010136","507","ダイトースターレーン双葉"
"2470","TK060035","507","マルアイボウリング"
"2471","KA160206","507","桜ヶ丘ボウリングセンター"
"2472","KA150133","507","相模ファーストレーン"
"2473","TC030439","507","宇都宮第二トーヨーボウル"
"2474","NA030241","507","アストロボウル"
"2475","CH040408","507","ときわ平 ボウリングセンター"
"2476","CH040422","507","ときわ平 ボウリングセンター"
"2477","GU010163","507","桐生スターレーン"
"2478","NA030329","507","アストロボウル"
"2479","KA010500","507","川崎グランドボウル"
"2480","NA060013","506","ボウリング王国スポルト岡谷店"
"2481","KA020012","506","タチバナボウル"
"2482","CH010009","506","本八幡スターレーン"
"2483","TK090012","506","蒲田ＩＭＯＮボウル"
"2484","KA070071","506","アカフーボウル"
"2485","NA060036","506","ボウリング王国スポルト岡谷店"
"2486","NA030039","506","アストロボウル"
"2487","NA040003","506","アピナボウル安曇野店"
"2488","KA050012","506","ボウリング王国 スポルト八景店"
"2489","NA060046","506","ボウリング王国スポルト岡谷店"
"2490","TK090019","506","蒲田ＩＭＯＮボウル"
"2491","KA070158","506","アカフーボウル"
"","KA070158","506","アカフーボウル"
"2492","IB010022","506","勝田パークボウル"
"2493","CH030093","506","富津スターレーン"
"2494","IB040156","506","スポーレボウル"
"2495","TK130111","506","ＳＡＰ日野ボウル"
"2496","YA010103","506","ダイトースターレーン双葉"
"2497","GU010065","506","桐生スターレーン"
"2498","TC030347","506","宇都宮第二トーヨーボウル"
"2499","TK060020","506","マルアイボウリング"
"2500","IB040289","506","スポーレボウル"
"2501","KA020092","506","タチバナボウル"
"2502","IB030277","506","神栖ボウル"
"2503","CH040321","506","ときわ平 ボウリングセンター"
"2504","NA040039","506","アピナボウル安曇野店"
"2505","CH040334","506","ときわ平 ボウリングセンター"
"2506","KA040172","506","ムサシボウル"
"2507","CH010093","506","本八幡スターレーン"
"2508","SA050006","506","ＳＡＰ草加ボウル"
"2509","GU030242","506","パークレーン高崎"
"2510","KA070470","506","アカフーボウル"
"","KA070470","506","アカフーボウル"
"2511","KA070478","506","アカフーボウル"
"","KA070478","506","アカフーボウル"
"2512","CH030223","506","富津スターレーン"
"2513","NA030272","506","アストロボウル"
"2514","TC010054","506","足利スターレーン"
"2515","KA040196","506","ムサシボウル"
"2516","CH040435","506","ときわ平 ボウリングセンター"
"2517","GU010167","506","桐生スターレーン"
"2518","TK060370","506","マルアイボウリング"
"2519","NA030315","506","アストロボウル"
"2520","IB040542","506","スポーレボウル"
"2521","CH010001","505","本八幡スターレーン"
"","CH010001","505","本八幡スターレーン"
"2522","CH040005","505","ときわ平 ボウリングセンター"
"2523","GU040012","505","藤岡ボウル"
"2524","KA150004","505","相模ファーストレーン"
"2525","NA020001","505","アピナボウル松本城山店"
"2526","YA010050","505","ダイトースターレーン双葉"
"2527","NA060045","505","ボウリング王国スポルト岡谷店"
"2528","CH040118","505","ときわ平 ボウリングセンター"
"2529","IB040105","505","スポーレボウル"
"2530","YA010072","505","ダイトースターレーン双葉"
"2531","KA140021","505","相模原パークレーンズ"
"2532","YA010076","505","ダイトースターレーン双葉"
"2533","CH040164","505","ときわ平 ボウリングセンター"
"2534","KA070211","505","アカフーボウル"
"","KA070211","505","アカフーボウル"
"2535","KA070214","505","アカフーボウル"
"","KA070214","505","アカフーボウル"
"2536","KA070222","505","アカフーボウル"
"","KA070222","505","アカフーボウル"
"2537","KA040121","505","ムサシボウル"
"2538","KA040104","505","ムサシボウル"
"2539","IB040185","505","スポーレボウル"
"","IB040185","505","スポーレボウル"
"2540","GU030149","505","パークレーン高崎"
"2541","TK140030","505","池袋ロサボウル"
"2542","GU050123","505","ドリームスタジアム太田"
"2543","KA010284","505","川崎グランドボウル"
"2544","GU030169","505","パークレーン高崎"
"2545","CH010070","505","本八幡スターレーン"
"2546","IB040272","505","スポーレボウル"
"2547","KA040148","505","ムサシボウル"
"2548","IB030240","505","神栖ボウル"
"2549","IB030278","505","神栖ボウル"
"2550","KA160249","505","桜ヶ丘ボウリングセンター"
"","KA160249","505","桜ヶ丘ボウリングセンター"
"2551","IB100004","505","ジョイナスボウル坂東"
"","IB100004","505","ジョイナスボウル坂東"
"2552","NA030250","505","アストロボウル"
"2553","TC010033","505","足利スターレーン"
"2554","KA030005","505","サギヌマボウル"
"2555","KA070524","505","アカフーボウル"
"2556","GU040276","505","藤岡ボウル"
"2557","KA070553","505","アカフーボウル"
"2558","TK060513","505","マルアイボウリング"
"2559","TC010117","505","足利スターレーン"
"2560","IB030488","505","神栖ボウル"
"2561","TK060661","505","マルアイボウリング"
"2562","KA160012","504","桜ヶ丘ボウリングセンター"
"2563","KA070059","504","アカフーボウル"
"","KA070059","504","アカフーボウル"
"2564","GU030022","504","パークレーン高崎"
"2565","KA100003","504","寒川セントラルボウル"
"2566","TC030196","504","宇都宮第二トーヨーボウル"
"2567","GU010033","504","桐生スターレーン"
"2568","TK090034","504","蒲田ＩＭＯＮボウル"
"2569","IB030093","504","神栖ボウル"
"2570","GU050111","504","ドリームスタジアム太田"
"2571","KA070368","504","アカフーボウル"
"","KA070368","504","アカフーボウル"
"2572","TK060209","504","マルアイボウリング"
"2573","GU040173","504","藤岡ボウル"
"2574","CH040343","504","ときわ平 ボウリングセンター"
"2575","IB030309","504","神栖ボウル"
"2576","KA010378","504","川崎グランドボウル"
"2577","GU020192","504","エメラルドボウル"
"2578","NA050059","504","アピナボウル長野篠ノ井店"
"2579","TK060213","504","マルアイボウリング"
"2580","KA070498","504","アカフーボウル"
"2581","KA070511","504","アカフーボウル"
"2582","IB040432","504","スポーレボウル"
"2583","IB030512","504","神栖ボウル"
"2584","IB040507","504","スポーレボウル"
"2585","KA070025","503","アカフーボウル"
"","KA070025","503","アカフーボウル"
"2586","KA160103","503","桜ヶ丘ボウリングセンター"
"2587","IB030004","503","神栖ボウル"
"2588","KA010134","503","川崎グランドボウル"
"2589","GU030086","503","パークレーン高崎"
"2590","CH030079","503","富津スターレーン"
"2591","IB030087","503","神栖ボウル"
"2592","TK060179","503","マルアイボウリング"
"2593","NA030161","503","アストロボウル"
"2594","NA030181","503","アストロボウル"
"2595","IB040267","503","スポーレボウル"
"2596","KA070329","503","アカフーボウル"
"","KA070329","503","アカフーボウル"
"2597","NA010089","503","新飯田オークラボウル"
"2598","TK070151","503","練馬トーホーボール"
"2599","KA040144","503","ムサシボウル"
"2600","IB030276","503","神栖ボウル"
"2601","TC030455","503","宇都宮第二トーヨーボウル"
"2602","CH040389","503","ときわ平 ボウリングセンター"
"2603","TK050100","503","立川スターレーン"
"2604","TC010081","503","足利スターレーン"
"2605","TK130225","503","ＳＡＰ日野ボウル"
"2606","KA050027","503","ボウリング王国 スポルト八景店"
"2607","KA070520","503","アカフーボウル"
"2608","KA070560","503","アカフーボウル"
"2609","IB030566","503","神栖ボウル"
"2610","KA010499","503","川崎グランドボウル"
"2611","YA010015","502","ダイトースターレーン双葉"
"2612","TK070021","502","練馬トーホーボール"
"2613","IB030019","502","神栖ボウル"
"2614","KA010085","502","川崎グランドボウル"
"2615","KA040044","502","ムサシボウル"
"2616","NA040006","502","アピナボウル安曇野店"
"2617","CH020119","502","北小金ボウル"
"2618","CH010048","502","本八幡スターレーン"
"2619","CH040133","502","ときわ平 ボウリングセンター"
"2620","CH040136","502","ときわ平 ボウリングセンター"
"2621","CH030108","502","富津スターレーン"
"2622","KA140029","502","相模原パークレーンズ"
"2623","CH010066","502","本八幡スターレーン"
"2624","SA130012","502","アイビーボウル越谷"
"2625","KA130011","502","ボウリング王国 スポルト横須賀店"
"2626","KA010336","502","川崎グランドボウル"
"2627","IB030250","502","神栖ボウル"
"2628","TK060289","502","マルアイボウリング"
"2629","TK050080","502","立川スターレーン"
"2630","NA030286","502","アストロボウル"
"2631","KA140059","502","相模原パークレーンズ"
"2632","GU030270","502","パークレーン高崎"
"2633","KA070571","502","アカフーボウル"
"2634","CH010102","502","本八幡スターレーン"
"2635","TK060536","502","マルアイボウリング"
"2636","CH010105","502","本八幡スターレーン"
"2637","TC010145","502","足利スターレーン"
"2638","IB040543","502","スポーレボウル"
"2639","TK060085","501","マルアイボウリング"
"2640","GU040030","501","藤岡ボウル"
"2641","KA070042","501","アカフーボウル"
"","KA070042","501","アカフーボウル"
"2642","IB040036","501","スポーレボウル"
"2643","KA070086","501","アカフーボウル"
"","KA070086","501","アカフーボウル"
"2644","IB030030","501","神栖ボウル"
"2645","SA130005","501","アイビーボウル越谷"
"2646","NA030054","501","アストロボウル"
"2647","CH010041","501","本八幡スターレーン"
"2648","GU020097","501","エメラルドボウル"
"2649","KA070181","501","アカフーボウル"
"","KA070181","501","アカフーボウル"
"2650","TK130099","501","ＳＡＰ日野ボウル"
"2651","KA040091","501","ムサシボウル"
"2652","NA010073","501","新飯田オークラボウル"
"2653","GU020128","501","エメラルドボウル"
"2654","TK080047","501","高尾スターレーン"
"2655","TK090077","501","蒲田ＩＭＯＮボウル"
"2656","GU010086","501","桐生スターレーン"
"2657","CH040286","501","ときわ平 ボウリングセンター"
"2658","KA160201","501","桜ヶ丘ボウリングセンター"
"","KA160201","501","桜ヶ丘ボウリングセンター"
"2659","KA070392","501","アカフーボウル"
"","KA070392","501","アカフーボウル"
"2660","TK060349","501","マルアイボウリング"
"2661","KA110037","501","コロナキャットボウル小田原店"
"2662","TK170021","501","高田馬場グランドボウル"
"2663","NA030290","501","アストロボウル"
"2664","KA070515","501","アカフーボウル"
"2665","NA060186","501","ボウリング王国スポルト岡谷店"
"2666","IB040426","501","スポーレボウル"
"","IB040426","501","スポーレボウル"
"2667","TK090150","501","蒲田ＩＭＯＮボウル"
"2668","TC010116","501","足利スターレーン"
"2669","CH040476","501","ときわ平 ボウリングセンター"
"2670","CH010107","501","本八幡スターレーン"
"2671","TK090168","501","蒲田ＩＭＯＮボウル"
"2672","NA030347","501","アストロボウル"
"2673","IB030578","501","神栖ボウル"
"2674","GU040346","501","藤岡ボウル"
"2675","CH040032","500","ときわ平 ボウリングセンター"
"2676","KA170008","500","伊勢原ボウリングセンター"
"2677","KA010069","500","川崎グランドボウル"
"2678","CH010016","500","本八幡スターレーン"
"2679","KA010088","500","川崎グランドボウル"
"2680","GU050025","500","ドリームスタジアム太田"
"2681","CH020071","500","北小金ボウル"
"2682","IB040113","500","スポーレボウル"
"2683","IB040120","500","スポーレボウル"
"","IB040120","500","スポーレボウル"
"2684","NA040020","500","アピナボウル安曇野店"
"2685","TK090045","500","蒲田ＩＭＯＮボウル"
"2686","KA070169","500","アカフーボウル"
"","KA070169","500","アカフーボウル"
"2687","GU020111","500","エメラルドボウル"
"2688","KA140026","500","相模原パークレーンズ"
"2689","KA020062","500","タチバナボウル"
"2690","CH010055","500","本八幡スターレーン"
"2691","TC030258","500","宇都宮第二トーヨーボウル"
"2692","NA050042","500","アピナボウル長野篠ノ井店"
"2693","KA150027","500","相模ファーストレーン"
"2694","IB030186","500","神栖ボウル"
"2695","GU010080","500","桐生スターレーン"
"2696","TK080003","500","高尾スターレーン"
"2697","IB030209","500","神栖ボウル"
"2698","IB040254","500","スポーレボウル"
"2699","CH030163","500","富津スターレーン"
"2700","KA070335","500","アカフーボウル"
"","KA070335","500","アカフーボウル"
"2701","KA040153","500","ムサシボウル"
"2702","NA030194","500","アストロボウル"
"2703","CH030181","500","富津スターレーン"
"2704","TC030395","500","宇都宮第二トーヨーボウル"
"2705","TK080018","500","高尾スターレーン"
"2706","IB010031","500","勝田パークボウル"
"2707","KA160187","500","桜ヶ丘ボウリングセンター"
"2708","SA050004","500","ＳＡＰ草加ボウル"
"2709","CH040391","500","ときわ平 ボウリングセンター"
"2710","TC030484","500","宇都宮第二トーヨーボウル"
"2711","KA070484","500","アカフーボウル"
"","KA070484","500","アカフーボウル"
"2712","IB030382","500","神栖ボウル"
"2713","KA050028","500","ボウリング王国 スポルト八景店"
"2714","IB040452","500","スポーレボウル"
"2715","CH030242","500","富津スターレーン"
"2716","IB030520","500","神栖ボウル"
"2717","KA040230","500","ムサシボウル"
"2718","TK060460","500","マルアイボウリング"
"2719","NA010136","500","新飯田オークラボウル"
"2720","KA180009","500","厚木ツマダボウル"
"2721","IB040561","500","スポーレボウル"
"2722","NA060008","499","ボウリング王国スポルト岡谷店"
"2723","IB030014","499","神栖ボウル"
"2724","KA150011","499","相模ファーストレーン"
"2725","CH040094","499","ときわ平 ボウリングセンター"
"2726","TC030119","499","宇都宮第二トーヨーボウル"
"2727","KA010159","499","川崎グランドボウル"
"2728","NA060076","499","ボウリング王国スポルト岡谷店"
"2729","NA010065","499","新飯田オークラボウル"
"2730","NA060098","499","ボウリング王国スポルト岡谷店"
"2731","KA070210","499","アカフーボウル"
"","KA070210","499","アカフーボウル"
"2732","GU050104","499","ドリームスタジアム太田"
"2733","KA070246","499","アカフーボウル"
"","KA070246","499","アカフーボウル"
"2734","KA010251","499","川崎グランドボウル"
"","KA010251","499","川崎グランドボウル"
"2735","TC030331","499","宇都宮第二トーヨーボウル"
"2736","GU010089","499","桐生スターレーン"
"2737","KA160162","499","桜ヶ丘ボウリングセンター"
"","KA160162","499","桜ヶ丘ボウリングセンター"
"2738","CH030198","499","富津スターレーン"
"2739","TC030424","499","宇都宮第二トーヨーボウル"
"2740","IB030288","499","神栖ボウル"
"2741","CH010086","499","本八幡スターレーン"
"2742","IB040321","499","スポーレボウル"
"2743","TC010032","499","足利スターレーン"
"2744","NA010107","499","新飯田オークラボウル"
"2745","IB040394","499","スポーレボウル"
"","IB040394","499","スポーレボウル"
"2746","TK070233","499","練馬トーホーボール"
"2747","TC010102","499","足利スターレーン"
"2748","TK090162","499","蒲田ＩＭＯＮボウル"
"2749","KA070605","499","アカフーボウル"
"2750","TK060122","498","マルアイボウリング"
"2751","KA070027","498","アカフーボウル"
"","KA070027","498","アカフーボウル"
"2752","IB040026","498","スポーレボウル"
"2753","CH040075","498","ときわ平 ボウリングセンター"
"2754","NA040002","498","アピナボウル安曇野店"
"2755","KA170038","498","伊勢原ボウリングセンター"
"2756","IB040085","498","スポーレボウル"
"2757","NA030102","498","アストロボウル"
"2758","NA060111","498","ボウリング王国スポルト岡谷店"
"2759","SA020035","498","所沢スターレーン"
"2760","GU030157","498","パークレーン高崎"
"2761","KA010306","498","川崎グランドボウル"
"2762","GU010097","498","桐生スターレーン"
"2763","GU040168","498","藤岡ボウル"
"2764","GU030194","498","パークレーン高崎"
"2765","KA070382","498","アカフーボウル"
"","KA070382","498","アカフーボウル"
"2766","IB040330","498","スポーレボウル"
"","IB040330","498","スポーレボウル"
"2767","TK140052","498","池袋ロサボウル"
"2768","IB030322","498","神栖ボウル"
"2769","IB080003","498","フジ取手ボウル"
"2770","NA010100","498","新飯田オークラボウル"
"2771","NA030255","498","アストロボウル"
"2772","KA070485","498","アカフーボウル"
"","KA070485","498","アカフーボウル"
"2773","CH010030","498","本八幡スターレーン"
"2774","CH020237","498","北小金ボウル"
"2775","CH040433","498","ときわ平 ボウリングセンター"
"2776","NA060201","498","ボウリング王国スポルト岡谷店"
"2777","KA160269","498","桜ヶ丘ボウリングセンター"
"2778","IB030503","498","神栖ボウル"
"2779","KA010479","498","川崎グランドボウル"
"2780","TK090167","498","蒲田ＩＭＯＮボウル"
"2781","CH040544","498","ときわ平 ボウリングセンター"
"2782","CH040546","498","ときわ平 ボウリングセンター"
"2783","IB040013","497","スポーレボウル"
"2784","KA070152","497","アカフーボウル"
"","KA070152","497","アカフーボウル"
"2785","KA040081","497","ムサシボウル"
"2786","KA020063","497","タチバナボウル"
"2787","KA160084","497","桜ヶ丘ボウリングセンター"
"2788","GU050102","497","ドリームスタジアム太田"
"2789","NA040029","497","アピナボウル安曇野店"
"2790","TK130128","497","ＳＡＰ日野ボウル"
"2791","TK050020","497","立川スターレーン"
"2792","KA010293","497","川崎グランドボウル"
"2793","IB040275","497","スポーレボウル"
"2794","GU030188","497","パークレーン高崎"
"2795","IB040283","497","スポーレボウル"
"2796","TC030398","497","宇都宮第二トーヨーボウル"
"2797","CH010076","497","本八幡スターレーン"
"2798","CH040298","497","ときわ平 ボウリングセンター"
"2799","KA170049","497","伊勢原ボウリングセンター"
"2800","CH030182","497","富津スターレーン"
"2801","TC030414","497","宇都宮第二トーヨーボウル"
"2802","KA070412","497","アカフーボウル"
"","KA070412","497","アカフーボウル"
"2803","IB030307","497","神栖ボウル"
"2804","TK110004","497","笹塚ボウル"
"2805","IB040348","497","スポーレボウル"
"2806","KA060009","497","ハマボール"
"2807","GU020210","497","エメラルドボウル"
"2808","TC010080","497","足利スターレーン"
"2809","CH040436","497","ときわ平 ボウリングセンター"
"2810","CH040488","497","ときわ平 ボウリングセンター"
"2811","KA010484","497","川崎グランドボウル"
"2812","TK060022","496","マルアイボウリング"
"2813","TK060104","496","マルアイボウリング"
"2814","TK060142","496","マルアイボウリング"
"2815","TK060262","496","マルアイボウリング"
"2816","KA070031","496","アカフーボウル"
"","KA070031","496","アカフーボウル"
"2817","IB030017","496","神栖ボウル"
"2818","CH040076","496","ときわ平 ボウリングセンター"
"2819","KA170034","496","伊勢原ボウリングセンター"
"2820","IB040057","496","スポーレボウル"
"2821","TC030088","496","宇都宮第二トーヨーボウル"
"2822","TC030100","496","宇都宮第二トーヨーボウル"
"2823","GU050066","496","ドリームスタジアム太田"
"2824","SA020025","496","所沢スターレーン"
"2825","TK070072","496","練馬トーホーボール"
"2826","TK090032","496","蒲田ＩＭＯＮボウル"
"2827","CH020209","496","北小金ボウル"
"2828","YA040011","496","都留ファミリーボウル"
"2829","IB040193","496","スポーレボウル"
"2830","TK050002","496","立川スターレーン"
"2831","IB040224","496","スポーレボウル"
"2832","KA010276","496","川崎グランドボウル"
"2833","CH040261","496","ときわ平 ボウリングセンター"
"2834","IB030232","496","神栖ボウル"
"2835","GU050132","496","ドリームスタジアム太田"
"2836","CH040303","496","ときわ平 ボウリングセンター"
"2837","IB030249","496","神栖ボウル"
"2838","CH040320","496","ときわ平 ボウリングセンター"
"2839","KA150039","496","相模ファーストレーン"
"2840","SA020081","496","所沢スターレーン"
"2841","IB030364","496","神栖ボウル"
"2842","CH020243","496","北小金ボウル"
"2843","CH020319","496","北小金ボウル"
"2844","GU030287","496","パークレーン高崎"
"2845","CH040508","496","ときわ平 ボウリングセンター"
"2846","CH040522","496","ときわ平 ボウリングセンター"
"2847","GU030107","495","パークレーン高崎"
"2848","NA060004","495","ボウリング王国スポルト岡谷店"
"2849","TK060126","495","マルアイボウリング"
"2850","TK070005","495","練馬トーホーボール"
"2851","KA070026","495","アカフーボウル"
"","KA070026","495","アカフーボウル"
"2852","KA160021","495","桜ヶ丘ボウリングセンター"
"2853","CH020059","495","北小金ボウル"
"2854","KA020036","495","タチバナボウル"
"2855","TK060230","495","マルアイボウリング"
"2856","CH010018","495","本八幡スターレーン"
"2857","NA060040","495","ボウリング王国スポルト岡谷店"
"2858","SA130002","495","アイビーボウル越谷"
"2859","KA010100","495","川崎グランドボウル"
"2860","NA030057","495","アストロボウル"
"2861","GU050048","495","ドリームスタジアム太田"
"2862","NA060077","495","ボウリング王国スポルト岡谷店"
"2863","NA060087","495","ボウリング王国スポルト岡谷店"
"2864","TK070087","495","練馬トーホーボール"
"2865","IB030106","495","神栖ボウル"
"2866","CH040170","495","ときわ平 ボウリングセンター"
"2867","YA010085","495","ダイトースターレーン双葉"
"2868","TK060068","495","マルアイボウリング"
"2869","IB040260","495","スポーレボウル"
"2870","GU030184","495","パークレーン高崎"
"2871","GU040166","495","藤岡ボウル"
"2872","TK090088","495","蒲田ＩＭＯＮボウル"
"2873","KA010340","495","川崎グランドボウル"
"2874","IB040316","495","スポーレボウル"
"2875","KA160230","495","桜ヶ丘ボウリングセンター"
"2876","TK090104","495","蒲田ＩＭＯＮボウル"
"2877","TK060363","495","マルアイボウリング"
"2878","KA070489","495","アカフーボウル"
"","KA070489","495","アカフーボウル"
"2879","KA070490","495","アカフーボウル"
"","KA070490","495","アカフーボウル"
"2880","IB010040","495","勝田パークボウル"
"2881","TK060516","495","マルアイボウリング"
"2882","NA060194","495","ボウリング王国スポルト岡谷店"
"2883","NA010124","495","新飯田オークラボウル"
"2884","CH030236","495","富津スターレーン"
"2885","CH040472","495","ときわ平 ボウリングセンター"
"2886","KA100009","495","寒川セントラルボウル"
"2887","TK170031","495","高田馬場グランドボウル"
"2888","NA010134","495","新飯田オークラボウル"
"2889","IB040562","495","スポーレボウル"
"2890","IB040565","495","スポーレボウル"
"2891","GU030277","494","パークレーン高崎"
"2892","CH020069","494","北小金ボウル"
"2893","KA070002","494","アカフーボウル"
"2894","YA010003","494","ダイトースターレーン双葉"
"2895","KA010017","494","川崎グランドボウル"
"2896","NA030031","494","アストロボウル"
"2897","TK130002","494","ＳＡＰ日野ボウル"
"2898","KA160019","494","桜ヶ丘ボウリングセンター"
"2899","NA060031","494","ボウリング王国スポルト岡谷店"
"2900","NA030038","494","アストロボウル"
"2901","KA160077","494","桜ヶ丘ボウリングセンター"
"","KA160077","494","桜ヶ丘ボウリングセンター"
"2902","GU020098","494","エメラルドボウル"
"2903","CH030080","494","富津スターレーン"
"2904","NA010063","494","新飯田オークラボウル"
"2905","KA160080","494","桜ヶ丘ボウリングセンター"
"","KA160080","494","桜ヶ丘ボウリングセンター"
"2906","TC030246","494","宇都宮第二トーヨーボウル"
"2907","GU020120","494","エメラルドボウル"
"2908","IB030129","494","神栖ボウル"
"2909","TK130122","494","ＳＡＰ日野ボウル"
"2910","KA160170","494","桜ヶ丘ボウリングセンター"
"2911","CH020191","494","北小金ボウル"
"2912","IB030164","494","神栖ボウル"
"2913","IB030170","494","神栖ボウル"
"2914","SA020037","494","所沢スターレーン"
"2915","TK090067","494","蒲田ＩＭＯＮボウル"
"2916","GU050108","494","ドリームスタジアム太田"
"2917","NA010081","494","新飯田オークラボウル"
"2918","TK050053","494","立川スターレーン"
"2919","GU010099","494","桐生スターレーン"
"2920","NA060144","494","ボウリング王国スポルト岡谷店"
"2921","TK090090","494","蒲田ＩＭＯＮボウル"
"2922","KA070437","494","アカフーボウル"
"","KA070437","494","アカフーボウル"
"2923","CH040401","494","ときわ平 ボウリングセンター"
"2924","KA110059","494","コロナキャットボウル小田原店"
"2925","KA150138","494","相模ファーストレーン"
"2926","KA040532","494","ムサシボウル"
"2927","TK050131","494","立川スターレーン"
"2928","NA030274","494","アストロボウル"
"2929","TK150049","494","東京ポートボウル"
"2930","NA030293","494","アストロボウル"
"2931","CH020286","494","北小金ボウル"
"2932","GU030267","494","パークレーン高崎"
"2933","TK060646","494","マルアイボウリング"
"2934","KA040224","494","ムサシボウル"
"2935","IB010053","494","勝田パークボウル"
"2936","KA070012","493","アカフーボウル"
"","KA070012","493","アカフーボウル"
"2937","CH040003","493","ときわ平 ボウリングセンター"
"2938","TK060125","493","マルアイボウリング"
"2939","KA150003","493","相模ファーストレーン"
"2940","GU030082","493","パークレーン高崎"
"2941","TK060111","493","マルアイボウリング"
"2942","KA160038","493","桜ヶ丘ボウリングセンター"
"2943","GU030061","493","パークレーン高崎"
"2944","NA050025","493","アピナボウル長野篠ノ井店"
"2945","KA150021","493","相模ファーストレーン"
"","KA150021","493","相模ファーストレーン"
"2946","IB030082","493","神栖ボウル"
"2947","GU010039","493","桐生スターレーン"
"2948","IB030090","493","神栖ボウル"
"2949","CH030096","493","富津スターレーン"
"2950","GU020113","493","エメラルドボウル"
"2951","GU010060","493","桐生スターレーン"
"2952","GU050112","493","ドリームスタジアム太田"
"2953","CH030143","493","富津スターレーン"
"2954","GU030155","493","パークレーン高崎"
"2955","YA010123","493","ダイトースターレーン双葉"
"2956","IB040280","493","スポーレボウル"
"2957","TK080022","493","高尾スターレーン"
"2958","CH010078","493","本八幡スターレーン"
"2959","TC030396","493","宇都宮第二トーヨーボウル"
"2960","TK130190","493","ＳＡＰ日野ボウル"
"2961","KA010350","493","川崎グランドボウル"
"2962","GU010116","493","桐生スターレーン"
"2963","GU050150","493","ドリームスタジアム太田"
"2964","TK060467","493","マルアイボウリング"
"2965","GU050166","493","ドリームスタジアム太田"
"2966","CH040409","493","ときわ平 ボウリングセンター"
"2967","TK050138","493","立川スターレーン"
"2968","CH020328","493","北小金ボウル"
"2969","IB030473","493","神栖ボウル"
"2970","KA010002","492","川崎グランドボウル"
"2971","CH010013","492","本八幡スターレーン"
"","CH010013","492","本八幡スターレーン"
"2972","IB040070","492","スポーレボウル"
"2973","NA030067","492","アストロボウル"
"2974","CH020131","492","北小金ボウル"
"2975","IB040114","492","スポーレボウル"
"2976","YA010071","492","ダイトースターレーン双葉"
"2977","TK130101","492","ＳＡＰ日野ボウル"
"2978","TK070134","492","練馬トーホーボール"
"2979","KA070311","492","アカフーボウル"
"","KA070311","492","アカフーボウル"
"2980","KA160150","492","桜ヶ丘ボウリングセンター"
"","KA160150","492","桜ヶ丘ボウリングセンター"
"2981","YA010118","492","ダイトースターレーン双葉"
"2982","NA060149","492","ボウリング王国スポルト岡谷店"
"2983","KA070383","492","アカフーボウル"
"","KA070383","492","アカフーボウル"
"2984","GU030225","492","パークレーン高崎"
"2985","KA070401","492","アカフーボウル"
"","KA070401","492","アカフーボウル"
"2986","KA160214","492","桜ヶ丘ボウリングセンター"
"2987","TK060348","492","マルアイボウリング"
"2988","KA110010","492","コロナキャットボウル小田原店"
"2989","KA050024","492","ボウリング王国 スポルト八景店"
"2990","TK050125","492","立川スターレーン"
"2991","GU040197","492","藤岡ボウル"
"2992","KA070468","492","アカフーボウル"
"","KA070468","492","アカフーボウル"
"2993","TC010069","492","足利スターレーン"
"2994","CH020234","492","北小金ボウル"
"2995","NA030309","492","アストロボウル"
"2996","IB030517","492","神栖ボウル"
"2997","CH040503","492","ときわ平 ボウリングセンター"
"2998","IB030526","492","神栖ボウル"
"2999","NA030343","492","アストロボウル"
"3000","CH030004","491","富津スターレーン"
"3001","CH040023","491","ときわ平 ボウリングセンター"
"3002","IB030003","491","神栖ボウル"
"3003","CH020016","491","北小金ボウル"
"3004","KA160028","491","桜ヶ丘ボウリングセンター"
"3005","TK130044","491","ＳＡＰ日野ボウル"
"3006","IB030059","491","神栖ボウル"
"3007","NA020041","491","アピナボウル松本城山店"
"3008","KA070155","491","アカフーボウル"
"","KA070155","491","アカフーボウル"
"3009","GU040087","491","藤岡ボウル"
"","GU040087","491","藤岡ボウル"
"3010","NA030095","491","アストロボウル"
"3011","YA010077","491","ダイトースターレーン双葉"
"3012","CH030103","491","富津スターレーン"
"3013","CH040212","491","ときわ平 ボウリングセンター"
"3014","TK070125","491","練馬トーホーボール"
"3015","KA140047","491","相模原パークレーンズ"
"3016","CH030162","491","富津スターレーン"
"3017","GU030173","491","パークレーン高崎"
"3018","TK050041","491","立川スターレーン"
"3019","KA010301","491","川崎グランドボウル"
"3020","GU010103","491","桐生スターレーン"
"3021","TK080050","491","高尾スターレーン"
"3022","IB010033","491","勝田パークボウル"
"3023","TC030468","491","宇都宮第二トーヨーボウル"
"3024","IB080005","491","フジ取手ボウル"
"3025","CH010096","491","本八幡スターレーン"
"","CH010096","491","本八幡スターレーン"
"3026","KA010381","491","川崎グランドボウル"
"3027","IB040358","491","スポーレボウル"
"","IB040358","491","スポーレボウル"
"3028","TK050127","491","立川スターレーン"
"3029","TC010050","491","足利スターレーン"
"3030","CH020274","491","北小金ボウル"
"3031","TK070242","491","練馬トーホーボール"
"3032","GU010158","491","桐生スターレーン"
"3033","TK080028","491","高尾スターレーン"
"3034","TK080029","491","高尾スターレーン"
"3035","KA040235","491","ムサシボウル"
"3036","TC010128","491","足利スターレーン"
"3037","IB040546","491","スポーレボウル"
"","IB040546","491","スポーレボウル"
"3038","GU030080","490","パークレーン高崎"
"3039","CH020031","490","北小金ボウル"
"3040","KA150112","490","相模ファーストレーン"
"","KA150112","490","相模ファーストレーン"
"3041","KA070121","490","アカフーボウル"
"","KA070121","490","アカフーボウル"
"3042","KA070148","490","アカフーボウル"
"","KA070148","490","アカフーボウル"
"3043","IB040137","490","スポーレボウル"
"3044","GU010036","490","桐生スターレーン"
"3045","KA070182","490","アカフーボウル"
"","KA070182","490","アカフーボウル"
"3046","CH030088","490","富津スターレーン"
"3047","IB030103","490","神栖ボウル"
"3048","NA060112","490","ボウリング王国スポルト岡谷店"
"3049","KA050017","490","ボウリング王国 スポルト八景店"
"3050","SA020059","490","所沢スターレーン"
"3051","TK070122","490","練馬トーホーボール"
"3052","CH040284","490","ときわ平 ボウリングセンター"
"3053","KA010307","490","川崎グランドボウル"
"3054","TK070154","490","練馬トーホーボール"
"3055","CH040300","490","ときわ平 ボウリングセンター"
"3056","SA020072","490","所沢スターレーン"
"3057","YA010135","490","ダイトースターレーン双葉"
"3058","KA040167","490","ムサシボウル"
"3059","IB040324","490","スポーレボウル"
"3060","CH040349","490","ときわ平 ボウリングセンター"
"3061","KA110022","490","コロナキャットボウル小田原店"
"3062","NA030249","490","アストロボウル"
"3063","GU010141","490","桐生スターレーン"
"3064","TC010078","490","足利スターレーン"
"3065","NA050074","490","アピナボウル長野篠ノ井店"
"3066","CH040438","490","ときわ平 ボウリングセンター"
"3067","KA010440","490","川崎グランドボウル"
"3068","KA010454","490","川崎グランドボウル"
"3069","SA020005","489","所沢スターレーン"
"3070","TK070007","489","練馬トーホーボール"
"3071","KA150005","489","相模ファーストレーン"
"3072","CH010014","489","本八幡スターレーン"
"","CH010014","489","本八幡スターレーン"
"3073","KA010060","489","川崎グランドボウル"
"3074","CH010015","489","本八幡スターレーン"
"","CH010015","489","本八幡スターレーン"
"3075","YA010032","489","ダイトースターレーン双葉"
"3076","GU050016","489","ドリームスタジアム太田"
"3077","KA010110","489","川崎グランドボウル"
"3078","GU050067","489","ドリームスタジアム太田"
"3079","CH020133","489","北小金ボウル"
"3080","CH040123","489","ときわ平 ボウリングセンター"
"3081","CH010052","489","本八幡スターレーン"
"3082","CH040181","489","ときわ平 ボウリングセンター"
"3083","YA010090","489","ダイトースターレーン双葉"
"3084","NA030134","489","アストロボウル"
"3085","IB030127","489","神栖ボウル"
"3086","KA040119","489","ムサシボウル"
"3087","IB030217","489","神栖ボウル"
"3088","CH040285","489","ときわ平 ボウリングセンター"
"3089","IB030266","489","神栖ボウル"
"3090","IB040343","489","スポーレボウル"
"3091","YA040029","489","都留ファミリーボウル"
"3092","TK060566","489","マルアイボウリング"
"3093","TK060534","489","マルアイボウリング"
"3094","KA050034","489","ボウリング王国 スポルト八景店"
"3095","GU050210","489","ドリームスタジアム太田"
"3096","CH030014","488","富津スターレーン"
"3097","NA060006","488","ボウリング王国スポルト岡谷店"
"3098","IB030001","488","神栖ボウル"
"3099","CH040043","488","ときわ平 ボウリングセンター"
"3100","KA070057","488","アカフーボウル"
"","KA070057","488","アカフーボウル"
"3101","CH020046","488","北小金ボウル"
"3102","TK060171","488","マルアイボウリング"
"3103","NA010022","488","新飯田オークラボウル"
"3104","GU030062","488","パークレーン高崎"
"3105","NA030066","488","アストロボウル"
"3106","KA070118","488","アカフーボウル"
"","KA070118","488","アカフーボウル"
"3107","NA030068","488","アストロボウル"
"3108","CH020117","488","北小金ボウル"
"3109","NA050015","488","アピナボウル長野篠ノ井店"
"3110","KA010128","488","川崎グランドボウル"
"","KA010128","488","川崎グランドボウル"
"3111","CH040143","488","ときわ平 ボウリングセンター"
"3112","TK060178","488","マルアイボウリング"
"3113","KA070201","488","アカフーボウル"
"","KA070201","488","アカフーボウル"
"3114","NA030135","488","アストロボウル"
"3115","GU030120","488","パークレーン高崎"
"3116","CH040189","488","ときわ平 ボウリングセンター"
"3117","IB030145","488","神栖ボウル"
"3118","CH020179","488","北小金ボウル"
"3119","TK060427","488","マルアイボウリング"
"3120","IB040228","488","スポーレボウル"
"","IB040228","488","スポーレボウル"
"3121","KA130002","488","ボウリング王国 スポルト横須賀店"
"3122","GU020153","488","エメラルドボウル"
"3123","TK050031","488","立川スターレーン"
"3124","TK060358","488","マルアイボウリング"
"3125","KA010321","488","川崎グランドボウル"
"3126","YA010129","488","ダイトースターレーン双葉"
"3127","TK050054","488","立川スターレーン"
"3128","NA030205","488","アストロボウル"
"3129","CH010080","488","本八幡スターレーン"
"","CH010080","488","本八幡スターレーン"
"3130","KA070420","488","アカフーボウル"
"","KA070420","488","アカフーボウル"
"3131","KA070429","488","アカフーボウル"
"","KA070429","488","アカフーボウル"
"3132","IB040349","488","スポーレボウル"
"","IB040349","488","スポーレボウル"
"3133","IB040363","488","スポーレボウル"
"","IB040363","488","スポーレボウル"
"3134","KA070473","488","アカフーボウル"
"","KA070473","488","アカフーボウル"
"3135","KA040539","488","ムサシボウル"
"","KA040539","488","ムサシボウル"
"3136","KA070507","488","アカフーボウル"
"3137","IB040405","488","スポーレボウル"
"","IB040405","488","スポーレボウル"
"3138","KA070519","488","アカフーボウル"
"3139","IB040424","488","スポーレボウル"
"","IB040424","488","スポーレボウル"
"3140","GU030264","488","パークレーン高崎"
"3141","CH030241","488","富津スターレーン"
"3142","KA070622","488","アカフーボウル"
"","KA070622","488","アカフーボウル"
"3143","IB040505","488","スポーレボウル"
"3144","CH010110","488","本八幡スターレーン"
"3145","IB040536","488","スポーレボウル"
"3146","IB030547","488","神栖ボウル"
"3147","NA030358","488","アストロボウル"
"3148","KA170017","487","伊勢原ボウリングセンター"
"3149","KA040046","487","ムサシボウル"
"3150","KA050009","487","ボウリング王国 スポルト八景店"
"3151","KA020043","487","タチバナボウル"
"3152","CH020096","487","北小金ボウル"
"3153","GU050054","487","ドリームスタジアム太田"
"3154","NA030075","487","アストロボウル"
"3155","NA010058","487","新飯田オークラボウル"
"3156","KA070149","487","アカフーボウル"
"","KA070149","487","アカフーボウル"
"3157","IB030081","487","神栖ボウル"
"3158","GU040123","487","藤岡ボウル"
"3159","GU030167","487","パークレーン高崎"
"3160","GU020117","487","エメラルドボウル"
"3161","KA150126","487","相模ファーストレーン"
"3162","GU040144","487","藤岡ボウル"
"3163","GU030156","487","パークレーン高崎"
"3164","TK050045","487","立川スターレーン"
"3165","KA160161","487","桜ヶ丘ボウリングセンター"
"","KA160161","487","桜ヶ丘ボウリングセンター"
"3166","KA010331","487","川崎グランドボウル"
"3167","TK050066","487","立川スターレーン"
"3168","TC010008","487","足利スターレーン"
"3169","CH010084","487","本八幡スターレーン"
"3170","SA050007","487","ＳＡＰ草加ボウル"
"3171","SA050008","487","ＳＡＰ草加ボウル"
"3172","CH030219","487","富津スターレーン"
"3173","TK050106","487","立川スターレーン"
"3174","IB010039","487","勝田パークボウル"
"3175","TC010085","487","足利スターレーン"
"3176","KA070546","487","アカフーボウル"
"3177","CH010033","487","本八幡スターレーン"
"3178","CH040499","487","ときわ平 ボウリングセンター"
"3179","KA040239","487","ムサシボウル"
"3180","GU050211","487","ドリームスタジアム太田"
"3181","NA060217","487","ボウリング王国スポルト岡谷店"
"3182","TK070260","487","練馬トーホーボール"
"3183","IB030582","487","神栖ボウル"
"3184","KA110082","487","コロナキャットボウル小田原店"
"3185","GU020022","486","エメラルドボウル"
"3186","TC030123","486","宇都宮第二トーヨーボウル"
"3187","KA040509","486","ムサシボウル"
"3188","GU050059","486","ドリームスタジアム太田"
"3189","GU050083","486","ドリームスタジアム太田"
"3190","NA020055","486","アピナボウル松本城山店"
"3191","KA070183","486","アカフーボウル"
"","KA070183","486","アカフーボウル"
"3192","KA040070","486","ムサシボウル"
"3193","CH030098","486","富津スターレーン"
"3194","KA070189","486","アカフーボウル"
"","KA070189","486","アカフーボウル"
"3195","KA160121","486","桜ヶ丘ボウリングセンター"
"","KA160121","486","桜ヶ丘ボウリングセンター"
"3196","KA160172","486","桜ヶ丘ボウリングセンター"
"3197","TK060099","486","マルアイボウリング"
"3198","CH040246","486","ときわ平 ボウリングセンター"
"","TK060340","486","マルアイボウリング"
"3199","TK060340","486","マルアイボウリング"
"3200","CH030209","486","富津スターレーン"
"3201","CH040351","486","ときわ平 ボウリングセンター"
"3202","TK070185","486","練馬トーホーボール"
"3203","CH040399","486","ときわ平 ボウリングセンター"
"3204","TK060286","486","マルアイボウリング"
"3205","GU050152","486","ドリームスタジアム太田"
"3206","NA010115","486","新飯田オークラボウル"
"3207","YA010171","486","ダイトースターレーン双葉"
"3208","IB030439","486","神栖ボウル"
"3209","TC010106","486","足利スターレーン"
"3210","IB030453","486","神栖ボウル"
"3211","KA160262","486","桜ヶ丘ボウリングセンター"
"3212","NA010126","486","新飯田オークラボウル"
"3213","TK050159","486","立川スターレーン"
"3214","IB040492","486","スポーレボウル"
"3215","IB010055","486","勝田パークボウル"
"3216","IB040553","486","スポーレボウル"
"3217","GU030113","485","パークレーン高崎"
"3218","IB010002","485","勝田パークボウル"
"3219","KA170031","485","伊勢原ボウリングセンター"
"3220","CH040082","485","ときわ平 ボウリングセンター"
"3221","KA040038","485","ムサシボウル"
"3222","KA070106","485","アカフーボウル"
"","KA070106","485","アカフーボウル"
"3223","IB040100","485","スポーレボウル"
"3224","IB030057","485","神栖ボウル"
"3225","IB030089","485","神栖ボウル"
"3226","NA060082","485","ボウリング王国スポルト岡谷店"
"3227","TK060148","485","マルアイボウリング"
"3228","TK130119","485","ＳＡＰ日野ボウル"
"3229","IB030162","485","神栖ボウル"
"3230","IB040202","485","スポーレボウル"
"","IB040202","485","スポーレボウル"
"3231","GU020145","485","エメラルドボウル"
"3232","NA060130","485","ボウリング王国スポルト岡谷店"
"3233","IB040290","485","スポーレボウル"
"3234","NA060148","485","ボウリング王国スポルト岡谷店"
"3235","KA010367","485","川崎グランドボウル"
"3236","TK050107","485","立川スターレーン"
"3237","TK050077","485","立川スターレーン"
"3238","KA010403","485","川崎グランドボウル"
"","KA010403","485","川崎グランドボウル"
"3239","TK070237","485","練馬トーホーボール"
"3240","TK060517","485","マルアイボウリング"
"3241","IB030464","485","神栖ボウル"
"3242","KA070583","485","アカフーボウル"
"3243","TK060648","485","マルアイボウリング"
"3244","KA010472","485","川崎グランドボウル"
"3245","GU020212","485","エメラルドボウル"
"3246","IB040512","485","スポーレボウル"
"3247","CH040534","485","ときわ平 ボウリングセンター"
"3248","IB040573","485","スポーレボウル"
"3249","CH040028","484","ときわ平 ボウリングセンター"
"3250","NA020022","484","アピナボウル松本城山店"
"3251","KA150122","484","相模ファーストレーン"
"3252","KA070131","484","アカフーボウル"
"","KA070131","484","アカフーボウル"
"3253","IB040125","484","スポーレボウル"
"3254","KA070168","484","アカフーボウル"
"","KA070168","484","アカフーボウル"
"3255","CH040134","484","ときわ平 ボウリングセンター"
"3256","CH010054","484","本八幡スターレーン"
"","CH010054","484","本八幡スターレーン"
"3257","CH040176","484","ときわ平 ボウリングセンター"
"3258","IB030117","484","神栖ボウル"
"3259","IB030126","484","神栖ボウル"
"3260","TK090049","484","蒲田ＩＭＯＮボウル"
"3261","IB030138","484","神栖ボウル"
"3262","GU010076","484","桐生スターレーン"
"3263","IB030184","484","神栖ボウル"
"3264","GU050113","484","ドリームスタジアム太田"
"3265","CH010065","484","本八幡スターレーン"
"3266","TC030283","484","宇都宮第二トーヨーボウル"
"3267","NA050049","484","アピナボウル長野篠ノ井店"
"3268","TK050024","484","立川スターレーン"
"3269","NA010095","484","新飯田オークラボウル"
"3270","CH040318","484","ときわ平 ボウリングセンター"
"3271","GU010113","484","桐生スターレーン"
"3272","KA160210","484","桜ヶ丘ボウリングセンター"
"3273","IB030294","484","神栖ボウル"
"3274","KA070408","484","アカフーボウル"
"","KA070408","484","アカフーボウル"
"3275","TK070178","484","練馬トーホーボール"
"3276","NA030240","484","アストロボウル"
"3277","GU030238","484","パークレーン高崎"
"3278","CH030220","484","富津スターレーン"
"3279","IB040377","484","スポーレボウル"
"3280","CH020236","484","北小金ボウル"
"3281","KA150142","484","相模ファーストレーン"
"3282","IB030422","484","神栖ボウル"
"3283","TK130231","484","ＳＡＰ日野ボウル"
"3284","CH020289","484","北小金ボウル"
"3285","NA060192","484","ボウリング王国スポルト岡谷店"
"3286","GU050197","484","ドリームスタジアム太田"
"3287","TK070107","484","練馬トーホーボール"
"3288","NA030312","484","アストロボウル"
"3289","CH040517","484","ときわ平 ボウリングセンター"
"3290","GU050212","484","ドリームスタジアム太田"
"3291","SA050026","484","ＳＡＰ草加ボウル"
"3292","TK090181","484","蒲田ＩＭＯＮボウル"
"3293","IB010008","483","勝田パークボウル"
"3294","NA010014","483","新飯田オークラボウル"
"3295","KA020018","483","タチバナボウル"
"3296","CH040058","483","ときわ平 ボウリングセンター"
"3297","KA040027","483","ムサシボウル"
"3298","TK060229","483","マルアイボウリング"
"3299","KA010098","483","川崎グランドボウル"
"3300","NA060053","483","ボウリング王国スポルト岡谷店"
"3301","NA060054","483","ボウリング王国スポルト岡谷店"
"3302","GU010030","483","桐生スターレーン"
"3303","TK130091","483","ＳＡＰ日野ボウル"
"3304","NA060080","483","ボウリング王国スポルト岡谷店"
"3305","NA030117","483","アストロボウル"
"3306","KA160093","483","桜ヶ丘ボウリングセンター"
"3307","KA160099","483","桜ヶ丘ボウリングセンター"
"","KA160099","483","桜ヶ丘ボウリングセンター"
"3308","NA010076","483","新飯田オークラボウル"
"3309","TK060344","483","マルアイボウリング"
"3310","KA070282","483","アカフーボウル"
"","KA070282","483","アカフーボウル"
"3311","KA140048","483","相模原パークレーンズ"
"3312","CH040267","483","ときわ平 ボウリングセンター"
"3313","IB040249","483","スポーレボウル"
"","IB040249","483","スポーレボウル"
"3314","TC030384","483","宇都宮第二トーヨーボウル"
"3315","NA030222","483","アストロボウル"
"3316","TK170010","483","高田馬場グランドボウル"
"3317","IB010032","483","勝田パークボウル"
"3318","YA010161","483","ダイトースターレーン双葉"
"3319","IB030306","483","神栖ボウル"
"3320","TK080025","483","高尾スターレーン"
"3321","KA070462","483","アカフーボウル"
"","KA070462","483","アカフーボウル"
"3322","TK090130","483","蒲田ＩＭＯＮボウル"
"3323","TK050121","483","立川スターレーン"
"3324","IB040420","483","スポーレボウル"
"","IB040420","483","スポーレボウル"
"3325","CH020261","483","北小金ボウル"
"3326","CH040448","483","ときわ平 ボウリングセンター"
"3327","IB030513","483","神栖ボウル"
"3328","KA010477","483","川崎グランドボウル"
"3329","NA060210","483","ボウリング王国スポルト岡谷店"
"3330","TK130245","483","ＳＡＰ日野ボウル"
"3331","TK090169","483","蒲田ＩＭＯＮボウル"
"3332","GU050213","483","ドリームスタジアム太田"
"3333","KA010005","482","川崎グランドボウル"
"","KA010005","482","川崎グランドボウル"
"3334","CH030026","482","富津スターレーン"
"3335","IB040028","482","スポーレボウル"
"3336","TC030029","482","宇都宮第二トーヨーボウル"
"3337","KA070053","482","アカフーボウル"
"","KA070053","482","アカフーボウル"
"3338","GU020006","482","エメラルドボウル"
"3339","TK130042","482","ＳＡＰ日野ボウル"
"3340","KA010101","482","川崎グランドボウル"
"3341","CH010027","482","本八幡スターレーン"
"3342","IB040084","482","スポーレボウル"
"3343","KA010142","482","川崎グランドボウル"
"3344","NA030109","482","アストロボウル"
"3345","KA050015","482","ボウリング王国 スポルト八景店"
"3346","GU030145","482","パークレーン高崎"
"3347","TK130157","482","ＳＡＰ日野ボウル"
"3348","TK060265","482","マルアイボウリング"
"3349","KA130009","482","ボウリング王国 スポルト横須賀店"
"3350","NA030182","482","アストロボウル"
"3351","NA030230","482","アストロボウル"
"3352","NA030231","482","アストロボウル"
"3353","TK140046","482","池袋ロサボウル"
"3354","YA010162","482","ダイトースターレーン双葉"
"3355","KA160246","482","桜ヶ丘ボウリングセンター"
"","KA160246","482","桜ヶ丘ボウリングセンター"
"3356","KA110038","482","コロナキャットボウル小田原店"
"3357","YA040037","482","都留ファミリーボウル"
"3358","KA070525","482","アカフーボウル"
"3359","NA060202","482","ボウリング王国スポルト岡谷店"
"3360","CH040466","482","ときわ平 ボウリングセンター"
"3361","KA010481","482","川崎グランドボウル"
"3362","NA030323","482","アストロボウル"
"3363","KA040008","481","ムサシボウル"
"3364","KA010054","481","川崎グランドボウル"
"3365","NA060025","481","ボウリング王国スポルト岡谷店"
"3366","YA010048","481","ダイトースターレーン双葉"
"3367","CH030042","481","富津スターレーン"
"3368","KA160042","481","桜ヶ丘ボウリングセンター"
"3369","TK090005","481","蒲田ＩＭＯＮボウル"
"3370","KA050010","481","ボウリング王国 スポルト八景店"
"3371","KA010107","481","川崎グランドボウル"
"3372","GU040098","481","藤岡ボウル"
"3373","NA060091","481","ボウリング王国スポルト岡谷店"
"3374","IB010024","481","勝田パークボウル"
"3375","YA010088","481","ダイトースターレーン双葉"
"3376","KA010198","481","川崎グランドボウル"
"3377","NA060099","481","ボウリング王国スポルト岡谷店"
"3378","GU010055","481","桐生スターレーン"
"3379","IB040178","481","スポーレボウル"
"","IB040178","481","スポーレボウル"
"3380","GU050110","481","ドリームスタジアム太田"
"3381","GU010081","481","桐生スターレーン"
"3382","GU030161","481","パークレーン高崎"
"3383","KA140053","481","相模原パークレーンズ"
"3384","TK170005","481","高田馬場グランドボウル"
"3385","CH040316","481","ときわ平 ボウリングセンター"
"3386","IB030279","481","神栖ボウル"
"3387","IB030304","481","神栖ボウル"
"3388","KA010368","481","川崎グランドボウル"
"3389","TC010021","481","足利スターレーン"
"3390","TK070211","481","練馬トーホーボール"
"3391","TK050078","481","立川スターレーン"
"3392","TC010082","481","足利スターレーン"
"3393","NA050067","481","アピナボウル長野篠ノ井店"
"3394","CH040507","481","ときわ平 ボウリングセンター"
"3395","GU020237","481","エメラルドボウル"
"3396","TK060102","480","マルアイボウリング"
"3397","GU030003","480","パークレーン高崎"
"3398","KA010061","480","川崎グランドボウル"
"3399","NA010021","480","新飯田オークラボウル"
"3400","KA160110","480","桜ヶ丘ボウリングセンター"
"","KA160110","480","桜ヶ丘ボウリングセンター"
"3401","KA140001","480","相模原パークレーンズ"
"3402","KA160074","480","桜ヶ丘ボウリングセンター"
"","KA160074","480","桜ヶ丘ボウリングセンター"
"3403","GU010042","480","桐生スターレーン"
"3404","TK060180","480","マルアイボウリング"
"3405","CH010063","480","本八幡スターレーン"
"3406","KA050018","480","ボウリング王国 スポルト八景店"
"3407","TK090068","480","蒲田ＩＭＯＮボウル"
"3408","SA020062","480","所沢スターレーン"
"3409","TK080008","480","高尾スターレーン"
"3410","IB010026","480","勝田パークボウル"
"3411","NA060142","480","ボウリング王国スポルト岡谷店"
"3412","NA030221","480","アストロボウル"
"3413","KA160204","480","桜ヶ丘ボウリングセンター"
"3414","IB040344","480","スポーレボウル"
"3415","IB100007","480","ジョイナスボウル坂東"
"","IB100007","480","ジョイナスボウル坂東"
"3416","TK050133","480","立川スターレーン"
"3417","CH010099","480","本八幡スターレーン"
"","CH010099","480","本八幡スターレーン"
"3418","NA060187","480","ボウリング王国スポルト岡谷店"
"3419","KA010417","480","川崎グランドボウル"
"3420","KA110063","480","コロナキャットボウル小田原店"
"3421","TC010149","480","足利スターレーン"
"3422","KA010014","479","川崎グランドボウル"
"3423","TK060109","479","マルアイボウリング"
"3424","YA010033","479","ダイトースターレーン双葉"
"3425","CH030047","479","富津スターレーン"
"3426","SA130001","479","アイビーボウル越谷"
"3427","GU050050","479","ドリームスタジアム太田"
"3428","GU030091","479","パークレーン高崎"
"3429","NA060083","479","ボウリング王国スポルト岡谷店"
"3430","KA040071","479","ムサシボウル"
"3431","NA060092","479","ボウリング王国スポルト岡谷店"
"3432","KA040083","479","ムサシボウル"
"3433","KA070207","479","アカフーボウル"
"","KA070207","479","アカフーボウル"
"3434","TK090053","479","蒲田ＩＭＯＮボウル"
"3435","SA020048","479","所沢スターレーン"
"3436","TC030282","479","宇都宮第二トーヨーボウル"
"3437","CH010068","479","本八幡スターレーン"
"3438","TK050030","479","立川スターレーン"
"3439","KA010309","479","川崎グランドボウル"
"3440","KA050021","479","ボウリング王国 スポルト八景店"
"3441","NA060155","479","ボウリング王国スポルト岡谷店"
"3442","IB010030","479","勝田パークボウル"
"3443","YA030002","479","ボウリング王国スポルト南アルプス店"
"3444","KA070432","479","アカフーボウル"
"","KA070432","479","アカフーボウル"
"3445","GU030232","479","パークレーン高崎"
"3446","TC010020","479","足利スターレーン"
"3447","KA010393","479","川崎グランドボウル"
"","KA010393","479","川崎グランドボウル"
"3448","CH040412","479","ときわ平 ボウリングセンター"
"3449","KA160263","479","桜ヶ丘ボウリングセンター"
"3450","KA110054","479","コロナキャットボウル小田原店"
"3451","NA010138","479","新飯田オークラボウル"
"3452","IB040548","479","スポーレボウル"
"3453","NA030351","479","アストロボウル"
"3454","CH030017","478","富津スターレーン"
"3455","TC030008","478","宇都宮第二トーヨーボウル"
"3456","KA020007","478","タチバナボウル"
"3457","NA030028","478","アストロボウル"
"3458","CH030039","478","富津スターレーン"
"3459","TC030065","478","宇都宮第二トーヨーボウル"
"3460","CH030049","478","富津スターレーン"
"3461","NA020021","478","アピナボウル松本城山店"
"3462","NA050018","478","アピナボウル長野篠ノ井店"
"3463","NA040013","478","アピナボウル安曇野店"
"3464","KA160071","478","桜ヶ丘ボウリングセンター"
"","KA160071","478","桜ヶ丘ボウリングセンター"
"3465","GU020099","478","エメラルドボウル"
"3466","NA060085","478","ボウリング王国スポルト岡谷店"
"3467","GU030164","478","パークレーン高崎"
"3468","NA060117","478","ボウリング王国スポルト岡谷店"
"3469","GU050118","478","ドリームスタジアム太田"
"3470","TC030326","478","宇都宮第二トーヨーボウル"
"3471","GU010090","478","桐生スターレーン"
"3472","IB030231","478","神栖ボウル"
"3473","GU030205","478","パークレーン高崎"
"3474","TK050065","478","立川スターレーン"
"3475","IB040329","478","スポーレボウル"
"3476","GU010129","478","桐生スターレーン"
"3477","KA010380","478","川崎グランドボウル"
"3478","TK050134","478","立川スターレーン"
"3479","NA030259","478","アストロボウル"
"3480","TC010077","478","足利スターレーン"
"3481","NA030280","478","アストロボウル"
"3482","IB030450","478","神栖ボウル"
"3483","IB030451","478","神栖ボウル"
"3484","TK060519","478","マルアイボウリング"
"3485","IB030480","478","神栖ボウル"
"3486","IB030501","478","神栖ボウル"
"3487","IB030510","478","神栖ボウル"
"3488","NA010133","478","新飯田オークラボウル"
"3489","TK060106","477","マルアイボウリング"
"3490","KA070024","477","アカフーボウル"
"","KA070024","477","アカフーボウル"
"3491","NA060018","477","ボウリング王国スポルト岡谷店"
"3492","YA010016","477","ダイトースターレーン双葉"
"3493","KA070082","477","アカフーボウル"
"","KA070082","477","アカフーボウル"
"3494","KA010092","477","川崎グランドボウル"
"3495","GU030049","477","パークレーン高崎"
"3496","NA030044","477","アストロボウル"
"3497","IB030047","477","神栖ボウル"
"3498","KA140002","477","相模原パークレーンズ"
"3499","IB040092","477","スポーレボウル"
"3500","NA020028","477","アピナボウル松本城山店"
"3501","NA010037","477","新飯田オークラボウル"
"3502","NA040018","477","アピナボウル安曇野店"
"3503","KA070161","477","アカフーボウル"
"","KA070161","477","アカフーボウル"
"3504","KA010164","477","川崎グランドボウル"
"3505","KA050014","477","ボウリング王国 スポルト八景店"
"3506","IB040167","477","スポーレボウル"
"3507","NA060109","477","ボウリング王国スポルト岡谷店"
"3508","GU040130","477","藤岡ボウル"
"3509","NA060137","477","ボウリング王国スポルト岡谷店"
"3510","IB030235","477","神栖ボウル"
"3511","CH030197","477","富津スターレーン"
"3512","TC010015","477","足利スターレーン"
"3513","IB030293","477","神栖ボウル"
"3514","KA160232","477","桜ヶ丘ボウリングセンター"
"3515","CH040342","477","ときわ平 ボウリングセンター"
"3516","IB030319","477","神栖ボウル"
"3517","TK140053","477","池袋ロサボウル"
"3518","KA160252","477","桜ヶ丘ボウリングセンター"
"","KA160252","477","桜ヶ丘ボウリングセンター"
"3519","IB040365","477","スポーレボウル"
"","IB040365","477","スポーレボウル"
"3520","NA060175","477","ボウリング王国スポルト岡谷店"
"3521","KA070472","477","アカフーボウル"
"","KA070472","477","アカフーボウル"
"3522","CH040416","477","ときわ平 ボウリングセンター"
"3523","GU050188","477","ドリームスタジアム太田"
"3524","CH020296","477","北小金ボウル"
"3525","TK070239","477","練馬トーホーボール"
"3526","IB040462","477","スポーレボウル"
"","IB040462","477","スポーレボウル"
"3527","TK060185","477","マルアイボウリング"
"3528","NA040041","477","アピナボウル安曇野店"
"3529","YA010006","476","ダイトースターレーン双葉"
"3530","NA030026","476","アストロボウル"
"3531","KA070052","476","アカフーボウル"
"","KA070052","476","アカフーボウル"
"3532","KA010065","476","川崎グランドボウル"
"3533","GU030034","476","パークレーン高崎"
"3534","KA070069","476","アカフーボウル"
"","KA070069","476","アカフーボウル"
"3535","IB030025","476","神栖ボウル"
"3536","NA020027","476","アピナボウル松本城山店"
"3537","KA150118","476","相模ファーストレーン"
"3538","NA010047","476","新飯田オークラボウル"
"3539","IB040111","476","スポーレボウル"
"3540","IB040115","476","スポーレボウル"
"3541","NA010056","476","新飯田オークラボウル"
"3542","GU010032","476","桐生スターレーン"
"3543","CH030100","476","富津スターレーン"
"3544","GU050109","476","ドリームスタジアム太田"
"3545","KA130001","476","ボウリング王国 スポルト横須賀店"
"3546","TK070139","476","練馬トーホーボール"
"3547","YA010132","476","ダイトースターレーン双葉"
"3548","KA010327","476","川崎グランドボウル"
"3549","TK080017","476","高尾スターレーン"
"3550","GU040187","476","藤岡ボウル"
"3551","TC030431","476","宇都宮第二トーヨーボウル"
"3552","CH040360","476","ときわ平 ボウリングセンター"
"3553","GU030233","476","パークレーン高崎"
"3554","SA050013","476","ＳＡＰ草加ボウル"
"3555","KA020101","476","タチバナボウル"
"3556","KA070461","476","アカフーボウル"
"","KA070461","476","アカフーボウル"
"3557","GU040267","476","藤岡ボウル"
"3558","IB030462","476","神栖ボウル"
"3559","IB040477","476","スポーレボウル"
"3560","CH040510","476","ときわ平 ボウリングセンター"
"3561","IB030532","476","神栖ボウル"
"3562","IB030539","476","神栖ボウル"
"3563","NA060233","476","ボウリング王国スポルト岡谷店"
"3564","TK060103","475","マルアイボウリング"
"3565","IB040002","475","スポーレボウル"
"3566","TK060121","475","マルアイボウリング"
"3567","KA010045","475","川崎グランドボウル"
"3568","CH030033","475","富津スターレーン"
"3569","TK060110","475","マルアイボウリング"
"3570","NA040023","475","アピナボウル安曇野店"
"3571","IB010020","475","勝田パークボウル"
"3572","KA010180","475","川崎グランドボウル"
"3573","KA070188","475","アカフーボウル"
"","KA070188","475","アカフーボウル"
"3574","KA070221","475","アカフーボウル"
"","KA070221","475","アカフーボウル"
"3575","TC030259","475","宇都宮第二トーヨーボウル"
"3576","CH030126","475","富津スターレーン"
"3577","TK140016","475","池袋ロサボウル"
"3578","TK090066","475","蒲田ＩＭＯＮボウル"
"3579","KA010292","475","川崎グランドボウル"
"3580","KA040526","475","ムサシボウル"
"3581","KA160226","475","桜ヶ丘ボウリングセンター"
"3582","KA160222","475","桜ヶ丘ボウリングセンター"
"3583","KA160233","475","桜ヶ丘ボウリングセンター"
"3584","NA030238","475","アストロボウル"
"3585","IB030381","475","神栖ボウル"
"3586","CH040413","475","ときわ平 ボウリングセンター"
"3587","KA050029","475","ボウリング王国 スポルト八景店"
"3588","KA110053","475","コロナキャットボウル小田原店"
"3589","TK090164","475","蒲田ＩＭＯＮボウル"
"3590","GU040312","475","藤岡ボウル"
"3591","TK130234","475","ＳＡＰ日野ボウル"
"3592","TK090183","475","蒲田ＩＭＯＮボウル"
"3593","IB040557","475","スポーレボウル"
"3594","IB040031","474","スポーレボウル"
"3595","KA160047","474","桜ヶ丘ボウリングセンター"
"3596","KA150107","474","相模ファーストレーン"
"3597","YA010051","474","ダイトースターレーン双葉"
"3598","KA140015","474","相模原パークレーンズ"
"3599","IB040150","474","スポーレボウル"
"","IB040150","474","スポーレボウル"
"3600","IB030098","474","神栖ボウル"
"3601","TK090047","474","蒲田ＩＭＯＮボウル"
"3602","KA070275","474","アカフーボウル"
"","KA070275","474","アカフーボウル"
"3603","GU050136","474","ドリームスタジアム太田"
"3604","IB030259","474","神栖ボウル"
"3605","NA060158","474","ボウリング王国スポルト岡谷店"
"3606","CH040376","474","ときわ平 ボウリングセンター"
"3607","TK090124","474","蒲田ＩＭＯＮボウル"
"3608","IB040374","474","スポーレボウル"
"","IB040374","474","スポーレボウル"
"3609","IB040388","474","スポーレボウル"
"","IB040388","474","スポーレボウル"
"3610","TK060291","474","マルアイボウリング"
"3611","IB030471","474","神栖ボウル"
"3612","KA070567","474","アカフーボウル"
"3613","GU030290","474","パークレーン高崎"
"3614","IB040552","474","スポーレボウル"
"3615","KA010496","474","川崎グランドボウル"
"3616","IB040576","474","スポーレボウル"
"3617","GU040013","473","藤岡ボウル"
"3618","TK090008","473","蒲田ＩＭＯＮボウル"
"3619","NA020016","473","アピナボウル松本城山店"
"3620","GU050027","473","ドリームスタジアム太田"
"3621","GU020034","473","エメラルドボウル"
"3622","IB040136","473","スポーレボウル"
"3623","KA010173","473","川崎グランドボウル"
"3624","KA020066","473","タチバナボウル"
"3625","IB030116","473","神栖ボウル"
"3626","KA010209","473","川崎グランドボウル"
"3627","IB030163","473","神栖ボウル"
"3628","GU030139","473","パークレーン高崎"
"3629","NA060119","473","ボウリング王国スポルト岡谷店"
"3630","KA070344","473","アカフーボウル"
"","KA070344","473","アカフーボウル"
"3631","TK050048","473","立川スターレーン"
"3632","IB040273","473","スポーレボウル"
"3633","TK140039","473","池袋ロサボウル"
"3634","IB030264","473","神栖ボウル"
"3635","TK170012","473","高田馬場グランドボウル"
"3636","KA010384","473","川崎グランドボウル"
"3637","IB040378","473","スポーレボウル"
"3638","TK130218","473","ＳＡＰ日野ボウル"
"3639","KA040206","473","ムサシボウル"
"3640","TK050141","473","立川スターレーン"
"3641","IB030448","473","神栖ボウル"
"3642","TK090153","473","蒲田ＩＭＯＮボウル"
"3643","TC010113","473","足利スターレーン"
"3644","IB030474","473","神栖ボウル"
"3645","SA010017","473","浦和スプリングレーンズ"
"3646","KA010485","473","川崎グランドボウル"
"3647","IB040534","473","スポーレボウル"
"3648","NA060218","473","ボウリング王国スポルト岡谷店"
"3649","NA060227","473","ボウリング王国スポルト岡谷店"
"3650","KA070029","472","アカフーボウル"
"","KA070029","472","アカフーボウル"
"3651","NA060030","472","ボウリング王国スポルト岡谷店"
"3652","KA040039","472","ムサシボウル"
"3653","KA150108","472","相模ファーストレーン"
"3654","TK070037","472","練馬トーホーボール"
"3655","NA020060","472","アピナボウル松本城山店"
"3656","NA040017","472","アピナボウル安曇野店"
"3657","KA160059","472","桜ヶ丘ボウリングセンター"
"","KA160059","472","桜ヶ丘ボウリングセンター"
"3658","GU010029","472","桐生スターレーン"
"3659","IB030071","472","神栖ボウル"
"3660","IB040147","472","スポーレボウル"
"3661","CH030125","472","富津スターレーン"
"3662","CH030133","472","富津スターレーン"
"3663","YA040006","472","都留ファミリーボウル"
"3664","TC030271","472","宇都宮第二トーヨーボウル"
"2860","TK060280","472","マルアイボウリング"
"3665","GU020146","472","エメラルドボウル"
"3666","GU050117","472","ドリームスタジアム太田"
"3667","TC030320","472","宇都宮第二トーヨーボウル"
"3668","TK050027","472","立川スターレーン"
"3669","KA160149","472","桜ヶ丘ボウリングセンター"
"","KA160149","472","桜ヶ丘ボウリングセンター"
"3670","KA160159","472","桜ヶ丘ボウリングセンター"
"","KA160159","472","桜ヶ丘ボウリングセンター"
"3671","SA130019","472","アイビーボウル越谷"
"3672","NA060145","472","ボウリング王国スポルト岡谷店"
"3673","KA070386","472","アカフーボウル"
"","KA070386","472","アカフーボウル"
"3674","IB040376","472","スポーレボウル"
"3675","GU030244","472","パークレーン高崎"
"3676","GU050163","472","ドリームスタジアム太田"
"3677","KA070506","472","アカフーボウル"
"3678","CH020283","472","北小金ボウル"
"3679","TC010101","472","足利スターレーン"
"3680","CH020338","472","北小金ボウル"
"3681","TC010119","472","足利スターレーン"
"3682","GU040340","472","藤岡ボウル"
"3683","NA060238","472","ボウリング王国スポルト岡谷店"
"3684","KA010053","471","川崎グランドボウル"
"3685","GU020005","471","エメラルドボウル"
"3686","CH040060","471","ときわ平 ボウリングセンター"
"3687","KA170018","471","伊勢原ボウリングセンター"
"3688","CH040086","471","ときわ平 ボウリングセンター"
"3689","CH030054","471","富津スターレーン"
"3690","GU020030","471","エメラルドボウル"
"3691","TC030110","471","宇都宮第二トーヨーボウル"
"3692","TK070061","471","練馬トーホーボール"
"3693","TK090030","471","蒲田ＩＭＯＮボウル"
"3694","CH040127","471","ときわ平 ボウリングセンター"
"3695","TK130095","471","ＳＡＰ日野ボウル"
"3696","TK070098","471","練馬トーホーボール"
"3697","CH030123","471","富津スターレーン"
"3698","CH040186","471","ときわ平 ボウリングセンター"
"3699","CH040206","471","ときわ平 ボウリングセンター"
"3700","KA160137","471","桜ヶ丘ボウリングセンター"
"3701","KA010238","471","川崎グランドボウル"
"3702","TK140032","471","池袋ロサボウル"
"3703","CH010067","471","本八幡スターレーン"
"3704","IB040288","471","スポーレボウル"
"3705","NA030213","471","アストロボウル"
"3706","TK090091","471","蒲田ＩＭＯＮボウル"
"3707","GU030223","471","パークレーン高崎"
"3708","SA020076","471","所沢スターレーン"
"3709","KA160207","471","桜ヶ丘ボウリングセンター"
"3710","YA010163","471","ダイトースターレーン双葉"
"3711","NA060165","471","ボウリング王国スポルト岡谷店"
"3712","CH040393","471","ときわ平 ボウリングセンター"
"3713","IB040370","471","スポーレボウル"
"3714","TC010086","471","足利スターレーン"
"3715","CH020266","471","北小金ボウル"
"3716","TK090154","471","蒲田ＩＭＯＮボウル"
"3717","NA060198","471","ボウリング王国スポルト岡谷店"
"3718","SA050021","471","ＳＡＰ草加ボウル"
"3719","NA060215","471","ボウリング王国スポルト岡谷店"
"3720","GU020246","471","エメラルドボウル"
"3721","GU050221","471","ドリームスタジアム太田"
"3722","GU030069","470","パークレーン高崎"
"3723","TK060164","470","マルアイボウリング"
"3724","KA010015","470","川崎グランドボウル"
"3725","TK060123","470","マルアイボウリング"
"3726","IB010007","470","勝田パークボウル"
"3727","KA170021","470","伊勢原ボウリングセンター"
"3728","IB030020","470","神栖ボウル"
"3729","NA030046","470","アストロボウル"
"3730","IB040091","470","スポーレボウル"
"3731","TK130054","470","ＳＡＰ日野ボウル"
"3732","KA070143","470","アカフーボウル"
"","KA070143","470","アカフーボウル"
"3733","TC030195","470","宇都宮第二トーヨーボウル"
"3734","CH040138","470","ときわ平 ボウリングセンター"
"3735","NA060088","470","ボウリング王国スポルト岡谷店"
"3736","TK130092","470","ＳＡＰ日野ボウル"
"3737","KA160086","470","桜ヶ丘ボウリングセンター"
"3738","KA160116","470","桜ヶ丘ボウリングセンター"
"3739","TC030249","470","宇都宮第二トーヨーボウル"
"3740","GU050105","470","ドリームスタジアム太田"
"3741","KA040107","470","ムサシボウル"
"3742","TK050013","470","立川スターレーン"
"3743","GU030163","470","パークレーン高崎"
"3744","GU030175","470","パークレーン高崎"
"3745","KA040145","470","ムサシボウル"
"3746","KA160164","470","桜ヶ丘ボウリングセンター"
"","KA160164","470","桜ヶ丘ボウリングセンター"
"3747","TK050064","470","立川スターレーン"
"3748","CH010095","470","本八幡スターレーン"
"","CH010095","470","本八幡スターレーン"
"3749","CH010098","470","本八幡スターレーン"
"","CH010098","470","本八幡スターレーン"
"3750","KA010401","470","川崎グランドボウル"
"3751","NA060191","470","ボウリング王国スポルト岡谷店"
"3752","KA070604","470","アカフーボウル"
"3753","KA010480","470","川崎グランドボウル"
"3754","CH040485","470","ときわ平 ボウリングセンター"
"3755","TK060151","470","マルアイボウリング"
"3756","IB040481","470","スポーレボウル"
"3757","KA070612","470","アカフーボウル"
"","KA070612","470","アカフーボウル"
"3758","GU040339","470","藤岡ボウル"
"3759","TK070012","469","練馬トーホーボール"
"3760","IB040033","469","スポーレボウル"
"3761","KA070058","469","アカフーボウル"
"","KA070058","469","アカフーボウル"
"3762","CH020037","469","北小金ボウル"
"3763","CH020045","469","北小金ボウル"
"3764","NA030037","469","アストロボウル"
"3765","TK090039","469","蒲田ＩＭＯＮボウル"
"3766","KA040114","469","ムサシボウル"
"3767","IB030216","469","神栖ボウル"
"3768","KA070347","469","アカフーボウル"
"","KA070347","469","アカフーボウル"
"3769","GU040164","469","藤岡ボウル"
"3770","GU010093","469","桐生スターレーン"
"3771","TK070155","469","練馬トーホーボール"
"3772","GU050137","469","ドリームスタジアム太田"
"3773","IB030241","469","神栖ボウル"
"3774","GU010101","469","桐生スターレーン"
"3775","IB030260","469","神栖ボウル"
"3776","NA060152","469","ボウリング王国スポルト岡谷店"
"3777","KA070384","469","アカフーボウル"
"","KA070384","469","アカフーボウル"
"3778","KA160184","469","桜ヶ丘ボウリングセンター"
"3779","YA010137","469","ダイトースターレーン双葉"
"3780","NA060160","469","ボウリング王国スポルト岡谷店"
"3781","IB040325","469","スポーレボウル"
"","IB040325","469","スポーレボウル"
"3782","KA160189","469","桜ヶ丘ボウリングセンター"
"","KA160189","469","桜ヶ丘ボウリングセンター"
"3783","YA040028","469","都留ファミリーボウル"
"3784","NA060170","469","ボウリング王国スポルト岡谷店"
"3785","GU020187","469","エメラルドボウル"
"3786","NA030271","469","アストロボウル"
"3787","IB030404","469","神栖ボウル"
"3788","KA070499","469","アカフーボウル"
"3789","KA070526","469","アカフーボウル"
"3790","CH030235","469","富津スターレーン"
"3791","IB040467","469","スポーレボウル"
"3792","IB030482","469","神栖ボウル"
"3793","NA030306","469","アストロボウル"
"3794","NA060208","469","ボウリング王国スポルト岡谷店"
"3795","TK130246","469","ＳＡＰ日野ボウル"
"3796","IB030541","469","神栖ボウル"
"3797","TK060021","468","マルアイボウリング"
"3798","NA010012","468","新飯田オークラボウル"
"3799","KA150010","468","相模ファーストレーン"
"3800","IB030026","468","神栖ボウル"
"3801","NA060037","468","ボウリング王国スポルト岡谷店"
"3802","KA170037","468","伊勢原ボウリングセンター"
"3803","IB040095","468","スポーレボウル"
"3804","CH020127","468","北小金ボウル"
"3805","TK070042","468","練馬トーホーボール"
"3806","YA010066","468","ダイトースターレーン双葉"
"3807","GU010026","468","桐生スターレーン"
"3808","GU030084","468","パークレーン高崎"
"3809","KA010183","468","川崎グランドボウル"
"3810","TK090040","468","蒲田ＩＭＯＮボウル"
"3811","TK070092","468","練馬トーホーボール"
"3812","CH010057","468","本八幡スターレーン"
"3813","CH040192","468","ときわ平 ボウリングセンター"
"3814","NA060108","468","ボウリング王国スポルト岡谷店"
"3815","KA040088","468","ムサシボウル"
"3816","TK130117","468","ＳＡＰ日野ボウル"
"3817","IB040236","468","スポーレボウル"
"","IB040236","468","スポーレボウル"
"3818","TC030381","468","宇都宮第二トーヨーボウル"
"3819","KA010314","468","川崎グランドボウル"
"3820","YA010133","468","ダイトースターレーン双葉"
"3821","TK050056","468","立川スターレーン"
"3822","KA070373","468","アカフーボウル"
"","KA070373","468","アカフーボウル"
"3823","CH030187","468","富津スターレーン"
"3824","CH040299","468","ときわ平 ボウリングセンター"
"3825","GU030207","468","パークレーン高崎"
"3826","KA110005","468","コロナキャットボウル小田原店"
"3827","CH040341","468","ときわ平 ボウリングセンター"
"3828","KA160186","468","桜ヶ丘ボウリングセンター"
"","KA160186","468","桜ヶ丘ボウリングセンター"
"3829","TC030445","468","宇都宮第二トーヨーボウル"
"3830","TK170018","468","高田馬場グランドボウル"
"3831","TC030515","468","宇都宮第二トーヨーボウル"
"3832","GU050159","468","ドリームスタジアム太田"
"3833","TK130219","468","ＳＡＰ日野ボウル"
"3834","KA040199","468","ムサシボウル"
"3835","KA150140","468","相模ファーストレーン"
"3836","NA010116","468","新飯田オークラボウル"
"3619","CH020337","468","北小金ボウル"
"3837","TK070248","468","練馬トーホーボール"
"3838","KA150147","468","相模ファーストレーン"
"3839","NA030330","468","アストロボウル"
"3840","IB030540","468","神栖ボウル"
"3841","GU050218","468","ドリームスタジアム太田"
"3842","GU020254","468","エメラルドボウル"
"3843","GU050004","467","ドリームスタジアム太田"
"3844","KA040031","467","ムサシボウル"
"3845","IB030028","467","神栖ボウル"
"3846","KA150110","467","相模ファーストレーン"
"3847","SA130003","467","アイビーボウル越谷"
"3848","IB030036","467","神栖ボウル"
"3849","CH010025","467","本八幡スターレーン"
"3850","NA050008","467","アピナボウル長野篠ノ井店"
"3851","GU020110","467","エメラルドボウル"
"3852","KA020067","467","タチバナボウル"
"3853","NA060100","467","ボウリング王国スポルト岡谷店"
"3854","TK130110","467","ＳＡＰ日野ボウル"
"3855","GU010056","467","桐生スターレーン"
"3856","IB040171","467","スポーレボウル"
"3857","NA050039","467","アピナボウル長野篠ノ井店"
"3858","CH030137","467","富津スターレーン"
"3859","KA070255","467","アカフーボウル"
"","KA070255","467","アカフーボウル"
"3860","KA010249","467","川崎グランドボウル"
"","KA010249","467","川崎グランドボウル"
"3861","KA070308","467","アカフーボウル"
"","KA070308","467","アカフーボウル"
"3862","NA060134","467","ボウリング王国スポルト岡谷店"
"3863","NA030193","467","アストロボウル"
"3864","CH040332","467","ときわ平 ボウリングセンター"
"3865","CH040339","467","ときわ平 ボウリングセンター"
"3866","TK090098","467","蒲田ＩＭＯＮボウル"
"3867","TK090116","467","蒲田ＩＭＯＮボウル"
"3868","TC030473","467","宇都宮第二トーヨーボウル"
"3869","GU020191","467","エメラルドボウル"
"3870","IB040373","467","スポーレボウル"
"3871","TC030487","467","宇都宮第二トーヨーボウル"
"3872","TK060444","467","マルアイボウリング"
"3873","KA070474","467","アカフーボウル"
"","KA070474","467","アカフーボウル"
"3874","TC010052","467","足利スターレーン"
"3875","IB040430","467","スポーレボウル"
"3876","IB030432","467","神栖ボウル"
"3877","KA010422","467","川崎グランドボウル"
"3878","IB040437","467","スポーレボウル"
"3879","CH030239","467","富津スターレーン"
"3880","TK060459","467","マルアイボウリング"
"3881","TK070262","467","練馬トーホーボール"
"3882","NA060226","467","ボウリング王国スポルト岡谷店"
"3883","SA050027","467","ＳＡＰ草加ボウル"
"3884","KA040007","466","ムサシボウル"
"3885","TC030015","466","宇都宮第二トーヨーボウル"
"3886","CH030031","466","富津スターレーン"
"3887","GU030036","466","パークレーン高崎"
"3888","IB040065","466","スポーレボウル"
"3889","GU050052","466","ドリームスタジアム太田"
"3890","TC030194","466","宇都宮第二トーヨーボウル"
"3891","TK130075","466","ＳＡＰ日野ボウル"
"3892","GU030119","466","パークレーン高崎"
"3893","NA010096","466","新飯田オークラボウル"
"3894","NA030242","466","アストロボウル"
"3895","TC010030","466","足利スターレーン"
"3896","TK050119","466","立川スターレーン"
"3897","TK060290","466","マルアイボウリング"
"3898","GU030254","466","パークレーン高崎"
"3899","KA110057","466","コロナキャットボウル小田原店"
"3900","YA010179","466","ダイトースターレーン双葉"
"3901","TK060535","466","マルアイボウリング"
"3902","NA060011","465","ボウリング王国スポルト岡谷店"
"3903","GU030081","465","パークレーン高崎"
"3904","GU030052","465","パークレーン高崎"
"3905","IB040086","465","スポーレボウル"
"3906","IB040087","465","スポーレボウル"
"3907","NA020047","465","アピナボウル松本城山店"
"3908","NA050026","465","アピナボウル長野篠ノ井店"
"3909","IB040127","465","スポーレボウル"
"","IB040127","465","スポーレボウル"
"3910","KA010160","465","川崎グランドボウル"
"3911","TK070094","465","練馬トーホーボール"
"3912","KA160100","465","桜ヶ丘ボウリングセンター"
"","KA160100","465","桜ヶ丘ボウリングセンター"
"3913","IB040190","465","スポーレボウル"
"","IB040190","465","スポーレボウル"
"3914","CH030147","465","富津スターレーン"
"3915","TC030269","465","宇都宮第二トーヨーボウル"
"3916","GU020147","465","エメラルドボウル"
"3917","KA070303","465","アカフーボウル"
"","KA070303","465","アカフーボウル"
"3918","KA040521","465","ムサシボウル"
"3919","IB040287","465","スポーレボウル"
"3920","KA010339","465","川崎グランドボウル"
"3921","GU040182","465","藤岡ボウル"
"3922","KA160225","465","桜ヶ丘ボウリングセンター"
"3923","TK090106","465","蒲田ＩＭＯＮボウル"
"3924","KA070446","465","アカフーボウル"
"","KA070446","465","アカフーボウル"
"3925","TK130208","465","ＳＡＰ日野ボウル"
"3926","IB030378","465","神栖ボウル"
"3927","TC010120","465","足利スターレーン"
"3928","CH010035","465","本八幡スターレーン"
"3929","GU010164","465","桐生スターレーン"
"3930","IB040480","465","スポーレボウル"
"3931","NA050077","465","アピナボウル長野篠ノ井店"
"3932","CH040555","465","ときわ平 ボウリングセンター"
"3933","KA020011","464","タチバナボウル"
"3934","IB040035","464","スポーレボウル"
"3935","KA020020","464","タチバナボウル"
"3936","CH030029","464","富津スターレーン"
"3937","TK060091","464","マルアイボウリング"
"3938","NA030035","464","アストロボウル"
"3939","IB030048","464","神栖ボウル"
"3940","KA070130","464","アカフーボウル"
"","KA070130","464","アカフーボウル"
"3941","KA070197","464","アカフーボウル"
"","KA070197","464","アカフーボウル"
"3942","NA030127","464","アストロボウル"
"3943","TK060017","464","マルアイボウリング"
"","TK060017","464","マルアイボウリング"
"3944","GU020142","464","エメラルドボウル"
"3945","KA010256","464","川崎グランドボウル"
"","KA010256","464","川崎グランドボウル"
"3946","TK070129","464","練馬トーホーボール"
"3947","TK070138","464","練馬トーホーボール"
"3948","KA150029","464","相模ファーストレーン"
"3949","NA030215","464","アストロボウル"
"3950","KA070385","464","アカフーボウル"
"","KA070385","464","アカフーボウル"
"3951","IB030296","464","神栖ボウル"
"3952","CH040353","464","ときわ平 ボウリングセンター"
"3953","KA010366","464","川崎グランドボウル"
"3954","KA110029","464","コロナキャットボウル小田原店"
"3955","TK060595","464","マルアイボウリング"
"3956","IB040356","464","スポーレボウル"
"","IB040356","464","スポーレボウル"
"3957","TC030479","464","宇都宮第二トーヨーボウル"
"3958","IB040379","464","スポーレボウル"
"3959","CH010100","464","本八幡スターレーン"
"","CH010100","464","本八幡スターレーン"
"3960","IB040438","464","スポーレボウル"
"3961","KA130015","464","ボウリング王国 スポルト横須賀店"
"3962","CH030237","464","富津スターレーン"
"3963","TC010144","464","足利スターレーン"
"3964","IB030533","464","神栖ボウル"
"3965","IB030567","464","神栖ボウル"
"3966","CH040552","464","ときわ平 ボウリングセンター"
"3967","KA070033","463","アカフーボウル"
"","KA070033","463","アカフーボウル"
"3968","NA010010","463","新飯田オークラボウル"
"3969","TK060024","463","マルアイボウリング"
"3970","TK070029","463","練馬トーホーボール"
"3971","KA040506","463","ムサシボウル"
"3972","KA070125","463","アカフーボウル"
"","KA070125","463","アカフーボウル"
"3973","TK090028","463","蒲田ＩＭＯＮボウル"
"3974","KA140014","463","相模原パークレーンズ"
"3975","KA150015","463","相模ファーストレーン"
"3976","GU030106","463","パークレーン高崎"
"3977","CH030075","463","富津スターレーン"
"3978","KA010205","463","川崎グランドボウル"
"3979","TK130104","463","ＳＡＰ日野ボウル"
"3980","IB030151","463","神栖ボウル"
"3981","NA040031","463","アピナボウル安曇野店"
"3982","TK050017","463","立川スターレーン"
"3983","TC030280","463","宇都宮第二トーヨーボウル"
"3984","TK060352","463","マルアイボウリング"
"3985","IB040257","463","スポーレボウル"
"","IB040257","463","スポーレボウル"
"3986","KA010326","463","川崎グランドボウル"
"3987","IB040307","463","スポーレボウル"
"3988","GU050148","463","ドリームスタジアム太田"
"3989","NA060168","463","ボウリング王国スポルト岡谷店"
"3990","TK070183","463","練馬トーホーボール"
"3991","NA060169","463","ボウリング王国スポルト岡谷店"
"3992","TK050096","463","立川スターレーン"
"3993","CH010094","463","本八幡スターレーン"
"","CH010094","463","本八幡スターレーン"
"3994","GU020189","463","エメラルドボウル"
"3995","KA070501","463","アカフーボウル"
"3996","TK070251","463","練馬トーホーボール"
"3997","NA010131","463","新飯田オークラボウル"
"3998","CH040528","463","ときわ平 ボウリングセンター"
"3999","TC010138","463","足利スターレーン"
"4000","IB030537","463","神栖ボウル"
"4001","KA040023","462","ムサシボウル"
"4002","CH040071","462","ときわ平 ボウリングセンター"
"4003","NA010023","462","新飯田オークラボウル"
"4004","CH040115","462","ときわ平 ボウリングセンター"
"4005","KA140008","462","相模原パークレーンズ"
"4006","KA070129","462","アカフーボウル"
"","KA070129","462","アカフーボウル"
"4007","IB040130","462","スポーレボウル"
"4008","KA160079","462","桜ヶ丘ボウリングセンター"
"","KA160079","462","桜ヶ丘ボウリングセンター"
"4009","KA160081","462","桜ヶ丘ボウリングセンター"
"","KA160081","462","桜ヶ丘ボウリングセンター"
"4010","IB030120","462","神栖ボウル"
"4011","KA150028","462","相模ファーストレーン"
"4012","NA060116","462","ボウリング王国スポルト岡谷店"
"4013","KA040106","462","ムサシボウル"
"4014","IB030180","462","神栖ボウル"
"4015","NA060120","462","ボウリング王国スポルト岡谷店"
"4016","KA010240","462","川崎グランドボウル"
"4017","KA070267","462","アカフーボウル"
"","KA070267","462","アカフーボウル"
"4018","IB030215","462","神栖ボウル"
"4019","TK080044","462","高尾スターレーン"
"4020","CH010081","462","本八幡スターレーン"
"","CH010081","462","本八幡スターレーン"
"4021","NA030233","462","アストロボウル"
"4022","KA150045","462","相模ファーストレーン"
"","KA150045","462","相模ファーストレーン"
"4023","KA110046","462","コロナキャットボウル小田原店"
"4024","KA150137","462","相模ファーストレーン"
"","KA150137","462","相模ファーストレーン"
"4025","TK090145","462","蒲田ＩＭＯＮボウル"
"4026","KA070554","462","アカフーボウル"
"4027","IB030449","462","神栖ボウル"
"4028","IB030472","462","神栖ボウル"
"4029","GU030292","462","パークレーン高崎"
"4030","GU030295","462","パークレーン高崎"
"4031","IB040540","462","スポーレボウル"
"4032","CH040537","462","ときわ平 ボウリングセンター"
"4033","NA030007","461","アストロボウル"
"4034","KA020017","461","タチバナボウル"
"4035","CH040063","461","ときわ平 ボウリングセンター"
"4036","SA010003","461","浦和スプリングレーンズ"
"4037","CH020060","461","北小金ボウル"
"4038","CH030037","461","富津スターレーン"
"4039","KA050001","461","ボウリング王国 スポルト八景店"
"4040","CH040113","461","ときわ平 ボウリングセンター"
"4041","KA070141","461","アカフーボウル"
"","KA070141","461","アカフーボウル"
"4042","IB040093","461","スポーレボウル"
"4043","CH020111","461","北小金ボウル"
"4044","KA010152","461","川崎グランドボウル"
"4045","IB030060","461","神栖ボウル"
"4046","NA030146","461","アストロボウル"
"4047","NA060114","461","ボウリング王国スポルト岡谷店"
"4048","CH020176","461","北小金ボウル"
"4049","IB030167","461","神栖ボウル"
"4050","CH020212","461","北小金ボウル"
"4051","CH020225","461","北小金ボウル"
"4052","IB040207","461","スポーレボウル"
"","IB040207","461","スポーレボウル"
"4053","IB040229","461","スポーレボウル"
"","IB040229","461","スポーレボウル"
"4054","KA140049","461","相模原パークレーンズ"
"4055","GU030174","461","パークレーン高崎"
"4056","CH030172","461","富津スターレーン"
"4057","TC030379","461","宇都宮第二トーヨーボウル"
"4058","NA060136","461","ボウリング王国スポルト岡谷店"
"4059","NA010092","461","新飯田オークラボウル"
"4060","GU010100","461","桐生スターレーン"
"4061","GU030196","461","パークレーン高崎"
"4062","CH030192","461","富津スターレーン"
"4063","IB030280","461","神栖ボウル"
"4064","IB040294","461","スポーレボウル"
"4065","KA160203","461","桜ヶ丘ボウリングセンター"
"4066","KA150038","461","相模ファーストレーン"
"4067","YA010153","461","ダイトースターレーン双葉"
"4068","CH040357","461","ときわ平 ボウリングセンター"
"4069","TK090112","461","蒲田ＩＭＯＮボウル"
"4070","TK090126","461","蒲田ＩＭＯＮボウル"
"4071","CH020280","461","北小金ボウル"
"4072","KA070545","461","アカフーボウル"
"4073","CH010037","461","本八幡スターレーン"
"4074","IB040475","461","スポーレボウル"
"","IB040475","461","スポーレボウル"
"4075","IB030494","461","神栖ボウル"
"4076","KA010478","461","川崎グランドボウル"
"4077","IB030581","461","神栖ボウル"
"4078","GU030095","460","パークレーン高崎"
"4079","TK060301","460","マルアイボウリング"
"4080","KA020010","460","タチバナボウル"
"4081","CH040061","460","ときわ平 ボウリングセンター"
"4082","TK070018","460","練馬トーホーボール"
"4083","CH010039","460","本八幡スターレーン"
"4084","NA060048","460","ボウリング王国スポルト岡谷店"
"4085","NA060074","460","ボウリング王国スポルト岡谷店"
"4086","IB040149","460","スポーレボウル"
"4087","GU040097","460","藤岡ボウル"
"4088","IB040155","460","スポーレボウル"
"4089","TC030231","460","宇都宮第二トーヨーボウル"
"4090","CH040175","460","ときわ平 ボウリングセンター"
"4091","GU010049","460","桐生スターレーン"
"4092","CH030115","460","富津スターレーン"
"4093","TK070118","460","練馬トーホーボール"
"4094","KA010237","460","川崎グランドボウル"
"4095","KA040519","460","ムサシボウル"
"4096","KA010273","460","川崎グランドボウル"
"4097","IB030211","460","神栖ボウル"
"4098","GU040178","460","藤岡ボウル"
"4099","IB030295","460","神栖ボウル"
"4100","KA010357","460","川崎グランドボウル"
"4101","IB040317","460","スポーレボウル"
"4102","CH040381","460","ときわ平 ボウリングセンター"
"4103","GU030239","460","パークレーン高崎"
"4104","CH020294","460","北小金ボウル"
"4105","CH020295","460","北小金ボウル"
"4106","CH040509","460","ときわ平 ボウリングセンター"
"4107","YA010187","460","ダイトースターレーン双葉"
"4108","IB030579","460","神栖ボウル"
"4109","GU040348","460","藤岡ボウル"
"4110","CH040026","459","ときわ平 ボウリングセンター"
"4111","KA160004","459","桜ヶ丘ボウリングセンター"
"4112","NA060019","459","ボウリング王国スポルト岡谷店"
"4113","YA010036","459","ダイトースターレーン双葉"
"4114","GU030027","459","パークレーン高崎"
"4115","KA010086","459","川崎グランドボウル"
"4116","KA170033","459","伊勢原ボウリングセンター"
"4117","TC030064","459","宇都宮第二トーヨーボウル"
"4118","NA010030","459","新飯田オークラボウル"
"4119","KA010136","459","川崎グランドボウル"
"4120","NA030076","459","アストロボウル"
"4121","CH010043","459","本八幡スターレーン"
"4122","NA060071","459","ボウリング王国スポルト岡谷店"
"4123","CH040141","459","ときわ平 ボウリングセンター"
"4124","KA010178","459","川崎グランドボウル"
"4125","IB030096","459","神栖ボウル"
"4126","CH040166","459","ときわ平 ボウリングセンター"
"4127","KA020071","459","タチバナボウル"
"4128","KA160120","459","桜ヶ丘ボウリングセンター"
"","KA160120","459","桜ヶ丘ボウリングセンター"
"4129","GU030131","459","パークレーン高崎"
"4130","IB030158","459","神栖ボウル"
"4131","CH020192","459","北小金ボウル"
"4132","IB040177","459","スポーレボウル"
"","IB040177","459","スポーレボウル"
"4133","SA020046","459","所沢スターレーン"
"4134","TK130132","459","ＳＡＰ日野ボウル"
"4135","GU020130","459","エメラルドボウル"
"4136","TC030305","459","宇都宮第二トーヨーボウル"
"4137","TK070150","459","練馬トーホーボール"
"4138","IB030226","459","神栖ボウル"
"4139","IB030248","459","神栖ボウル"
"4140","GU040176","459","藤岡ボウル"
"4141","CH030191","459","富津スターレーン"
"4142","KA070413","459","アカフーボウル"
"","KA070413","459","アカフーボウル"
"4143","IB040327","459","スポーレボウル"
"4144","TK060466","459","マルアイボウリング"
"4145","TK130204","459","ＳＡＰ日野ボウル"
"4146","GU020197","459","エメラルドボウル"
"4147","KA050026","459","ボウリング王国 スポルト八景店"
"4148","CH040415","459","ときわ平 ボウリングセンター"
"4149","GU050195","459","ドリームスタジアム太田"
"4150","TC010118","459","足利スターレーン"
"4151","GU020206","459","エメラルドボウル"
"4152","NA030326","459","アストロボウル"
"4153","CH040536","459","ときわ平 ボウリングセンター"
"4154","KA010029","458","川崎グランドボウル"
"","KA010029","458","川崎グランドボウル"
"4155","CH010007","458","本八幡スターレーン"
"4156","GU030025","458","パークレーン高崎"
"4157","KA010084","458","川崎グランドボウル"
"4158","NA020017","458","アピナボウル松本城山店"
"4159","TK130045","458","ＳＡＰ日野ボウル"
"4160","CH030072","458","富津スターレーン"
"4161","KA160090","458","桜ヶ丘ボウリングセンター"
"4162","TK150023","458","東京ポートボウル"
"4163","NA010067","458","新飯田オークラボウル"
"4164","IB030165","458","神栖ボウル"
"4165","TK050011","458","立川スターレーン"
"4166","IB040199","458","スポーレボウル"
"","IB040199","458","スポーレボウル"
"4167","IB040201","458","スポーレボウル"
"","IB040201","458","スポーレボウル"
"4168","TK060019","458","マルアイボウリング"
"4169","TK080046","458","高尾スターレーン"
"4170","NA060156","458","ボウリング王国スポルト岡谷店"
"4171","GU010114","458","桐生スターレーン"
"4172","KA070404","458","アカフーボウル"
"","KA070404","458","アカフーボウル"
"4173","CH010085","458","本八幡スターレーン"
"4174","TK170016","458","高田馬場グランドボウル"
"4175","TK070182","458","練馬トーホーボール"
"4176","CH040371","458","ときわ平 ボウリングセンター"
"4177","KA050023","458","ボウリング王国 スポルト八景店"
"4178","TK110005","458","笹塚ボウル"
"4179","CH040385","458","ときわ平 ボウリングセンター"
"4180","TC030514","458","宇都宮第二トーヨーボウル"
"4181","GU050164","458","ドリームスタジアム太田"
"4182","KA040223","458","ムサシボウル"
"4183","CH040420","458","ときわ平 ボウリングセンター"
"4184","KA010448","458","川崎グランドボウル"
"4185","CH040455","458","ときわ平 ボウリングセンター"
"4186","KA070616","458","アカフーボウル"
"","KA070616","458","アカフーボウル"
"4187","IB040501","458","スポーレボウル"
"4188","IB040531","458","スポーレボウル"
"4189","IB030544","458","神栖ボウル"
"4190","KA070007","457","アカフーボウル"
"4191","GU030018","457","パークレーン高崎"
"4192","GU030058","457","パークレーン高崎"
"4193","GU050024","457","ドリームスタジアム太田"
"4194","KA010103","457","川崎グランドボウル"
"4195","CH020074","457","北小金ボウル"
"4196","CH030063","457","富津スターレーン"
"4197","KA040511","457","ムサシボウル"
"4198","GU010048","457","桐生スターレーン"
"4199","GU030146","457","パークレーン高崎"
"4200","IB040191","457","スポーレボウル"
"","IB040191","457","スポーレボウル"
"4201","NA060127","457","ボウリング王国スポルト岡谷店"
"4202","NA050046","457","アピナボウル長野篠ノ井店"
"4203","GU020154","457","エメラルドボウル"
"4204","KA070356","457","アカフーボウル"
"","KA070356","457","アカフーボウル"
"4205","KA160182","457","桜ヶ丘ボウリングセンター"
"","KA160182","457","桜ヶ丘ボウリングセンター"
"4206","IB030271","457","神栖ボウル"
"4207","IB010029","457","勝田パークボウル"
"4208","NA030234","457","アストロボウル"
"4209","TK070179","457","練馬トーホーボール"
"4210","IB040322","457","スポーレボウル"
"","IB040322","457","スポーレボウル"
"4211","TC030447","457","宇都宮第二トーヨーボウル"
"4212","TK060441","457","マルアイボウリング"
"4213","TK060510","457","マルアイボウリング"
"4214","TC030500","457","宇都宮第二トーヨーボウル"
"4215","TK070219","457","練馬トーホーボール"
"4216","KA010461","457","川崎グランドボウル"
"4217","NA010128","457","新飯田オークラボウル"
"4218","NA030324","457","アストロボウル"
"4219","IB040530","457","スポーレボウル"
"4220","KA010490","457","川崎グランドボウル"
"4221","SA020002","456","所沢スターレーン"
"4222","CH040034","456","ときわ平 ボウリングセンター"
"4223","CH040033","456","ときわ平 ボウリングセンター"
"4224","NA030019","456","アストロボウル"
"4225","GU030023","456","パークレーン高崎"
"4226","KA070083","456","アカフーボウル"
"","KA070083","456","アカフーボウル"
"4227","TC030062","456","宇都宮第二トーヨーボウル"
"4228","IB040083","456","スポーレボウル"
"4229","IB030069","456","神栖ボウル"
"4230","NA020061","456","アピナボウル松本城山店"
"4231","NA030110","456","アストロボウル"
"4232","NA060093","456","ボウリング王国スポルト岡谷店"
"4233","TK070090","456","練馬トーホーボール"
"4234","CH040215","456","ときわ平 ボウリングセンター"
"4235","NA030154","456","アストロボウル"
"4236","SA020031","456","所沢スターレーン"
"4237","GU050115","456","ドリームスタジアム太田"
"4238","CH030155","456","富津スターレーン"
"4239","KA070307","456","アカフーボウル"
"","KA070307","456","アカフーボウル"
"4240","IB040259","456","スポーレボウル"
"4241","TK050028","456","立川スターレーン"
"4242","TK140037","456","池袋ロサボウル"
"4243","GU030219","456","パークレーン高崎"
"4244","TK060362","456","マルアイボウリング"
"4245","KA070417","456","アカフーボウル"
"","KA070417","456","アカフーボウル"
"4246","YA040021","456","都留ファミリーボウル"
"4247","TK070207","456","練馬トーホーボール"
"4248","TC010044","456","足利スターレーン"
"4249","KA070542","456","アカフーボウル"
"4250","KA010441","456","川崎グランドボウル"
"4251","TK090155","456","蒲田ＩＭＯＮボウル"
"4252","TK090157","456","蒲田ＩＭＯＮボウル"
"4253","IB040022","455","スポーレボウル"
"4254","KA040001","455","ムサシボウル"
"4255","YA010047","455","ダイトースターレーン双葉"
"4256","SA010005","455","浦和スプリングレーンズ"
"4257","TK130035","455","ＳＡＰ日野ボウル"
"4258","GU020050","455","エメラルドボウル"
"4259","KA010129","455","川崎グランドボウル"
"","KA010129","455","川崎グランドボウル"
"4260","NA060079","455","ボウリング王国スポルト岡谷店"
"4261","NA060081","455","ボウリング王国スポルト岡谷店"
"4262","KA160123","455","桜ヶ丘ボウリングセンター"
"","KA160123","455","桜ヶ丘ボウリングセンター"
"4263","CH040197","455","ときわ平 ボウリングセンター"
"4264","KA050019","455","ボウリング王国 スポルト八景店"
"4265","TK070119","455","練馬トーホーボール"
"4266","TK050007","455","立川スターレーン"
"4267","KA070278","455","アカフーボウル"
"","KA070278","455","アカフーボウル"
"4268","TC030303","455","宇都宮第二トーヨーボウル"
"4269","TK130161","455","ＳＡＰ日野ボウル"
"4270","TK060073","455","マルアイボウリング"
"4271","KA070361","455","アカフーボウル"
"","KA070361","455","アカフーボウル"
"4272","GU040171","455","藤岡ボウル"
"4273","KA060003","455","ハマボール"
"4274","KA010338","455","川崎グランドボウル"
"4275","TK050068","455","立川スターレーン"
"4276","IB030291","455","神栖ボウル"
"4277","KA070400","455","アカフーボウル"
"","KA070400","455","アカフーボウル"
"4278","KA070424","455","アカフーボウル"
"","KA070424","455","アカフーボウル"
"4279","TC030453","455","宇都宮第二トーヨーボウル"
"4280","GU040193","455","藤岡ボウル"
"4281","GU020199","455","エメラルドボウル"
"4282","KA070495","455","アカフーボウル"
"","KA070495","455","アカフーボウル"
"4283","TK070221","455","練馬トーホーボール"
"4284","KA040209","455","ムサシボウル"
"4285","TK070224","455","練馬トーホーボール"
"4286","IB030379","455","神栖ボウル"
"4287","CH020268","455","北小金ボウル"
"4288","IB030452","455","神栖ボウル"
"4289","YA010181","455","ダイトースターレーン双葉"
"4290","IB040476","455","スポーレボウル"
"","CH020337","455","北小金ボウル"
"4291","GU020247","455","エメラルドボウル"
"4292","GU020256","455","エメラルドボウル"
"4293","IB030573","455","神栖ボウル"
"4294","NA060001","454","ボウリング王国スポルト岡谷店"
"4295","KA020006","454","タチバナボウル"
"4296","NA060023","454","ボウリング王国スポルト岡谷店"
"4297","KA010058","454","川崎グランドボウル"
"4298","KA040040","454","ムサシボウル"
"4299","TK130012","454","ＳＡＰ日野ボウル"
"4300","TK070026","454","練馬トーホーボール"
"4301","TC030146","454","宇都宮第二トーヨーボウル"
"4302","CH020126","454","北小金ボウル"
"4303","KA010137","454","川崎グランドボウル"
"4304","NA040019","454","アピナボウル安曇野店"
"4305","IB040152","454","スポーレボウル"
"","IB040152","454","スポーレボウル"
"4306","KA070180","454","アカフーボウル"
"","KA070180","454","アカフーボウル"
"4307","KA040095","454","ムサシボウル"
"4308","TC030251","454","宇都宮第二トーヨーボウル"
"4309","KA070252","454","アカフーボウル"
"","KA070252","454","アカフーボウル"
"4310","KA010246","454","川崎グランドボウル"
"","KA010246","454","川崎グランドボウル"
"4311","KA010335","454","川崎グランドボウル"
"4312","CH030189","454","富津スターレーン"
"4313","GU040180","454","藤岡ボウル"
"4314","IB040296","454","スポーレボウル"
"","IB040296","454","スポーレボウル"
"4315","YA010140","454","ダイトースターレーン双葉"
"4316","NA030228","454","アストロボウル"
"4317","TK060448","454","マルアイボウリング"
"4318","KA170054","454","伊勢原ボウリングセンター"
"4319","KA070410","454","アカフーボウル"
"","KA070410","454","アカフーボウル"
"4320","TK070190","454","練馬トーホーボール"
"4321","IB030357","454","神栖ボウル"
"4322","IB010043","454","勝田パークボウル"
"4323","IB030374","454","神栖ボウル"
"4324","KA070517","454","アカフーボウル"
"4325","CH040459","454","ときわ平 ボウリングセンター"
"4326","TC010124","454","足利スターレーン"
"4327","TK060371","454","マルアイボウリング"
"4328","IB040499","454","スポーレボウル"
"4329","NA030327","454","アストロボウル"
"4330","CH040545","454","ときわ平 ボウリングセンター"
"4331","GU030256","453","パークレーン高崎"
"4332","GU040004","453","藤岡ボウル"
"4333","CH030009","453","富津スターレーン"
"4334","KA040016","453","ムサシボウル"
"4335","GU040014","453","藤岡ボウル"
"4336","GU040010","453","藤岡ボウル"
"4337","NA010007","453","新飯田オークラボウル"
"4338","TK090003","453","蒲田ＩＭＯＮボウル"
"4339","CH020053","453","北小金ボウル"
"4340","TK090009","453","蒲田ＩＭＯＮボウル"
"4341","KA050013","453","ボウリング王国 スポルト八景店"
"4342","NA010031","453","新飯田オークラボウル"
"4343","CH040119","453","ときわ平 ボウリングセンター"
"4344","NA020034","453","アピナボウル松本城山店"
"4345","KA040518","453","ムサシボウル"
"4346","NA060062","453","ボウリング王国スポルト岡谷店"
"4347","TK060331","453","マルアイボウリング"
"4348","CH030116","453","富津スターレーン"
"4349","TK130098","453","ＳＡＰ日野ボウル"
"4350","KA070227","453","アカフーボウル"
"","KA070227","453","アカフーボウル"
"4351","GU010053","453","桐生スターレーン"
"4352","TK130112","453","ＳＡＰ日野ボウル"
"4353","TK070102","453","練馬トーホーボール"
"4354","YA010108","453","ダイトースターレーン双葉"
"4355","TK090064","453","蒲田ＩＭＯＮボウル"
"4356","CH020201","453","北小金ボウル"
"4357","NA050044","453","アピナボウル長野篠ノ井店"
"4358","KA010242","453","川崎グランドボウル"
"4359","KA150030","453","相模ファーストレーン"
"4360","KA160155","453","桜ヶ丘ボウリングセンター"
"","KA160155","453","桜ヶ丘ボウリングセンター"
"4361","CH040301","453","ときわ平 ボウリングセンター"
"4362","NA060154","453","ボウリング王国スポルト岡谷店"
"4363","IB040304","453","スポーレボウル"
"","IB040304","453","スポーレボウル"
"4364","CH040350","453","ときわ平 ボウリングセンター"
"4365","CH040369","453","ときわ平 ボウリングセンター"
"4366","TK090127","453","蒲田ＩＭＯＮボウル"
"4367","IB040357","453","スポーレボウル"
"","IB040357","453","スポーレボウル"
"4368","CH040407","453","ときわ平 ボウリングセンター"
"4369","CH010032","453","本八幡スターレーン"
"4370","CH040414","453","ときわ平 ボウリングセンター"
"4371","IB030460","453","神栖ボウル"
"4372","CH040453","453","ときわ平 ボウリングセンター"
"4373","CH040456","453","ときわ平 ボウリングセンター"
"4374","CH040482","453","ときわ平 ボウリングセンター"
"4375","TK060667","453","マルアイボウリング"
"4376","TC010130","453","足利スターレーン"
"4377","CH040515","453","ときわ平 ボウリングセンター"
"4378","IB030524","453","神栖ボウル"
"4379","CH030255","453","富津スターレーン"
"4380","GU020252","453","エメラルドボウル"
"4381","KA070055","452","アカフーボウル"
"","KA070055","452","アカフーボウル"
"4382","CH040059","452","ときわ平 ボウリングセンター"
"4383","KA160015","452","桜ヶ丘ボウリングセンター"
"4384","KA160046","452","桜ヶ丘ボウリングセンター"
"4385","KA050011","452","ボウリング王国 スポルト八景店"
"4386","YA010052","452","ダイトースターレーン双葉"
"4387","CH040107","452","ときわ平 ボウリングセンター"
"4388","GU050074","452","ドリームスタジアム太田"
"4389","KA160070","452","桜ヶ丘ボウリングセンター"
"","KA160070","452","桜ヶ丘ボウリングセンター"
"4390","GU040086","452","藤岡ボウル"
"","GU040086","452","藤岡ボウル"
"4391","NA030092","452","アストロボウル"
"4392","TK070079","452","練馬トーホーボール"
"4393","IB030122","452","神栖ボウル"
"4394","IB030140","452","神栖ボウル"
"4395","GU010057","452","桐生スターレーン"
"4396","CH020190","452","北小金ボウル"
"4397","NA060125","452","ボウリング王国スポルト岡谷店"
"4398","CH040243","452","ときわ平 ボウリングセンター"
"4399","TC030425","452","宇都宮第二トーヨーボウル"
"4400","TK060273","452","マルアイボウリング"
"4401","GU030229","452","パークレーン高崎"
"4402","IB030318","452","神栖ボウル"
"4403","CH040383","452","ときわ平 ボウリングセンター"
"4404","TK130198","452","ＳＡＰ日野ボウル"
"4405","TK130199","452","ＳＡＰ日野ボウル"
"4406","TK090123","452","蒲田ＩＭＯＮボウル"
"4407","IB040364","452","スポーレボウル"
"","IB040364","452","スポーレボウル"
"4408","NA010103","452","新飯田オークラボウル"
"4409","TC010040","452","足利スターレーン"
"4410","TK060215","452","マルアイボウリング"
"4411","GU030278","452","パークレーン高崎"
"4412","KA160275","452","桜ヶ丘ボウリングセンター"
"","KA160275","452","桜ヶ丘ボウリングセンター"
"4413","GU020239","452","エメラルドボウル"
"4414","KA070001","451","アカフーボウル"
"4415","CH030006","451","富津スターレーン"
"4416","YA010018","451","ダイトースターレーン双葉"
"4417","KA160107","451","桜ヶ丘ボウリングセンター"
"4418","NA030036","451","アストロボウル"
"4419","KA020046","451","タチバナボウル"
"4420","KA070107","451","アカフーボウル"
"","KA070107","451","アカフーボウル"
"4421","KA010116","451","川崎グランドボウル"
"4422","GU020025","451","エメラルドボウル"
"4423","TK070040","451","練馬トーホーボール"
"4424","CH030066","451","富津スターレーン"
"4425","TK130076","451","ＳＡＰ日野ボウル"
"4426","KA150023","451","相模ファーストレーン"
"","KA150023","451","相模ファーストレーン"
"4427","GU010038","451","桐生スターレーン"
"4428","NA030132","451","アストロボウル"
"4429","KA160128","451","桜ヶ丘ボウリングセンター"
"","KA160128","451","桜ヶ丘ボウリングセンター"
"4430","IB030159","451","神栖ボウル"
"4431","CH040236","451","ときわ平 ボウリングセンター"
"4432","GU050116","451","ドリームスタジアム太田"
"4433","TK050018","451","立川スターレーン"
"4434","YA040014","451","都留ファミリーボウル"
"4435","IB040250","451","スポーレボウル"
"","IB040250","451","スポーレボウル"
"4436","TK060356","451","マルアイボウリング"
"4437","CH030175","451","富津スターレーン"
"4438","NA030201","451","アストロボウル"
"4439","TK060057","451","マルアイボウリング"
"4440","KA010337","451","川崎グランドボウル"
"4441","IB030325","451","神栖ボウル"
"4442","GU020188","451","エメラルドボウル"
"4443","TC010043","451","足利スターレーン"
"4444","TK070222","451","練馬トーホーボール"
"4445","CH020248","451","北小金ボウル"
"4446","IB040419","451","スポーレボウル"
"","IB040419","451","スポーレボウル"
"4447","KA040219","451","ムサシボウル"
"","KA040219","451","ムサシボウル"
"4448","GU010160","451","桐生スターレーン"
"4449","KA050033","451","ボウリング王国 スポルト八景店"
"4450","TK060655","451","マルアイボウリング"
"4451","GU020225","451","エメラルドボウル"
"4452","TK070259","451","練馬トーホーボール"
"4453","NA060219","451","ボウリング王国スポルト岡谷店"
"4454","TK090178","451","蒲田ＩＭＯＮボウル"
"4455","SA020001","450","所沢スターレーン"
"4456","CH010008","450","本八幡スターレーン"
"4457","CH020003","450","北小金ボウル"
"4458","TK060107","450","マルアイボウリング"
"4459","CH020048","450","北小金ボウル"
"4460","CH040089","450","ときわ平 ボウリングセンター"
"4461","CH040092","450","ときわ平 ボウリングセンター"
"4462","KA040055","450","ムサシボウル"
"4463","TK060008","450","マルアイボウリング"
"4464","CH020089","450","北小金ボウル"
"4465","IB040109","450","スポーレボウル"
"4466","IB030076","450","神栖ボウル"
"4467","TK070076","450","練馬トーホーボール"
"4468","NA010064","450","新飯田オークラボウル"
"4469","KA070196","450","アカフーボウル"
"","KA070196","450","アカフーボウル"
"4470","GU010063","450","桐生スターレーン"
"4471","TK060070","450","マルアイボウリング"
"4472","TK080004","450","高尾スターレーン"
"4473","IB040225","450","スポーレボウル"
"","IB040225","450","スポーレボウル"
"4474","TK060347","450","マルアイボウリング"
"4475","CH040276","450","ときわ平 ボウリングセンター"
"4476","TK130172","450","ＳＡＰ日野ボウル"
"4477","IB040292","450","スポーレボウル"
"4478","IB030290","450","神栖ボウル"
"4479","YA010145","450","ダイトースターレーン双葉"
"4480","CH040348","450","ときわ平 ボウリングセンター"
"4481","KA070459","450","アカフーボウル"
"","KA070459","450","アカフーボウル"
"4482","KA060007","450","ハマボール"
"4483","TC010045","450","足利スターレーン"
"4484","TK060514","450","マルアイボウリング"
"4485","IB040453","450","スポーレボウル"
"","IB040453","450","スポーレボウル"
"4486","KA140064","450","相模原パークレーンズ"
"4487","TK060186","450","マルアイボウリング"
"4488","CH020318","450","北小金ボウル"
"4489","KA110068","450","コロナキャットボウル小田原店"
"4490","IB010054","450","勝田パークボウル"
"4491","IB030542","450","神栖ボウル"
"4492","IB030565","450","神栖ボウル"
"4493","IB030577","450","神栖ボウル"
"4494","NA030354","450","アストロボウル"
"4495","KA070081","449","アカフーボウル"
"","KA070081","449","アカフーボウル"
"4496","KA070116","449","アカフーボウル"
"","KA070116","449","アカフーボウル"
"4497","KA140005","449","相模原パークレーンズ"
"4498","TK130050","449","ＳＡＰ日野ボウル"
"4499","KA010162","449","川崎グランドボウル"
"4500","GU040079","449","藤岡ボウル"
"4501","YA010078","449","ダイトースターレーン双葉"
"4502","IB030107","449","神栖ボウル"
"4503","IB030111","449","神栖ボウル"
"4504","TK150024","449","東京ポートボウル"
"4505","TK070099","449","練馬トーホーボール"
"4506","KA070224","449","アカフーボウル"
"","KA070224","449","アカフーボウル"
"4507","TK130115","449","ＳＡＰ日野ボウル"
"4508","TK090059","449","蒲田ＩＭＯＮボウル"
"4509","CH040223","449","ときわ平 ボウリングセンター"
"4510","CH020204","449","北小金ボウル"
"4511","IB030182","449","神栖ボウル"
"4512","GU040154","449","藤岡ボウル"
"4513","YA010119","449","ダイトースターレーン双葉"
"4514","KA020080","449","タチバナボウル"
"4515","KA010334","449","川崎グランドボウル"
"4516","IB030251","449","神栖ボウル"
"4517","KA170056","449","伊勢原ボウリングセンター"
"4518","TK070181","449","練馬トーホーボール"
"4519","GU010119","449","桐生スターレーン"
"4520","KA050025","449","ボウリング王国 スポルト八景店"
"4521","IB010037","449","勝田パークボウル"
"4522","CH030225","449","富津スターレーン"
"4523","TC010041","449","足利スターレーン"
"4524","GU010165","449","桐生スターレーン"
"4525","IB040567","449","スポーレボウル"
"4526","NA030016","448","アストロボウル"
"4527","TC030011","448","宇都宮第二トーヨーボウル"
"4528","YA010027","448","ダイトースターレーン双葉"
"4529","KA070101","448","アカフーボウル"
"","KA070101","448","アカフーボウル"
"4530","NA010045","448","新飯田オークラボウル"
"","TK130073","448","ＳＡＰ日野ボウル"
"4531","CH010042","448","本八幡スターレーン"
"4532","CH030078","448","富津スターレーン"
"4533","CH010050","448","本八幡スターレーン"
"4534","IB030095","448","神栖ボウル"
"4535","GU030111","448","パークレーン高崎"
"4536","TK070095","448","練馬トーホーボール"
"4537","IB030141","448","神栖ボウル"
"4538","KA160130","448","桜ヶ丘ボウリングセンター"
"","KA160130","448","桜ヶ丘ボウリングセンター"
"4539","NA060104","448","ボウリング王国スポルト岡谷店"
"4540","CH040218","448","ときわ平 ボウリングセンター"
"4541","NA060122","448","ボウリング王国スポルト岡谷店"
"4542","KA140043","448","相模原パークレーンズ"
"4543","TK130165","448","ＳＡＰ日野ボウル"
"4544","IB040248","448","スポーレボウル"
"","IB040248","448","スポーレボウル"
"4545","CH030166","448","富津スターレーン"
"4546","TC030385","448","宇都宮第二トーヨーボウル"
"4547","GU040185","448","藤岡ボウル"
"4548","KA110006","448","コロナキャットボウル小田原店"
"4549","SA050002","448","ＳＡＰ草加ボウル"
"4550","GU040314","448","藤岡ボウル"
"4551","TK050161","448","立川スターレーン"
"4552","KA070587","448","アカフーボウル"
"4553","TK060454","448","マルアイボウリング"
"4554","KA010019","447","川崎グランドボウル"
"4555","YA010010","447","ダイトースターレーン双葉"
"4556","IB040034","447","スポーレボウル"
"4557","KA150105","447","相模ファーストレーン"
"4558","TK070028","447","練馬トーホーボール"
"4559","NA060043","447","ボウリング王国スポルト岡谷店"
"4560","CH010040","447","本八幡スターレーン"
"4561","NA060051","447","ボウリング王国スポルト岡谷店"
"4562","CH020114","447","北小金ボウル"
"4563","NA030074","447","アストロボウル"
"4564","IB030056","447","神栖ボウル"
"","IB030056","447","神栖ボウル"
"4565","NA060068","447","ボウリング王国スポルト岡谷店"
"4566","KA070198","447","アカフーボウル"
"","KA070198","447","アカフーボウル"
"4567","KA010203","447","川崎グランドボウル"
"4568","TK130103","447","ＳＡＰ日野ボウル"
"4569","GU030166","447","パークレーン高崎"
"4570","TK050012","447","立川スターレーン"
"4571","IB030192","447","神栖ボウル"
"4572","CH040242","447","ときわ平 ボウリングセンター"
"4573","IB040227","447","スポーレボウル"
"","IB040227","447","スポーレボウル"
"4574","KA140046","447","相模原パークレーンズ"
"4575","IB040270","447","スポーレボウル"
"4576","GU010092","447","桐生スターレーン"
"4577","NA030196","447","アストロボウル"
"4578","SA130017","447","アイビーボウル越谷"
"4579","GU030206","447","パークレーン高崎"
"4580","IB040298","447","スポーレボウル"
"","IB040298","447","スポーレボウル"
"4581","IB040310","447","スポーレボウル"
"","IB040310","447","スポーレボウル"
"4582","TK130181","447","ＳＡＰ日野ボウル"
"4583","KA110009","447","コロナキャットボウル小田原店"
"4584","GU010125","447","桐生スターレーン"
"4585","KA110048","447","コロナキャットボウル小田原店"
"4586","TK060511","447","マルアイボウリング"
"4587","TK150045","447","東京ポートボウル"
"4588","GU050192","447","ドリームスタジアム太田"
"4589","IB030516","447","神栖ボウル"
"4590","CH030248","447","富津スターレーン"
"4591","NA030314","447","アストロボウル"
"4592","TC010136","447","足利スターレーン"
"4593","NA030022","446","アストロボウル"
"4594","YA010019","446","ダイトースターレーン双葉"
"4595","NA060026","446","ボウリング王国スポルト岡谷店"
"4596","TK070022","446","練馬トーホーボール"
"4597","CH020077","446","北小金ボウル"
"4598","KA140007","446","相模原パークレーンズ"
"4599","GU050077","446","ドリームスタジアム太田"
"4600","IB040154","446","スポーレボウル"
"","IB040154","446","スポーレボウル"
"4601","GU040104","446","藤岡ボウル"
"4602","GU030112","446","パークレーン高崎"
"4603","IB030119","446","神栖ボウル"
"4604","CH040208","446","ときわ平 ボウリングセンター"
"4605","CH030140","446","富津スターレーン"
"4606","CH030131","446","富津スターレーン"
"4607","CH020193","446","北小金ボウル"
"4608","IB040198","446","スポーレボウル"
"","IB040198","446","スポーレボウル"
"4609","TC030304","446","宇都宮第二トーヨーボウル"
"4610","NA030186","446","アストロボウル"
"4611","CH010077","446","本八幡スターレーン"
"4612","GU040179","446","藤岡ボウル"
"4613","TK090092","446","蒲田ＩＭＯＮボウル"
"4614","GU010121","446","桐生スターレーン"
"4615","CH010092","446","本八幡スターレーン"
"4616","TK110007","446","笹塚ボウル"
"4617","TC010019","446","足利スターレーン"
"4618","TK050083","446","立川スターレーン"
"4619","GU050178","446","ドリームスタジアム太田"
"4620","KA010406","446","川崎グランドボウル"
"","KA010406","446","川崎グランドボウル"
"4621","TK130240","446","ＳＡＰ日野ボウル"
"4622","CH030238","446","富津スターレーン"
"4623","TK150050","446","東京ポートボウル"
"4624","IB030490","446","神栖ボウル"
"4625","CH040493","446","ときわ平 ボウリングセンター"
"4626","KA150146","446","相模ファーストレーン"
"4627","TK060002","445","マルアイボウリング"
"4628","SA020007","445","所沢スターレーン"
"4629","TC030005","445","宇都宮第二トーヨーボウル"
"4630","KA160005","445","桜ヶ丘ボウリングセンター"
"4631","GU030079","445","パークレーン高崎"
"4632","KA010068","445","川崎グランドボウル"
"4633","TK060108","445","マルアイボウリング"
"4634","KA040026","445","ムサシボウル"
"4635","TK060095","445","マルアイボウリング"
"4636","KA070072","445","アカフーボウル"
"","KA070072","445","アカフーボウル"
"4637","CH040093","445","ときわ平 ボウリングセンター"
"4638","TK060324","445","マルアイボウリング"
"4639","CH040097","445","ときわ平 ボウリングセンター"
"4640","CH010026","445","本八幡スターレーン"
"4641","CH020086","445","北小金ボウル"
"4642","CH020106","445","北小金ボウル"
"4643","NA040010","445","アピナボウル安曇野店"
"4644","GU020078","445","エメラルドボウル"
"4645","KA070218","445","アカフーボウル"
"","KA070218","445","アカフーボウル"
"4646","TK070106","445","練馬トーホーボール"
"4647","KA160126","445","桜ヶ丘ボウリングセンター"
"","KA160126","445","桜ヶ丘ボウリングセンター"
"4648","YA010105","445","ダイトースターレーン双葉"
"4649","KA040120","445","ムサシボウル"
"4650","CH030146","445","富津スターレーン"
"4651","CH020218","445","北小金ボウル"
"4652","TK140026","445","池袋ロサボウル"
"4653","TC030371","445","宇都宮第二トーヨーボウル"
"4654","IB030274","445","神栖ボウル"
"4655","KA070414","445","アカフーボウル"
"","KA070414","445","アカフーボウル"
"4656","YA010146","445","ダイトースターレーン双葉"
"4657","KA070433","445","アカフーボウル"
"","KA070433","445","アカフーボウル"
"4658","TC030458","445","宇都宮第二トーヨーボウル"
"4659","GU050160","445","ドリームスタジアム太田"
"4660","TK090140","445","蒲田ＩＭＯＮボウル"
"4661","KA070582","445","アカフーボウル"
"4662","TK090163","445","蒲田ＩＭＯＮボウル"
"4663","KA050036","445","ボウリング王国 スポルト八景店"
"4664","NA060225","445","ボウリング王国スポルト岡谷店"
"4665","CH040031","444","ときわ平 ボウリングセンター"
"4666","GU030007","444","パークレーン高崎"
"4667","CH010011","444","本八幡スターレーン"
"","CH010011","444","本八幡スターレーン"
"4668","GU030021","444","パークレーン高崎"
"4669","CH020062","444","北小金ボウル"
"4670","KA040051","444","ムサシボウル"
"4671","GU030048","444","パークレーン高崎"
"4672","TK070024","444","練馬トーホーボール"
"4673","GU020043","444","エメラルドボウル"
"4674","CH020113","444","北小金ボウル"
"4675","NA020054","444","アピナボウル松本城山店"
"4676","GU050092","444","ドリームスタジアム太田"
"4677","GU030083","444","パークレーン高崎"
"4678","NA030089","444","アストロボウル"
"4679","GU010037","444","桐生スターレーン"
"4680","GU010047","444","桐生スターレーン"
"4681","CH040174","444","ときわ平 ボウリングセンター"
"4682","YA010082","444","ダイトースターレーン双葉"
"4683","CH040178","444","ときわ平 ボウリングセンター"
"4684","GU020133","444","エメラルドボウル"
"4685","KA070260","444","アカフーボウル"
"","KA070260","444","アカフーボウル"
"4686","KA130008","444","ボウリング王国 スポルト横須賀店"
"4687","TK090083","444","蒲田ＩＭＯＮボウル"
"4688","KA110007","444","コロナキャットボウル小田原店"
"4689","CH040382","444","ときわ平 ボウリングセンター"
"4690","GU050151","444","ドリームスタジアム太田"
"4691","TK060451","444","マルアイボウリング"
"4692","CH020270","444","北小金ボウル"
"4693","KA010470","444","川崎グランドボウル"
"4694","IB040473","444","スポーレボウル"
"","IB040473","444","スポーレボウル"
"4695","KA110070","444","コロナキャットボウル小田原店"
"4696","NA030316","444","アストロボウル"
"4697","CH030256","444","富津スターレーン"
"4698","NA060220","444","ボウリング王国スポルト岡谷店"
"4699","CH030008","443","富津スターレーン"
"4700","NA030006","443","アストロボウル"
"4701","YA010039","443","ダイトースターレーン双葉"
"4702","NA060042","443","ボウリング王国スポルト岡谷店"
"4703","KA170036","443","伊勢原ボウリングセンター"
"4704","IB030039","443","神栖ボウル"
"4705","TK130072","443","ＳＡＰ日野ボウル"
"4706","KA160055","443","桜ヶ丘ボウリングセンター"
"","KA160055","443","桜ヶ丘ボウリングセンター"
"4707","NA010066","443","新飯田オークラボウル"
"4708","CH010056","443","本八幡スターレーン"
"4709","KA160125","443","桜ヶ丘ボウリングセンター"
"","KA160125","443","桜ヶ丘ボウリングセンター"
"4710","TK090051","443","蒲田ＩＭＯＮボウル"
"4711","KA040122","443","ムサシボウル"
"4712","CH020199","443","北小金ボウル"
"4713","TC030345","443","宇都宮第二トーヨーボウル"
"4714","KA070309","443","アカフーボウル"
"","KA070309","443","アカフーボウル"
"4715","GU030181","443","パークレーン高崎"
"4716","IB030252","443","神栖ボウル"
"4717","GU030218","443","パークレーン高崎"
"4718","TC030443","443","宇都宮第二トーヨーボウル"
"4719","TK070186","443","練馬トーホーボール"
"4720","CH040390","443","ときわ平 ボウリングセンター"
"4721","IB030326","443","神栖ボウル"
"4722","TC010061","443","足利スターレーン"
"4723","KA010397","443","川崎グランドボウル"
"4724","GU030276","443","パークレーン高崎"
"4725","CH010003","442","本八幡スターレーン"
"","CH010003","442","本八幡スターレーン"
"4726","TK070015","442","練馬トーホーボール"
"4727","CH020004","442","北小金ボウル"
"4728","TC030049","442","宇都宮第二トーヨーボウル"
"4729","TK130015","442","ＳＡＰ日野ボウル"
"4730","CH020102","442","北小金ボウル"
"4731","CH020118","442","北小金ボウル"
"4732","KA140010","442","相模原パークレーンズ"
"4733","CH040156","442","ときわ平 ボウリングセンター"
"4734","GU040117","442","藤岡ボウル"
"4735","TK070111","442","練馬トーホーボール"
"4736","GU010067","442","桐生スターレーン"
"4737","IB030169","442","神栖ボウル"
"4738","TK050001","442","立川スターレーン"
"4739","IB040214","442","スポーレボウル"
"","IB040214","442","スポーレボウル"
"4740","IB040208","442","スポーレボウル"
"","IB040208","442","スポーレボウル"
"4741","KA010252","442","川崎グランドボウル"
"","KA010252","442","川崎グランドボウル"
"4742","KA070363","442","アカフーボウル"
"","KA070363","442","アカフーボウル"
"4743","TK140036","442","池袋ロサボウル"
"4744","IB030287","442","神栖ボウル"
"4745","NA030235","442","アストロボウル"
"4746","CH010087","442","本八幡スターレーン"
"4747","KA160231","442","桜ヶ丘ボウリングセンター"
"4748","KA110008","442","コロナキャットボウル小田原店"
"4749","TK070184","442","練馬トーホーボール"
"4750","IB010034","442","勝田パークボウル"
"4751","KA040529","442","ムサシボウル"
"","KA040529","442","ムサシボウル"
"4752","KA040200","442","ムサシボウル"
"4753","KA070503","442","アカフーボウル"
"4754","KA110064","442","コロナキャットボウル小田原店"
"4755","CH040497","442","ときわ平 ボウリングセンター"
"4756","IB040491","442","スポーレボウル"
"","IB040491","442","スポーレボウル"
"4757","NA060237","442","ボウリング王国スポルト岡谷店"
"4758","NA060009","441","ボウリング王国スポルト岡谷店"
"4759","CH030023","441","富津スターレーン"
"4760","NA030021","441","アストロボウル"
"4761","KA160014","441","桜ヶ丘ボウリングセンター"
"4762","IB040045","441","スポーレボウル"
"4763","TK060046","441","マルアイボウリング"
"4764","TK060132","441","マルアイボウリング"
"4765","CH030052","441","富津スターレーン"
"4766","CH020070","441","北小金ボウル"
"4767","NA030099","441","アストロボウル"
"4768","CH030086","441","富津スターレーン"
"4769","KA070190","441","アカフーボウル"
"","KA070190","441","アカフーボウル"
"4770","CH040177","441","ときわ平 ボウリングセンター"
"4771","IB030150","441","神栖ボウル"
"4772","TK130121","441","ＳＡＰ日野ボウル"
"4773","GU030141","441","パークレーン高崎"
"4774","SA020040","441","所沢スターレーン"
"4775","SA020033","441","所沢スターレーン"
"4776","TK060475","441","マルアイボウリング"
"4777","KA110004","441","コロナキャットボウル小田原店"
"4778","CH040404","441","ときわ平 ボウリングセンター"
"4779","TC010055","441","足利スターレーン"
"4780","KA040210","441","ムサシボウル"
"4781","IB030376","441","神栖ボウル"
"4782","IB040410","441","スポーレボウル"
"","IB040410","441","スポーレボウル"
"4783","CH020287","441","北小金ボウル"
"4784","TK130233","441","ＳＡＰ日野ボウル"
"4785","KA070569","441","アカフーボウル"
"4786","CH040505","441","ときわ平 ボウリングセンター"
"4787","GU050207","441","ドリームスタジアム太田"
"4788","KA030007","441","サギヌマボウル"
"4789","KA010016","440","川崎グランドボウル"
"4790","TC030016","440","宇都宮第二トーヨーボウル"
"4791","GU030059","440","パークレーン高崎"
"4792","TK060234","440","マルアイボウリング"
"4793","IB040073","440","スポーレボウル"
"4794","TK070043","440","練馬トーホーボール"
"4795","NA050016","440","アピナボウル長野篠ノ井店"
"4796","NA020059","440","アピナボウル松本城山店"
"4797","KA160057","440","桜ヶ丘ボウリングセンター"
"","KA160057","440","桜ヶ丘ボウリングセンター"
"4798","GU020089","440","エメラルドボウル"
"4799","IB040153","440","スポーレボウル"
"","IB040153","440","スポーレボウル"
"4800","KA010177","440","川崎グランドボウル"
"4801","NA030108","440","アストロボウル"
"4802","CH040182","440","ときわ平 ボウリングセンター"
"4803","GU020134","440","エメラルドボウル"
"4804","GU010066","440","桐生スターレーン"
"4805","KA040123","440","ムサシボウル"
"4806","GU030162","440","パークレーン高崎"
"4807","TK060357","440","マルアイボウリング"
"4808","KA070375","440","アカフーボウル"
"","KA070375","440","アカフーボウル"
"4809","CH040315","440","ときわ平 ボウリングセンター"
"4810","GU010110","440","桐生スターレーン"
"4811","TC010006","440","足利スターレーン"
"4812","KA170055","440","伊勢原ボウリングセンター"
"4813","KA160227","440","桜ヶ丘ボウリングセンター"
"4814","TK090100","440","蒲田ＩＭＯＮボウル"
"4815","KA160238","440","桜ヶ丘ボウリングセンター"
"4816","KA110031","440","コロナキャットボウル小田原店"
"4817","SA050005","440","ＳＡＰ草加ボウル"
"4818","KA010371","440","川崎グランドボウル"
"4819","KA110047","440","コロナキャットボウル小田原店"
"4820","TK130216","440","ＳＡＰ日野ボウル"
"4821","CH020322","440","北小金ボウル"
"4822","TK060644","440","マルアイボウリング"
"4823","YA010176","440","ダイトースターレーン双葉"
"4824","KA160191","440","桜ヶ丘ボウリングセンター"
"","KA160191","440","桜ヶ丘ボウリングセンター"
"4825","KA110077","440","コロナキャットボウル小田原店"
"4826","IB040529","440","スポーレボウル"
"4827","YA010194","440","ダイトースターレーン双葉"
"4828","GU040019","439","藤岡ボウル"
"4829","KA170009","439","伊勢原ボウリングセンター"
"4830","KA070102","439","アカフーボウル"
"","KA070102","439","アカフーボウル"
"4831","NA040009","439","アピナボウル安曇野店"
"4832","NA020052","439","アピナボウル松本城山店"
"4833","GU030078","439","パークレーン高崎"
"4834","CH030077","439","富津スターレーン"
"4835","SA130006","439","アイビーボウル越谷"
"4836","KA070238","439","アカフーボウル"
"","KA070238","439","アカフーボウル"
"4837","TK070121","439","練馬トーホーボール"
"4838","SA020045","439","所沢スターレーン"
"4839","IB040221","439","スポーレボウル"
"","IB040221","439","スポーレボウル"
"4840","KA160169","439","桜ヶ丘ボウリングセンター"
"","KA160169","439","桜ヶ丘ボウリングセンター"
"4841","TK150037","439","東京ポートボウル"
"4842","IB040311","439","スポーレボウル"
"","IB040311","439","スポーレボウル"
"4843","TK050102","439","立川スターレーン"
"4844","CH040335","439","ときわ平 ボウリングセンター"
"4845","TC030442","439","宇都宮第二トーヨーボウル"
"4846","TK170017","439","高田馬場グランドボウル"
"4847","TK070193","439","練馬トーホーボール"
"4848","GU040192","439","藤岡ボウル"
"4849","TK130213","439","ＳＡＰ日野ボウル"
"4850","TC010091","439","足利スターレーン"
"4851","IB030386","439","神栖ボウル"
"4852","KA070514","439","アカフーボウル"
"4853","KA160253","439","桜ヶ丘ボウリングセンター"
"4854","KA140062","439","相模原パークレーンズ"
"4855","TK090161","439","蒲田ＩＭＯＮボウル"
"4856","GU040326","439","藤岡ボウル"
"4857","IB040511","439","スポーレボウル"
"4858","IB040509","439","スポーレボウル"
"4859","GU020238","439","エメラルドボウル"
"4860","IB030563","439","神栖ボウル"
"4861","TC030024","438","宇都宮第二トーヨーボウル"
"4862","KA070054","438","アカフーボウル"
"","KA070054","438","アカフーボウル"
"4863","KA160024","438","桜ヶ丘ボウリングセンター"
"4864","IB030029","438","神栖ボウル"
"4865","GU050031","438","ドリームスタジアム太田"
"4866","KA040507","438","ムサシボウル"
"4867","NA060058","438","ボウリング王国スポルト岡谷店"
"4868","KA070176","438","アカフーボウル"
"","KA070176","438","アカフーボウル"
"4869","KA070256","438","アカフーボウル"
"","KA070256","438","アカフーボウル"
"4870","IB040179","438","スポーレボウル"
"","IB040179","438","スポーレボウル"
"4871","TK130153","438","ＳＡＰ日野ボウル"
"4872","NA030198","438","アストロボウル"
"4873","CH030190","438","富津スターレーン"
"4874","CH040322","438","ときわ平 ボウリングセンター"
"4875","TC010011","438","足利スターレーン"
"4876","IB030314","438","神栖ボウル"
"4877","KA150044","438","相模ファーストレーン"
"4878","TK110006","438","笹塚ボウル"
"4879","IB010042","438","勝田パークボウル"
"4880","NA030301","438","アストロボウル"
"4881","TK060645","438","マルアイボウリング"
"4882","IB030485","438","神栖ボウル"
"4883","IB040489","438","スポーレボウル"
"","IB040489","438","スポーレボウル"
"4884","IB030557","438","神栖ボウル"
"4885","KA070010","437","アカフーボウル"
"","KA070010","437","アカフーボウル"
"4886","KA010062","437","川崎グランドボウル"
"4887","CH020044","437","北小金ボウル"
"4888","TK090007","437","蒲田ＩＭＯＮボウル"
"4889","GU010005","437","桐生スターレーン"
"4890","GU050073","437","ドリームスタジアム太田"
"4891","TK070067","437","練馬トーホーボール"
"4892","TK090038","437","蒲田ＩＭＯＮボウル"
"4893","NA060095","437","ボウリング王国スポルト岡谷店"
"4894","NA050029","437","アピナボウル長野篠ノ井店"
"4895","KA160095","437","桜ヶ丘ボウリングセンター"
"4896","YA010093","437","ダイトースターレーン双葉"
"4897","KA070257","437","アカフーボウル"
"","KA070257","437","アカフーボウル"
"4898","CH020189","437","北小金ボウル"
"4899","KA160136","437","桜ヶ丘ボウリングセンター"
"4900","GU020114","437","エメラルドボウル"
"4901","KA070280","437","アカフーボウル"
"","KA070280","437","アカフーボウル"
"4902","TC030306","437","宇都宮第二トーヨーボウル"
"4903","TK060033","437","マルアイボウリング"
"4904","TC010059","437","足利スターレーン"
"4905","KA070504","437","アカフーボウル"
"4906","KA010416","437","川崎グランドボウル"
"4907","KA010458","437","川崎グランドボウル"
"4908","KA140063","437","相模原パークレーンズ"
"4909","IB040470","437","スポーレボウル"
"4910","NA060212","437","ボウリング王国スポルト岡谷店"
"4911","TK070253","437","練馬トーホーボール"
"4912","IB030531","437","神栖ボウル"
"4913","TC010151","437","足利スターレーン"
"4914","IB040020","436","スポーレボウル"
"4915","TC030027","436","宇都宮第二トーヨーボウル"
"4916","KA070049","436","アカフーボウル"
"","KA070049","436","アカフーボウル"
"4917","TK060226","436","マルアイボウリング"
"4918","KA160034","436","桜ヶ丘ボウリングセンター"
"4919","IB040048","436","スポーレボウル"
"4920","CH020116","436","北小金ボウル"
"4921","IB040102","436","スポーレボウル"
"4922","TK060048","436","マルアイボウリング"
"4923","CH040131","436","ときわ平 ボウリングセンター"
"4924","GU030100","436","パークレーン高崎"
"4925","IB030128","436","神栖ボウル"
"4926","KA010218","436","川崎グランドボウル"
"4927","KA070262","436","アカフーボウル"
"","KA070262","436","アカフーボウル"
"4928","SA020060","436","所沢スターレーン"
"4929","IB030181","436","神栖ボウル"
"4930","KA070284","436","アカフーボウル"
"","KA070284","436","アカフーボウル"
"4931","TC030330","436","宇都宮第二トーヨーボウル"
"4932","CH030161","436","富津スターレーン"
"4933","GU020164","436","エメラルドボウル"
"4934","IB040274","436","スポーレボウル"
"4935","CH040294","436","ときわ平 ボウリングセンター"
"4936","NA030212","436","アストロボウル"
"4937","TK060059","436","マルアイボウリング"
"4938","KA010348","436","川崎グランドボウル"
"4939","KA010352","436","川崎グランドボウル"
"4940","KA160242","436","桜ヶ丘ボウリングセンター"
"","KA160242","436","桜ヶ丘ボウリングセンター"
"4941","KA110050","436","コロナキャットボウル小田原店"
"4942","TK130212","436","ＳＡＰ日野ボウル"
"4943","IB030375","436","神栖ボウル"
"4944","TK170026","436","高田馬場グランドボウル"
"4945","CH020292","436","北小金ボウル"
"4946","CH040447","436","ときわ平 ボウリングセンター"
"4947","YA010174","436","ダイトースターレーン双葉"
"4948","KA160190","436","桜ヶ丘ボウリングセンター"
"","KA160190","436","桜ヶ丘ボウリングセンター"
"4949","KA110065","436","コロナキャットボウル小田原店"
"4950","KA110069","436","コロナキャットボウル小田原店"
"4951","KA040233","436","ムサシボウル"
"4952","GU040332","436","藤岡ボウル"
"4953","IB040528","436","スポーレボウル"
"4954","IB040537","436","スポーレボウル"
"4955","KA070030","435","アカフーボウル"
"","KA070030","435","アカフーボウル"
"4956","KA010050","435","川崎グランドボウル"
"4957","CH010010","435","本八幡スターレーン"
"","CH010010","435","本八幡スターレーン"
"4958","KA010074","435","川崎グランドボウル"
"4959","KA070070","435","アカフーボウル"
"","KA070070","435","アカフーボウル"
"4960","IB040061","435","スポーレボウル"
"4961","GU050034","435","ドリームスタジアム太田"
"4962","KA010156","435","川崎グランドボウル"
"4963","CH020160","435","北小金ボウル"
"4964","KA040072","435","ムサシボウル"
"4965","KA160087","435","桜ヶ丘ボウリングセンター"
"4966","GU020119","435","エメラルドボウル"
"4967","YA040007","435","都留ファミリーボウル"
"4968","CH040230","435","ときわ平 ボウリングセンター"
"4969","TK130147","435","ＳＡＰ日野ボウル"
"4970","TK070144","435","練馬トーホーボール"
"4971","GU030180","435","パークレーン高崎"
"4972","NA010094","435","新飯田オークラボウル"
"4973","KA010329","435","川崎グランドボウル"
"4974","IB030292","435","神栖ボウル"
"4975","TK060449","435","マルアイボウリング"
"4976","KA010360","435","川崎グランドボウル"
"4977","KA110020","435","コロナキャットボウル小田原店"
"4978","CH040379","435","ときわ平 ボウリングセンター"
"4979","SA050010","435","ＳＡＰ草加ボウル"
"4980","TK050095","435","立川スターレーン"
"4981","TC030501","435","宇都宮第二トーヨーボウル"
"4982","KA020105","435","タチバナボウル"
"4983","KA040207","435","ムサシボウル"
"4984","KA070497","435","アカフーボウル"
"4985","GU040266","435","藤岡ボウル"
"4986","TK060524","435","マルアイボウリング"
"4987","TK170028","435","高田馬場グランドボウル"
"4988","CH030233","435","富津スターレーン"
"4989","TK060653","435","マルアイボウリング"
"4990","TK060665","435","マルアイボウリング"
"4991","TK070263","435","練馬トーホーボール"
"4992","IB010056","435","勝田パークボウル"
"4993","KA010501","435","川崎グランドボウル"
"4994","CH040004","434","ときわ平 ボウリングセンター"
"4995","GU030002","434","パークレーン高崎"
"4996","KA070020","434","アカフーボウル"
"4997","CH040087","434","ときわ平 ボウリングセンター"
"4998","TC030122","434","宇都宮第二トーヨーボウル"
"4999","IB040110","434","スポーレボウル"
"5000","YA010106","434","ダイトースターレーン双葉"
"5001","NA030143","434","アストロボウル"
"5002","NA030149","434","アストロボウル"
"5003","KA070261","434","アカフーボウル"
"","KA070261","434","アカフーボウル"
"5004","TK060100","434","マルアイボウリング"
"5005","CH020197","434","北小金ボウル"
"5006","CH020217","434","北小金ボウル"
"5007","TC030296","434","宇都宮第二トーヨーボウル"
"5008","KA140036","434","相模原パークレーンズ"
"5009","KA010312","434","川崎グランドボウル"
"5010","GU040177","434","藤岡ボウル"
"5011","IB040305","434","スポーレボウル"
"5012","TC030448","434","宇都宮第二トーヨーボウル"
"5013","CH040392","434","ときわ平 ボウリングセンター"
"5014","KA110035","434","コロナキャットボウル小田原店"
"5015","CH040400","434","ときわ平 ボウリングセンター"
"5016","IB040354","434","スポーレボウル"
"","IB040354","434","スポーレボウル"
"5017","CH020239","434","北小金ボウル"
"5018","KA070531","434","アカフーボウル"
"5019","IB040433","434","スポーレボウル"
"5020","TK060515","434","マルアイボウリング"
"5021","CH010038","434","本八幡スターレーン"
"5022","IB040482","434","スポーレボウル"
"5023","TC030014","433","宇都宮第二トーヨーボウル"
"5024","TK060092","433","マルアイボウリング"
"5025","KA170032","433","伊勢原ボウリングセンター"
"5026","TC030061","433","宇都宮第二トーヨーボウル"
"5027","KA070095","433","アカフーボウル"
"","KA070095","433","アカフーボウル"
"5028","IB100001","433","ジョイナスボウル坂東"
"5029","IB040078","433","スポーレボウル"
"5030","NA060052","433","ボウリング王国スポルト岡谷店"
"5031","CH020129","433","北小金ボウル"
"5032","IB030063","433","神栖ボウル"
"5033","CH040124","433","ときわ平 ボウリングセンター"
"5034","GU030085","433","パークレーン高崎"
"5035","IB030085","433","神栖ボウル"
"5036","CH030104","433","富津スターレーン"
"5037","KA040082","433","ムサシボウル"
"5038","KA070205","433","アカフーボウル"
"","KA070205","433","アカフーボウル"
"5039","GU010061","433","桐生スターレーン"
"5040","KA160135","433","桜ヶ丘ボウリングセンター"
"5041","IB030221","433","神栖ボウル"
"5042","KA020079","433","タチバナボウル"
"5043","IB030237","433","神栖ボウル"
"5044","CH030196","433","富津スターレーン"
"5045","IB030262","433","神栖ボウル"
"5046","TC010016","433","足利スターレーン"
"5047","TK070195","433","練馬トーホーボール"
"5048","TK050123","433","立川スターレーン"
"5049","IB040415","433","スポーレボウル"
"","IB040415","433","スポーレボウル"
"5050","NA030284","433","アストロボウル"
"5051","TK170025","433","高田馬場グランドボウル"
"5052","IB030479","433","神栖ボウル"
"5053","KA070578","433","アカフーボウル"
"5054","IB040569","433","スポーレボウル"
"5055","GU050011","432","ドリームスタジアム太田"
"5056","GU040035","432","藤岡ボウル"
"5057","NA010020","432","新飯田オークラボウル"
"5058","CH010021","432","本八幡スターレーン"
"5059","TC030097","432","宇都宮第二トーヨーボウル"
"5060","IB040082","432","スポーレボウル"
"5061","NA020030","432","アピナボウル松本城山店"
"5062","TK070046","432","練馬トーホーボール"
"5063","GU030073","432","パークレーン高崎"
"5064","GU040085","432","藤岡ボウル"
"","GU040085","432","藤岡ボウル"
"5065","KA140024","432","相模原パークレーンズ"
"5066","NA030113","432","アストロボウル"
"5067","NA030141","432","アストロボウル"
"5068","TC030254","432","宇都宮第二トーヨーボウル"
"5069","KA010241","432","川崎グランドボウル"
"5070","KA130003","432","ボウリング王国 スポルト横須賀店"
"5071","IB030213","432","神栖ボウル"
"5072","GU030172","432","パークレーン高崎"
"5073","TK050050","432","立川スターレーン"
"5074","KA010304","432","川崎グランドボウル"
"5075","NA030227","432","アストロボウル"
"5076","YA010152","432","ダイトースターレーン双葉"
"5077","TC030438","432","宇都宮第二トーヨーボウル"
"5078","CH040384","432","ときわ平 ボウリングセンター"
"5079","TK130203","432","ＳＡＰ日野ボウル"
"5080","IB030344","432","神栖ボウル"
"5081","TC030601","432","宇都宮第二トーヨーボウル"
"5082","GU030247","432","パークレーン高崎"
"5083","CH020232","432","北小金ボウル"
"5084","GU010145","432","桐生スターレーン"
"5085","CH020276","432","北小金ボウル"
"5086","TK060647","432","マルアイボウリング"
"5087","TK060368","432","マルアイボウリング"
"5088","IB030546","432","神栖ボウル"
"5089","IB030569","432","神栖ボウル"
"5090","IB040568","432","スポーレボウル"
"5091","GU030216","431","パークレーン高崎"
"5092","NA060007","431","ボウリング王国スポルト岡谷店"
"5093","KA160006","431","桜ヶ丘ボウリングセンター"
"5094","CH020009","431","北小金ボウル"
"5095","CH020056","431","北小金ボウル"
"5096","GU030037","431","パークレーン高崎"
"5097","TC030051","431","宇都宮第二トーヨーボウル"
"5098","TC030063","431","宇都宮第二トーヨーボウル"
"5099","GU020040","431","エメラルドボウル"
"5100","YA010060","431","ダイトースターレーン双葉"
"5101","NA030063","431","アストロボウル"
"5102","TK090029","431","蒲田ＩＭＯＮボウル"
"5103","TC030179","431","宇都宮第二トーヨーボウル"
"5104","KA160056","431","桜ヶ丘ボウリングセンター"
"","KA160056","431","桜ヶ丘ボウリングセンター"
"5105","NA030091","431","アストロボウル"
"5106","NA030137","431","アストロボウル"
"5107","CH020216","431","北小金ボウル"
"5108","KA070304","431","アカフーボウル"
"","KA070304","431","アカフーボウル"
"5109","TK070145","431","練馬トーホーボール"
"5110","IB040261","431","スポーレボウル"
"","IB040261","431","スポーレボウル"
"5111","KA070352","431","アカフーボウル"
"","KA070352","431","アカフーボウル"
"5112","TK080020","431","高尾スターレーン"
"5113","YA010130","431","ダイトースターレーン双葉"
"5114","TK130179","431","ＳＡＰ日野ボウル"
"5115","KA020089","431","タチバナボウル"
"5116","KA020090","431","タチバナボウル"
"5117","TK060463","431","マルアイボウリング"
"5118","NA060163","431","ボウリング王国スポルト岡谷店"
"5119","KA040175","431","ムサシボウル"
"5120","TK060442","431","マルアイボウリング"
"5121","TK130214","431","ＳＡＰ日野ボウル"
"5122","CH010036","431","本八幡スターレーン"
"5123","CH040489","431","ときわ平 ボウリングセンター"
"5124","IB040519","431","スポーレボウル"
"5125","GU020250","431","エメラルドボウル"
"5126","CH040535","431","ときわ平 ボウリングセンター"
"5127","GU030010","430","パークレーン高崎"
"5128","NA030045","430","アストロボウル"
"5129","TK140012","430","池袋ロサボウル"
"5130","NA060055","430","ボウリング王国スポルト岡谷店"
"5131","IB040099","430","スポーレボウル"
"5132","GU040073","430","藤岡ボウル"
"5133","NA010060","430","新飯田オークラボウル"
"5134","KA070170","430","アカフーボウル"
"","KA070170","430","アカフーボウル"
"5135","GU040102","430","藤岡ボウル"
"5136","NA030120","430","アストロボウル"
"5137","KA160083","430","桜ヶ丘ボウリングセンター"
"5138","NA010068","430","新飯田オークラボウル"
"5139","CH040187","430","ときわ平 ボウリングセンター"
"5140","KA010233","430","川崎グランドボウル"
"5141","KA140037","430","相模原パークレーンズ"
"5142","IB040241","430","スポーレボウル"
"5143","SA130015","430","アイビーボウル越谷"
"5144","KA010328","430","川崎グランドボウル"
"5145","CH030208","430","富津スターレーン"
"5146","SA010014","430","浦和スプリングレーンズ"
"5147","TK060438","430","マルアイボウリング"
"5148","NA010102","430","新飯田オークラボウル"
"5149","TC010046","430","足利スターレーン"
"5150","TC010047","430","足利スターレーン"
"5151","TK150048","430","東京ポートボウル"
"5152","GU030265","430","パークレーン高崎"
"5153","CH040495","430","ときわ平 ボウリングセンター"
"5154","KA040234","430","ムサシボウル"
"5155","TK060654","430","マルアイボウリング"
"5156","TK070252","430","練馬トーホーボール"
"5157","KA130020","430","ボウリング王国 スポルト横須賀店"
"5158","IB030548","430","神栖ボウル"
"5159","IB040014","429","スポーレボウル"
"5160","YA010012","429","ダイトースターレーン双葉"
"5161","NA010016","429","新飯田オークラボウル"
"5162","IB040068","429","スポーレボウル"
"5163","NA030069","429","アストロボウル"
"5164","GU040078","429","藤岡ボウル"
"5165","KA010182","429","川崎グランドボウル"
"5166","CH030101","429","富津スターレーン"
"5167","NA050030","429","アピナボウル長野篠ノ井店"
"5168","CH040171","429","ときわ平 ボウリングセンター"
"5169","NA060102","429","ボウリング王国スポルト岡谷店"
"5170","GU010069","429","桐生スターレーン"
"5171","KA070289","429","アカフーボウル"
"","KA070289","429","アカフーボウル"
"5172","IB040222","429","スポーレボウル"
"","IB040222","429","スポーレボウル"
"5173","TC030349","429","宇都宮第二トーヨーボウル"
"5174","GU030193","429","パークレーン高崎"
"5175","CH040295","429","ときわ平 ボウリングセンター"
"5176","TC030406","429","宇都宮第二トーヨーボウル"
"5177","TK050101","429","立川スターレーン"
"5178","TK090094","429","蒲田ＩＭＯＮボウル"
"5179","KA040173","429","ムサシボウル"
"5180","TC030437","429","宇都宮第二トーヨーボウル"
"5181","TK050074","429","立川スターレーン"
"5182","NA010099","429","新飯田オークラボウル"
"5183","KA110058","429","コロナキャットボウル小田原店"
"5184","GU050157","429","ドリームスタジアム太田"
"5185","KA040202","429","ムサシボウル"
"5186","IB030481","429","神栖ボウル"
"5187","CH010109","429","本八幡スターレーン"
"5188","IB040504","429","スポーレボウル"
"5189","CH040521","429","ときわ平 ボウリングセンター"
"5190","IB040541","429","スポーレボウル"
"5191","CH030005","428","富津スターレーン"
"5192","CH030013","428","富津スターレーン"
"5193","KA040018","428","ムサシボウル"
"5194","GU030017","428","パークレーン高崎"
"5195","KA010063","428","川崎グランドボウル"
"5196","KA150115","428","相模ファーストレーン"
"5197","NA060073","428","ボウリング王国スポルト岡谷店"
"5198","KA020060","428","タチバナボウル"
"5199","TK090036","428","蒲田ＩＭＯＮボウル"
"5200","KA070187","428","アカフーボウル"
"","KA070187","428","アカフーボウル"
"5201","GU040108","428","藤岡ボウル"
"5202","GU030165","428","パークレーン高崎"
"5203","TC030268","428","宇都宮第二トーヨーボウル"
"5204","TK140031","428","池袋ロサボウル"
"5205","TK070143","428","練馬トーホーボール"
"5206","KA070298","428","アカフーボウル"
"","KA070298","428","アカフーボウル"
"5207","KA070353","428","アカフーボウル"
"","KA070353","428","アカフーボウル"
"5208","GU030195","428","パークレーン高崎"
"5209","NA060153","428","ボウリング王国スポルト岡谷店"
"5210","TC010018","428","足利スターレーン"
"5211","CH020262","428","北小金ボウル"
"5212","TK090147","428","蒲田ＩＭＯＮボウル"
"5213","YA010182","428","ダイトースターレーン双葉"
"5214","NA030307","428","アストロボウル"
"5215","TK060456","428","マルアイボウリング"
"5216","CH040514","428","ときわ平 ボウリングセンター"
"5217","NA030317","428","アストロボウル"
"5218","TK060163","427","マルアイボウリング"
"5219","KA160025","427","桜ヶ丘ボウリングセンター"
"5220","CH030046","427","富津スターレーン"
"5221","IB040052","427","スポーレボウル"
"5222","KA070156","427","アカフーボウル"
"","KA070156","427","アカフーボウル"
"5223","KA070160","427","アカフーボウル"
"","KA070160","427","アカフーボウル"
"5224","KA010174","427","川崎グランドボウル"
"","KA010174","427","川崎グランドボウル"
"5225","CH030084","427","富津スターレーン"
"5226","KA150026","427","相模ファーストレーン"
"5227","TK130093","427","ＳＡＰ日野ボウル"
"5228","GU030116","427","パークレーン高崎"
"5229","GU050096","427","ドリームスタジアム太田"
"5230","CH020215","427","北小金ボウル"
"5231","GU020171","427","エメラルドボウル"
"5232","KA160157","427","桜ヶ丘ボウリングセンター"
"","KA160157","427","桜ヶ丘ボウリングセンター"
"5233","TK150033","427","東京ポートボウル"
"5234","TK050061","427","立川スターレーン"
"5235","TK070188","427","練馬トーホーボール"
"5236","GU010127","427","桐生スターレーン"
"5237","YA040031","427","都留ファミリーボウル"
"5238","TK090129","427","蒲田ＩＭＯＮボウル"
"5239","KA040201","427","ムサシボウル"
"5240","KA070536","427","アカフーボウル"
"5241","KA070575","427","アカフーボウル"
"5242","TK060124","426","マルアイボウリング"
"5243","CH030016","426","富津スターレーン"
"5244","YA010014","426","ダイトースターレーン双葉"
"5245","CH020023","426","北小金ボウル"
"5246","TK090004","426","蒲田ＩＭＯＮボウル"
"5247","NA010026","426","新飯田オークラボウル"
"5248","GU050053","426","ドリームスタジアム太田"
"5249","NA020035","426","アピナボウル松本城山店"
"5250","TC030156","426","宇都宮第二トーヨーボウル"
"5251","KA040520","426","ムサシボウル"
"5252","GU040109","426","藤岡ボウル"
"5253","CH040179","426","ときわ平 ボウリングセンター"
"5254","KA010221","426","川崎グランドボウル"
"5255","TC030307","426","宇都宮第二トーヨーボウル"
"5256","GU020148","426","エメラルドボウル"
"5257","IB040235","426","スポーレボウル"
"5258","KA070300","426","アカフーボウル"
"","KA070300","426","アカフーボウル"
"5259","GU030224","426","パークレーン高崎"
"5260","CH040333","426","ときわ平 ボウリングセンター"
"5261","GU040191","426","藤岡ボウル"
"5262","CH040398","426","ときわ平 ボウリングセンター"
"5263","GU050171","426","ドリームスタジアム太田"
"","GU050171","426","ドリームスタジアム太田"
"5264","GU050172","426","ドリームスタジアム太田"
"5265","TC010100","426","足利スターレーン"
"5266","KA070562","426","アカフーボウル"
"5267","GU010162","426","桐生スターレーン"
"5268","GU010166","426","桐生スターレーン"
"5269","TC010129","426","足利スターレーン"
"5270","NA060214","426","ボウリング王国スポルト岡谷店"
"5271","NA060232","426","ボウリング王国スポルト岡谷店"
"5272","TK060221","425","マルアイボウリング"
"5273","NA060015","425","ボウリング王国スポルト岡谷店"
"5274","CH040027","425","ときわ平 ボウリングセンター"
"5275","KA020026","425","タチバナボウル"
"5276","KA010067","425","川崎グランドボウル"
"5277","TK070020","425","練馬トーホーボール"
"5278","TK130041","425","ＳＡＰ日野ボウル"
"5279","NA060050","425","ボウリング王国スポルト岡谷店"
"5280","CH020120","425","北小金ボウル"
"5281","CH020137","425","北小金ボウル"
"5282","CH030082","425","富津スターレーン"
"5283","IB030108","425","神栖ボウル"
"5284","TK080001","425","高尾スターレーン"
"5285","GU030110","425","パークレーン高崎"
"5286","KA160094","425","桜ヶ丘ボウリングセンター"
"5287","SA020053","425","所沢スターレーン"
"5288","KA070292","425","アカフーボウル"
"","KA070292","425","アカフーボウル"
"5289","GU020152","425","エメラルドボウル"
"5290","GU010084","425","桐生スターレーン"
"5291","YA010122","425","ダイトースターレーン双葉"
"5292","GU040165","425","藤岡ボウル"
"5293","GU030192","425","パークレーン高崎"
"5294","TK130174","425","ＳＡＰ日野ボウル"
"5295","CH030210","425","富津スターレーン"
"5296","IB040338","425","スポーレボウル"
"5297","NA060173","425","ボウリング王国スポルト岡谷店"
"5298","TK070199","425","練馬トーホーボール"
"5299","GU030243","425","パークレーン高崎"
"5300","NA030277","425","アストロボウル"
"5301","GU050182","425","ドリームスタジアム太田"
"5302","KA070527","425","アカフーボウル"
"5303","CH020273","425","北小金ボウル"
"5304","CH020302","425","北小金ボウル"
"5305","TK050160","425","立川スターレーン"
"5306","TK060260","425","マルアイボウリング"
"5307","NA030013","424","アストロボウル"
"5308","NA030018","424","アストロボウル"
"5309","KA010083","424","川崎グランドボウル"
"5310","GU030039","424","パークレーン高崎"
"5311","NA020010","424","アピナボウル松本城山店"
"5312","GU040056","424","藤岡ボウル"
"5313","TK130061","424","ＳＡＰ日野ボウル"
"5314","IB040076","424","スポーレボウル"
"5315","CH020165","424","北小金ボウル"
"5316","CH040151","424","ときわ平 ボウリングセンター"
"5317","CH030090","424","富津スターレーン"
"5318","GU030117","424","パークレーン高崎"
"5319","NA060101","424","ボウリング王国スポルト岡谷店"
"5320","GU020112","424","エメラルドボウル"
"5321","TK070100","424","練馬トーホーボール"
"5322","KA010216","424","川崎グランドボウル"
"5323","KA010217","424","川崎グランドボウル"
"5324","TK070105","424","練馬トーホーボール"
"5325","TK070112","424","練馬トーホーボール"
"5326","GU020139","424","エメラルドボウル"
"5327","GU050106","424","ドリームスタジアム太田"
"5328","CH040222","424","ときわ平 ボウリングセンター"
"5329","YA040010","424","都留ファミリーボウル"
"5330","TC030325","424","宇都宮第二トーヨーボウル"
"5331","TC030324","424","宇都宮第二トーヨーボウル"
"5332","KA070302","424","アカフーボウル"
"","KA070302","424","アカフーボウル"
"5333","TK060355","424","マルアイボウリング"
"5334","NA030183","424","アストロボウル"
"5335","TC030376","424","宇都宮第二トーヨーボウル"
"5336","TC030377","424","宇都宮第二トーヨーボウル"
"5337","GU040167","424","藤岡ボウル"
"5338","KA160151","424","桜ヶ丘ボウリングセンター"
"","KA160151","424","桜ヶ丘ボウリングセンター"
"5339","CH030171","424","富津スターレーン"
"5340","SA020071","424","所沢スターレーン"
"5341","TK060239","424","マルアイボウリング"
"5342","GU040184","424","藤岡ボウル"
"5343","TK070176","424","練馬トーホーボール"
"5344","YA010154","424","ダイトースターレーン双葉"
"5345","NA060172","424","ボウリング王国スポルト岡谷店"
"5346","IB040375","424","スポーレボウル"
"","IB040375","424","スポーレボウル"
"5347","IB030368","424","神栖ボウル"
"5348","TC010076","424","足利スターレーン"
"5349","KA070508","424","アカフーボウル"
"5350","CH020229","424","北小金ボウル"
"5351","CH040431","424","ときわ平 ボウリングセンター"
"5352","CH020308","424","北小金ボウル"
"5353","TK170029","424","高田馬場グランドボウル"
"5354","NA030359","424","アストロボウル"
"5355","NA060229","424","ボウリング王国スポルト岡谷店"
"5356","CH040550","424","ときわ平 ボウリングセンター"
"5357","TK060165","423","マルアイボウリング"
"5358","CH040049","423","ときわ平 ボウリングセンター"
"5359","IB040023","423","スポーレボウル"
"5360","GU030004","423","パークレーン高崎"
"5361","KA160036","423","桜ヶ丘ボウリングセンター"
"5362","TK060069","423","マルアイボウリング"
"5363","TK060134","423","マルアイボウリング"
"5364","GU030051","423","パークレーン高崎"
"5365","CH030058","423","富津スターレーン"
"5366","KA170039","423","伊勢原ボウリングセンター"
"5367","KA070135","423","アカフーボウル"
"","KA070135","423","アカフーボウル"
"5368","YA010070","423","ダイトースターレーン双葉"
"5369","GU010027","423","桐生スターレーン"
"5370","IB040192","423","スポーレボウル"
"5371","KA010302","423","川崎グランドボウル"
"5372","NA010091","423","新飯田オークラボウル"
"5373","TK150031","423","東京ポートボウル"
"5374","TK070174","423","練馬トーホーボール"
"5375","KA010354","423","川崎グランドボウル"
"5376","CH040344","423","ときわ平 ボウリングセンター"
"5377","SA050009","423","ＳＡＰ草加ボウル"
"5378","TK070198","423","練馬トーホーボール"
"5379","KA020108","423","タチバナボウル"
"5380","IB030416","423","神栖ボウル"
"5381","CH020301","423","北小金ボウル"
"5382","KA070572","423","アカフーボウル"
"5383","YA010178","423","ダイトースターレーン双葉"
"5384","GU010159","423","桐生スターレーン"
"5385","YA010001","422","ダイトースターレーン双葉"
"5386","KA020004","422","タチバナボウル"
"5387","KA070056","422","アカフーボウル"
"","KA070056","422","アカフーボウル"
"5388","CH020041","422","北小金ボウル"
"5389","CH020061","422","北小金ボウル"
"5390","TK060167","422","マルアイボウリング"
"5391","IB040079","422","スポーレボウル"
"5392","TC030158","422","宇都宮第二トーヨーボウル"
"5393","TK060009","422","マルアイボウリング"
"5394","KA070127","422","アカフーボウル"
"","KA070127","422","アカフーボウル"
"5395","GU040090","422","藤岡ボウル"
"","GU040090","422","藤岡ボウル"
"5396","GU010041","422","桐生スターレーン"
"5397","NA060106","422","ボウリング王国スポルト岡谷店"
"5398","KA070213","422","アカフーボウル"
"","KA070213","422","アカフーボウル"
"5399","IB030160","422","神栖ボウル"
"5400","GU030133","422","パークレーン高崎"
"5401","CH030135","422","富津スターレーン"
"5402","KA010245","422","川崎グランドボウル"
"5403","KA070290","422","アカフーボウル"
"","KA070290","422","アカフーボウル"
"5404","NA050052","422","アピナボウル長野篠ノ井店"
"5405","TC030338","422","宇都宮第二トーヨーボウル"
"5406","YA040017","422","都留ファミリーボウル"
"5407","TK050039","422","立川スターレーン"
"5408","KA160156","422","桜ヶ丘ボウリングセンター"
"","KA160156","422","桜ヶ丘ボウリングセンター"
"5409","KA040525","422","ムサシボウル"
"5410","IB030297","422","神栖ボウル"
"5411","TK090101","422","蒲田ＩＭＯＮボウル"
"5412","TK090115","422","蒲田ＩＭＯＮボウル"
"5413","TK140051","422","池袋ロサボウル"
"5414","GU010139","422","桐生スターレーン"
"5415","KA010379","422","川崎グランドボウル"
"5416","NA030258","422","アストロボウル"
"5417","IB030339","422","神栖ボウル"
"5418","CH020242","422","北小金ボウル"
"5419","CH020253","422","北小金ボウル"
"5420","TK060219","422","マルアイボウリング"
"5421","TK060526","422","マルアイボウリング"
"5422","TC010105","422","足利スターレーン"
"5423","IB040457","422","スポーレボウル"
"5424","GU010157","422","桐生スターレーン"
"5425","NA060213","422","ボウリング王国スポルト岡谷店"
"5426","CH040529","422","ときわ平 ボウリングセンター"
"5427","IB030568","422","神栖ボウル"
"5428","CH040551","422","ときわ平 ボウリングセンター"
"5429","KA010009","421","川崎グランドボウル"
"5430","KA170030","421","伊勢原ボウリングセンター"
"5431","TK060044","421","マルアイボウリング"
"5432","TK130038","421","ＳＡＰ日野ボウル"
"5433","TK070052","421","練馬トーホーボール"
"5434","IB030054","421","神栖ボウル"
"5435","GU050079","421","ドリームスタジアム太田"
"5436","NA060078","421","ボウリング王国スポルト岡谷店"
"5437","IB030084","421","神栖ボウル"
"5438","CH040148","421","ときわ平 ボウリングセンター"
"5439","IB030148","421","神栖ボウル"
"5440","CH040231","421","ときわ平 ボウリングセンター"
"5441","NA060126","421","ボウリング王国スポルト岡谷店"
"5442","TC030322","421","宇都宮第二トーヨーボウル"
"5443","TC030323","421","宇都宮第二トーヨーボウル"
"5444","GU030153","421","パークレーン高崎"
"5445","IB040268","421","スポーレボウル"
"5446","TK050044","421","立川スターレーン"
"","TK060083","421","マルアイボウリング"
"5447","NA060135","421","ボウリング王国スポルト岡谷店"
"5448","NA030219","421","アストロボウル"
"5449","TK050058","421","立川スターレーン"
"5450","KA160216","421","桜ヶ丘ボウリングセンター"
"5451","KA160236","421","桜ヶ丘ボウリングセンター"
"5452","GU020184","421","エメラルドボウル"
"5453","KA010370","421","川崎グランドボウル"
"","KA010370","421","川崎グランドボウル"
"5454","KA070434","421","アカフーボウル"
"","KA070434","421","アカフーボウル"
"5455","KA160251","421","桜ヶ丘ボウリングセンター"
"","KA160251","421","桜ヶ丘ボウリングセンター"
"5456","NA030268","421","アストロボウル"
"5457","GU030248","421","パークレーン高崎"
"5458","NA060180","421","ボウリング王国スポルト岡谷店"
"5459","IB040425","421","スポーレボウル"
"","IB040425","421","スポーレボウル"
"5460","CH020297","421","北小金ボウル"
"5461","GU030279","421","パークレーン高崎"
"5462","IB040483","421","スポーレボウル"
"5463","CH010005","420","本八幡スターレーン"
"","CH010005","420","本八幡スターレーン"
"5464","SA020003","420","所沢スターレーン"
"5465","GU050005","420","ドリームスタジアム太田"
"5466","CH020058","420","北小金ボウル"
"5467","GU030024","420","パークレーン高崎"
"5468","CH030035","420","富津スターレーン"
"5469","CH020065","420","北小金ボウル"
"5470","GU030029","420","パークレーン高崎"
"5471","TK130011","420","ＳＡＰ日野ボウル"
"5472","CH040098","420","ときわ平 ボウリングセンター"
"5473","GU010003","420","桐生スターレーン"
"5474","KA160076","420","桜ヶ丘ボウリングセンター"
"","KA160076","420","桜ヶ丘ボウリングセンター"
"5475","KA150020","420","相模ファーストレーン"
"","KA150020","420","相模ファーストレーン"
"5476","GU040091","420","藤岡ボウル"
"","GU040091","420","藤岡ボウル"
"5477","TC030219","420","宇都宮第二トーヨーボウル"
"5478","SA130008","420","アイビーボウル越谷"
"5479","TK060016","420","マルアイボウリング"
"5480","IB040170","420","スポーレボウル"
"5481","NA050040","420","アピナボウル長野篠ノ井店"
"5482","KA010239","420","川崎グランドボウル"
"5483","TK070147","420","練馬トーホーボール"
"5484","NA020066","420","アピナボウル松本城山店"
"5485","KA060004","420","ハマボール"
"5486","TC030394","420","宇都宮第二トーヨーボウル"
"5487","NA020067","420","アピナボウル松本城山店"
"5488","IB030323","420","神栖ボウル"
"5489","GU010135","420","桐生スターレーン"
"5490","TK070212","420","練馬トーホーボール"
"5491","IB040397","420","スポーレボウル"
"","IB040397","420","スポーレボウル"
"5492","KA040217","420","ムサシボウル"
"","KA040217","420","ムサシボウル"
"5493","KA070576","420","アカフーボウル"
"5494","TK090159","420","蒲田ＩＭＯＮボウル"
"5495","KA010013","419","川崎グランドボウル"
"5496","YA010013","419","ダイトースターレーン双葉"
"5497","TK060005","419","マルアイボウリング"
"5498","CH020095","419","北小金ボウル"
"5499","CH020122","419","北小金ボウル"
"5500","NA030098","419","アストロボウル"
"5501","KA070172","419","アカフーボウル"
"","KA070172","419","アカフーボウル"
"5502","SA020027","419","所沢スターレーン"
"5503","KA150025","419","相模ファーストレーン"
"5504","IB030097","419","神栖ボウル"
"5505","KA020068","419","タチバナボウル"
"5506","GU030134","419","パークレーン高崎"
"5507","IB030177","419","神栖ボウル"
"5508","TC030346","419","宇都宮第二トーヨーボウル"
"5509","TK090078","419","蒲田ＩＭＯＮボウル"
"5510","TK050052","419","立川スターレーン"
"5511","NA030192","419","アストロボウル"
"5512","TK050071","419","立川スターレーン"
"5513","IB040301","419","スポーレボウル"
"5514","NA030236","419","アストロボウル"
"5515","NA010097","419","新飯田オークラボウル"
"5516","KA070494","419","アカフーボウル"
"","KA070494","419","アカフーボウル"
"5517","IB040395","419","スポーレボウル"
"","IB040395","419","スポーレボウル"
"5518","IB030410","419","神栖ボウル"
"5519","GU030252","419","パークレーン高崎"
"5520","GU030273","419","パークレーン高崎"
"5521","IB030489","419","神栖ボウル"
"5522","IB030499","419","神栖ボウル"
"5523","KA070607","419","アカフーボウル"
"5524","NA030313","419","アストロボウル"
"5525","KA010495","419","川崎グランドボウル"
"5526","IB030576","419","神栖ボウル"
"5527","NA060002","418","ボウリング王国スポルト岡谷店"
"5528","IB040017","418","スポーレボウル"
"5529","KA170013","418","伊勢原ボウリングセンター"
"5530","KA010096","418","川崎グランドボウル"
"5531","TK130032","418","ＳＡＰ日野ボウル"
"5532","TK140008","418","池袋ロサボウル"
"5533","NA020048","418","アピナボウル松本城山店"
"5534","KA160067","418","桜ヶ丘ボウリングセンター"
"","KA160067","418","桜ヶ丘ボウリングセンター"
"5535","TK070096","418","練馬トーホーボール"
"5536","IB030130","418","神栖ボウル"
"5537","KA160127","418","桜ヶ丘ボウリングセンター"
"","KA160127","418","桜ヶ丘ボウリングセンター"
"5538","TK070103","418","練馬トーホーボール"
"5539","TC030252","418","宇都宮第二トーヨーボウル"
"5540","IB030183","418","神栖ボウル"
"5541","TK060071","418","マルアイボウリング"
"5542","TK070148","418","練馬トーホーボール"
"5543","KA160154","418","桜ヶ丘ボウリングセンター"
"","KA160154","418","桜ヶ丘ボウリングセンター"
"5544","GU030220","418","パークレーン高崎"
"5545","TC010007","418","足利スターレーン"
"5546","TK060039","418","マルアイボウリング"
"5547","GU010120","418","桐生スターレーン"
"5548","GU040291","418","藤岡ボウル"
"5549","KA150050","418","相模ファーストレーン"
"5550","IB030515","418","神栖ボウル"
"5551","GU030281","418","パークレーン高崎"
"5552","YA010189","418","ダイトースターレーン双葉"
"5553","TK060223","417","マルアイボウリング"
"5554","GU040029","417","藤岡ボウル"
"5555","TK060023","417","マルアイボウリング"
"5556","KA040052","417","ムサシボウル"
"5557","TC030066","417","宇都宮第二トーヨーボウル"
"5558","NA030061","417","アストロボウル"
"5559","IB040077","417","スポーレボウル"
"5560","GU030066","417","パークレーン高崎"
"5561","GU050075","417","ドリームスタジアム太田"
"5562","KA160060","417","桜ヶ丘ボウリングセンター"
"","KA160060","417","桜ヶ丘ボウリングセンター"
"5563","CH010047","417","本八幡スターレーン"
"5564","CH040128","417","ときわ平 ボウリングセンター"
"5565","GU040080","417","藤岡ボウル"
"5566","IB040151","417","スポーレボウル"
"","IB040151","417","スポーレボウル"
"5567","KA070184","417","アカフーボウル"
"","KA070184","417","アカフーボウル"
"5568","NA030136","417","アストロボウル"
"5569","TK070110","417","練馬トーホーボール"
"5570","TC030260","417","宇都宮第二トーヨーボウル"
"5571","KA160133","417","桜ヶ丘ボウリングセンター"
"5572","CH020180","417","北小金ボウル"
"5573","TK130148","417","ＳＡＰ日野ボウル"
"5574","CH030159","417","富津スターレーン"
"5575","TK070153","417","練馬トーホーボール"
"5576","KA010323","417","川崎グランドボウル"
"5577","NA030218","417","アストロボウル"
"5578","CH040336","417","ときわ平 ボウリングセンター"
"5579","KA110027","417","コロナキャットボウル小田原店"
"5580","TK060596","417","マルアイボウリング"
"5581","NA060195","417","ボウリング王国スポルト岡谷店"
"5582","CH010103","417","本八幡スターレーン"
"5583","TK090165","417","蒲田ＩＭＯＮボウル"
"5584","KA160194","417","桜ヶ丘ボウリングセンター"
"","KA160194","417","桜ヶ丘ボウリングセンター"
"5585","CH030246","417","富津スターレーン"
"5586","KA070009","416","アカフーボウル"
"","KA070009","416","アカフーボウル"
"5587","GU040002","416","藤岡ボウル"
"5588","CH020033","416","北小金ボウル"
"5589","KA050002","416","ボウリング王国 スポルト八景店"
"5590","TC030121","416","宇都宮第二トーヨーボウル"
"5591","IB040140","416","スポーレボウル"
"5592","NA060094","416","ボウリング王国スポルト岡谷店"
"5593","KA070212","416","アカフーボウル"
"","KA070212","416","アカフーボウル"
"5594","GU020116","416","エメラルドボウル"
"5595","TK090060","416","蒲田ＩＭＯＮボウル"
"5596","SA020050","416","所沢スターレーン"
"5597","TC030293","416","宇都宮第二トーヨーボウル"
"5598","KA140044","416","相模原パークレーンズ"
"5599","KA140050","416","相模原パークレーンズ"
"5600","TK130167","416","ＳＡＰ日野ボウル"
"5601","GU030176","416","パークレーン高崎"
"5602","TK060076","416","マルアイボウリング"
"5603","CH040280","416","ときわ平 ボウリングセンター"
"5604","GU010102","416","桐生スターレーン"
"5605","GU040190","416","藤岡ボウル"
"5606","TK060359","416","マルアイボウリング"
"5607","KA020102","416","タチバナボウル"
"5608","KA070450","416","アカフーボウル"
"","KA070450","416","アカフーボウル"
"5609","CH030222","416","富津スターレーン"
"5610","TC030483","416","宇都宮第二トーヨーボウル"
"5611","TK130211","416","ＳＡＰ日野ボウル"
"5612","TK050126","416","立川スターレーン"
"5613","TK060656","416","マルアイボウリング"
"5614","IB030525","416","神栖ボウル"
"5615","NA030331","416","アストロボウル"
"5616","CH040012","415","ときわ平 ボウリングセンター"
"5617","GU040042","415","藤岡ボウル"
"5618","YA010064","415","ダイトースターレーン双葉"
"5619","TK070051","415","練馬トーホーボール"
"5620","NA060059","415","ボウリング王国スポルト岡谷店"
"5621","IB040116","415","スポーレボウル"
"5622","CH040184","415","ときわ平 ボウリングセンター"
"5623","GU030138","415","パークレーン高崎"
"5624","TC030264","415","宇都宮第二トーヨーボウル"
"5625","TK060115","415","マルアイボウリング"
"5626","IB040204","415","スポーレボウル"
"","IB040204","415","スポーレボウル"
"5627","CH030156","415","富津スターレーン"
"5628","TK130154","415","ＳＡＰ日野ボウル"
"5629","TK060354","415","マルアイボウリング"
"5630","CH030168","415","富津スターレーン"
"5631","CH030169","415","富津スターレーン"
"5632","YA010124","415","ダイトースターレーン双葉"
"5633","TK130177","415","ＳＡＰ日野ボウル"
"5634","IB040297","415","スポーレボウル"
"","IB040297","415","スポーレボウル"
"5635","NA060162","415","ボウリング王国スポルト岡谷店"
"5636","NA020068","415","アピナボウル松本城山店"
"5637","KA070482","415","アカフーボウル"
"","KA070482","415","アカフーボウル"
"5638","GU020228","415","エメラルドボウル"
"5639","GU040255","415","藤岡ボウル"
"5640","GU010149","415","桐生スターレーン"
"5641","GU040317","415","藤岡ボウル"
"5642","IB030509","415","神栖ボウル"
"5643","NA030310","415","アストロボウル"
"5644","IB040527","415","スポーレボウル"
"5645","NA030356","415","アストロボウル"
"5646","NA030014","414","アストロボウル"
"5647","YA010002","414","ダイトースターレーン双葉"
"5648","NA030017","414","アストロボウル"
"5649","NA010013","414","新飯田オークラボウル"
"5650","KA160106","414","桜ヶ丘ボウリングセンター"
"5651","YA010037","414","ダイトースターレーン双葉"
"5652","GU040045","414","藤岡ボウル"
"5653","IB030031","414","神栖ボウル"
"5654","CH040117","414","ときわ平 ボウリングセンター"
"5655","CH020105","414","北小金ボウル"
"5656","NA020042","414","アピナボウル松本城山店"
"5657","NA060060","414","ボウリング王国スポルト岡谷店"
"5658","GU040081","414","藤岡ボウル"
"","GU040081","414","藤岡ボウル"
"5659","KA070219","414","アカフーボウル"
"","KA070219","414","アカフーボウル"
"5660","YA010095","414","ダイトースターレーン双葉"
"5661","CH040201","414","ときわ平 ボウリングセンター"
"5662","KA140027","414","相模原パークレーンズ"
"5663","TK060032","414","マルアイボウリング"
"5664","KA070266","414","アカフーボウル"
"","KA070266","414","アカフーボウル"
"5665","TK070135","414","練馬トーホーボール"
"5666","GU020175","414","エメラルドボウル"
"5667","KA070348","414","アカフーボウル"
"","KA070348","414","アカフーボウル"
"5668","KA010308","414","川崎グランドボウル"
"5669","KA010316","414","川崎グランドボウル"
"5670","NA060146","414","ボウリング王国スポルト岡谷店"
"5671","KA070387","414","アカフーボウル"
"","KA070387","414","アカフーボウル"
"5672","GU010133","414","桐生スターレーン"
"5673","KA070455","414","アカフーボウル"
"","KA070455","414","アカフーボウル"
"5674","IB030385","414","神栖ボウル"
"5675","IB030426","414","神栖ボウル"
"5676","KA070590","414","アカフーボウル"
"5677","KA070606","414","アカフーボウル"
"5678","CH040500","414","ときわ平 ボウリングセンター"
"5679","CH040513","414","ときわ平 ボウリングセンター"
"5680","YA010190","414","ダイトースターレーン双葉"
"5681","CH040013","413","ときわ平 ボウリングセンター"
"5682","CH040009","413","ときわ平 ボウリングセンター"
"5683","CH040042","413","ときわ平 ボウリングセンター"
"5684","IB040016","413","スポーレボウル"
"5685","KA070038","413","アカフーボウル"
"","KA070038","413","アカフーボウル"
"5686","CH020034","413","北小金ボウル"
"5687","CH020040","413","北小金ボウル"
"5688","CH040062","413","ときわ平 ボウリングセンター"
"5689","TK130063","413","ＳＡＰ日野ボウル"
"5690","TC030095","413","宇都宮第二トーヨーボウル"
"5691","GU050029","413","ドリームスタジアム太田"
"5692","GU010004","413","桐生スターレーン"
"5693","NA020032","413","アピナボウル松本城山店"
"5694","GU040099","413","藤岡ボウル"
"5695","CH030091","413","富津スターレーン"
"5696","YA010079","413","ダイトースターレーン双葉"
"5697","GU030128","413","パークレーン高崎"
"5698","GU050107","413","ドリームスタジアム太田"
"5699","KA070239","413","アカフーボウル"
"","KA070239","413","アカフーボウル"
"5700","SA020034","413","所沢スターレーン"
"5701","TK050014","413","立川スターレーン"
"5702","CH030153","413","富津スターレーン"
"5703","CH030157","413","富津スターレーン"
"5704","TK060075","413","マルアイボウリング"
"5705","TK050046","413","立川スターレーン"
"5706","GU020176","413","エメラルドボウル"
"5707","IB030270","413","神栖ボウル"
"5708","NA060161","413","ボウリング王国スポルト岡谷店"
"5709","TK050124","413","立川スターレーン"
"5710","TC010068","413","足利スターレーン"
"","GU050145","413","ドリームスタジアム太田"
"5711","GU050145","413","ドリームスタジアム太田"
"","TK060523","413","マルアイボウリング"
"5712","CH020285","413","北小金ボウル"
"5713","NA060190","413","ボウリング王国スポルト岡谷店"
"5714","IB030502","413","神栖ボウル"
"5715","GU040323","413","藤岡ボウル"
"5716","TK110012","413","笹塚ボウル"
"5717","KA010488","413","川崎グランドボウル"
"","KA010488","413","川崎グランドボウル"
"5718","IB040521","413","スポーレボウル"
"5719","TC030028","412","宇都宮第二トーヨーボウル"
"5720","CH020032","412","北小金ボウル"
"5721","CH040078","412","ときわ平 ボウリングセンター"
"5722","GU020031","412","エメラルドボウル"
"5723","CH040116","412","ときわ平 ボウリングセンター"
"5724","TC030105","412","宇都宮第二トーヨーボウル"
"5725","GU030077","412","パークレーン高崎"
"5726","NA010061","412","新飯田オークラボウル"
"5727","NA060089","412","ボウリング王国スポルト岡谷店"
"5728","CH040183","412","ときわ平 ボウリングセンター"
"5729","KA040113","412","ムサシボウル"
"5730","GU010071","412","桐生スターレーン"
"5731","IB040183","412","スポーレボウル"
"","IB040183","412","スポーレボウル"
"5732","GU020132","412","エメラルドボウル"
"5733","SA020063","412","所沢スターレーン"
"5734","KA010258","412","川崎グランドボウル"
"","KA010258","412","川崎グランドボウル"
"5735","KA160177","412","桜ヶ丘ボウリングセンター"
"","KA160177","412","桜ヶ丘ボウリングセンター"
"5736","KA070355","412","アカフーボウル"
"","KA070355","412","アカフーボウル"
"5737","CH040289","412","ときわ平 ボウリングセンター"
"5738","NA030199","412","アストロボウル"
"5739","TC010009","412","足利スターレーン"
"5740","YA010150","412","ダイトースターレーン双葉"
"5741","YA040030","412","都留ファミリーボウル"
"5742","KA070436","412","アカフーボウル"
"","KA070436","412","アカフーボウル"
"5743","IB040362","412","スポーレボウル"
"","IB040362","412","スポーレボウル"
"5744","TC030589","412","宇都宮第二トーヨーボウル"
"5745","CH010028","412","本八幡スターレーン"
"","CH010028","412","本八幡スターレーン"
"5746","TC010049","412","足利スターレーン"
"5747","KA070502","412","アカフーボウル"
"5748","KA070521","412","アカフーボウル"
"5749","GU010153","412","桐生スターレーン"
"5750","GU050215","412","ドリームスタジアム太田"
"5751","CH030011","411","富津スターレーン"
"5752","NA030020","411","アストロボウル"
"5753","TC030022","411","宇都宮第二トーヨーボウル"
"5754","CH020006","411","北小金ボウル"
"5755","CH020052","411","北小金ボウル"
"5756","KA020034","411","タチバナボウル"
"5757","GU030043","411","パークレーン高崎"
"5758","TK060135","411","マルアイボウリング"
"5759","TK130062","411","ＳＡＰ日野ボウル"
"5760","KA150113","411","相模ファーストレーン"
"5761","TK140005","411","池袋ロサボウル"
"5762","TC030149","411","宇都宮第二トーヨーボウル"
"5763","TK130084","411","ＳＡＰ日野ボウル"
"5764","NA030116","411","アストロボウル"
"5765","KA010188","411","川崎グランドボウル"
"5766","NA030124","411","アストロボウル"
"5767","CH020194","411","北小金ボウル"
"5768","TK060346","411","マルアイボウリング"
"5769","KA070263","411","アカフーボウル"
"","KA070263","411","アカフーボウル"
"5770","TK060343","411","マルアイボウリング"
"5771","NA010080","411","新飯田オークラボウル"
"5772","IB040230","411","スポーレボウル"
"","IB040230","411","スポーレボウル"
"5773","TC030341","411","宇都宮第二トーヨーボウル"
"5774","SA130013","411","アイビーボウル越谷"
"5775","KA010091","411","川崎グランドボウル"
"5776","TK050072","411","立川スターレーン"
"5777","KA070415","411","アカフーボウル"
"","KA070415","411","アカフーボウル"
"5778","KA160229","411","桜ヶ丘ボウリングセンター"
"5779","KA130012","411","ボウリング王国 スポルト横須賀店"
"5780","TK070189","411","練馬トーホーボール"
"5781","GU010126","411","桐生スターレーン"
"5782","KA070451","411","アカフーボウル"
"","KA070451","411","アカフーボウル"
"5783","IB040380","411","スポーレボウル"
"5784","IB040385","411","スポーレボウル"
"","IB040385","411","スポーレボウル"
"5785","TK090128","411","蒲田ＩＭＯＮボウル"
"5786","SA020087","411","所沢スターレーン"
"5787","KA010447","411","川崎グランドボウル"
"5788","IB010048","411","勝田パークボウル"
"5789","TK060652","411","マルアイボウリング"
"5790","CH030247","411","富津スターレーン"
"5791","KA070611","411","アカフーボウル"
"","KA070611","411","アカフーボウル"
"5792","IB030560","411","神栖ボウル"
"5793","KA010010","410","川崎グランドボウル"
"5794","GU050015","410","ドリームスタジアム太田"
"5795","YA010022","410","ダイトースターレーン双葉"
"5796","TC030039","410","宇都宮第二トーヨーボウル"
"5797","TK060086","410","マルアイボウリング"
"5798","GU040044","410","藤岡ボウル"
"5799","KA040043","410","ムサシボウル"
"5800","YA010053","410","ダイトースターレーン双葉"
"5801","TK130016","410","ＳＡＰ日野ボウル"
"5802","KA010140","410","川崎グランドボウル"
"5803","IB040148","410","スポーレボウル"
"","IB040148","410","スポーレボウル"
"5804","YA010086","410","ダイトースターレーン双葉"
"5805","KA010202","410","川崎グランドボウル"
"5806","TK070104","410","練馬トーホーボール"
"5807","GU030126","410","パークレーン高崎"
"5808","TK070115","410","練馬トーホーボール"
"5809","KA070258","410","アカフーボウル"
"","KA070258","410","アカフーボウル"
"5810","NA030152","410","アストロボウル"
"5811","KA070264","410","アカフーボウル"
"","KA070264","410","アカフーボウル"
"5812","GU010018","410","桐生スターレーン"
"5813","TK080006","410","高尾スターレーン"
"5814","TK060034","410","マルアイボウリング"
"5815","GU030201","410","パークレーン高崎"
"5816","YA010147","410","ダイトースターレーン双葉"
"5817","IB040351","410","スポーレボウル"
"","IB040351","410","スポーレボウル"
"5818","KA070522","410","アカフーボウル"
"5819","TK060662","410","マルアイボウリング"
"5820","TC010147","410","足利スターレーン"
"5821","SA020004","409","所沢スターレーン"
"5822","CH030019","409","富津スターレーン"
"5823","KA010024","409","川崎グランドボウル"
"5824","KA170007","409","伊勢原ボウリングセンター"
"5825","IB030005","409","神栖ボウル"
"5826","TC030060","409","宇都宮第二トーヨーボウル"
"5827","TC030053","409","宇都宮第二トーヨーボウル"
"5828","CH020073","409","北小金ボウル"
"5829","TC030106","409","宇都宮第二トーヨーボウル"
"5830","GU020033","409","エメラルドボウル"
"5831","NA010059","409","新飯田オークラボウル"
"5832","NA030100","409","アストロボウル"
"5833","NA060075","409","ボウリング王国スポルト岡谷店"
"5834","IB030109","409","神栖ボウル"
"5835","KA010213","409","川崎グランドボウル"
"5836","TC030321","409","宇都宮第二トーヨーボウル"
"5837","GU010085","409","桐生スターレーン"
"5838","NA060133","409","ボウリング王国スポルト岡谷店"
"5839","KA040166","409","ムサシボウル"
"5840","TK070194","409","練馬トーホーボール"
"5841","TK060440","409","マルアイボウリング"
"5842","IB040347","409","スポーレボウル"
"5843","TC030478","409","宇都宮第二トーヨーボウル"
"5844","KA010383","409","川崎グランドボウル"
"5845","TK090137","409","蒲田ＩＭＯＮボウル"
"5846","IB010044","409","勝田パークボウル"
"5847","IB040422","409","スポーレボウル"
"","IB040422","409","スポーレボウル"
"5848","KA010476","409","川崎グランドボウル"
"5849","NA010129","409","新飯田オークラボウル"
"5850","CH040001","408","ときわ平 ボウリングセンター"
"5851","GU040001","408","藤岡ボウル"
"5852","TK070010","408","練馬トーホーボール"
"5853","KA160023","408","桜ヶ丘ボウリングセンター"
"5854","NA060034","408","ボウリング王国スポルト岡谷店"
"5855","GU040040","408","藤岡ボウル"
"5856","IB040101","408","スポーレボウル"
"5857","TC030161","408","宇都宮第二トーヨーボウル"
"5858","CH040129","408","ときわ平 ボウリングセンター"
"5859","TK070080","408","練馬トーホーボール"
"5860","TK060205","408","マルアイボウリング"
"5861","CH040191","408","ときわ平 ボウリングセンター"
"5862","GU020138","408","エメラルドボウル"
"5863","TK060238","408","マルアイボウリング"
"5864","CH020221","408","北小金ボウル"
"5865","GU040145","408","藤岡ボウル"
"5866","KA070265","408","アカフーボウル"
"","KA070265","408","アカフーボウル"
"5867","CH030160","408","富津スターレーン"
"5868","KA160165","408","桜ヶ丘ボウリングセンター"
"","KA160165","408","桜ヶ丘ボウリングセンター"
"5869","CH040287","408","ときわ平 ボウリングセンター"
"5870","IB030285","408","神栖ボウル"
"5871","TK060040","408","マルアイボウリング"
"5872","KA160235","408","桜ヶ丘ボウリングセンター"
"5873","GU010142","408","桐生スターレーン"
"5874","TK060587","408","マルアイボウリング"
"5875","TK060319","408","マルアイボウリング"
"5876","GU050202","408","ドリームスタジアム太田"
"5877","NA010125","408","新飯田オークラボウル"
"5878","NA030030","407","アストロボウル"
"5879","GU020014","407","エメラルドボウル"
"5880","KA010075","407","川崎グランドボウル"
"5881","TK060228","407","マルアイボウリング"
"5882","KA070105","407","アカフーボウル"
"","KA070105","407","アカフーボウル"
"5883","TC030141","407","宇都宮第二トーヨーボウル"
"5884","CH030068","407","富津スターレーン"
"5885","IB030062","407","神栖ボウル"
"5886","CH030134","407","富津スターレーン"
"5887","IB030174","407","神栖ボウル"
"5888","NA030156","407","アストロボウル"
"5889","TK140025","407","池袋ロサボウル"
"5890","KA070323","407","アカフーボウル"
"","KA070323","407","アカフーボウル"
"5891","NA010087","407","新飯田オークラボウル"
"5892","TK050032","407","立川スターレーン"
"5893","KA160153","407","桜ヶ丘ボウリングセンター"
"","KA160153","407","桜ヶ丘ボウリングセンター"
"5894","GU030183","407","パークレーン高崎"
"5895","TK070180","407","練馬トーホーボール"
"5896","YA010155","407","ダイトースターレーン双葉"
"5897","IB040332","407","スポーレボウル"
"5898","KA160248","407","桜ヶ丘ボウリングセンター"
"","KA160248","407","桜ヶ丘ボウリングセンター"
"5899","TK060254","407","マルアイボウリング"
"5900","NA030264","407","アストロボウル"
"5901","CH020256","407","北小金ボウル"
"5902","GU010154","407","桐生スターレーン"
"5903","IB030466","407","神栖ボウル"
"5904","KA070566","407","アカフーボウル"
"5905","IB040463","407","スポーレボウル"
"","IB040463","407","スポーレボウル"
"5906","IB040468","407","スポーレボウル"
"5907","TK060041","406","マルアイボウリング"
"5908","TK060247","406","マルアイボウリング"
"5909","KA070146","406","アカフーボウル"
"","KA070146","406","アカフーボウル"
"5910","TK070082","406","練馬トーホーボール"
"5911","TK130094","406","ＳＡＰ日野ボウル"
"5912","CH040203","406","ときわ平 ボウリングセンター"
"5913","KA010220","406","川崎グランドボウル"
"5914","GU030137","406","パークレーン高崎"
"5915","TK130141","406","ＳＡＰ日野ボウル"
"5916","TK060114","406","マルアイボウリング"
"5917","KA070276","406","アカフーボウル"
"","KA070276","406","アカフーボウル"
"5918","TK090080","406","蒲田ＩＭＯＮボウル"
"5919","GU040188","406","藤岡ボウル"
"5920","IB040313","406","スポーレボウル"
"","IB040313","406","スポーレボウル"
"5921","KA070399","406","アカフーボウル"
"","KA070399","406","アカフーボウル"
"5922","CH030216","406","富津スターレーン"
"5923","TK060465","406","マルアイボウリング"
"5924","KA110030","406","コロナキャットボウル小田原店"
"5925","TC030502","406","宇都宮第二トーヨーボウル"
"5926","TK070216","406","練馬トーホーボール"
"5927","KA070496","406","アカフーボウル"
"","KA070496","406","アカフーボウル"
"5928","TK090141","406","蒲田ＩＭＯＮボウル"
"5929","IB030521","406","神栖ボウル"
"5930","NA060209","406","ボウリング王国スポルト岡谷店"
"5931","GU020263","406","エメラルドボウル"
"5932","NA030005","405","アストロボウル"
"5933","TC030009","405","宇都宮第二トーヨーボウル"
"5934","KA070039","405","アカフーボウル"
"","KA070039","405","アカフーボウル"
"5935","KA150007","405","相模ファーストレーン"
"5936","KA070067","405","アカフーボウル"
"","KA070067","405","アカフーボウル"
"5937","SA020018","405","所沢スターレーン"
"5938","TC030193","405","宇都宮第二トーヨーボウル"
"5939","IB040145","405","スポーレボウル"
"","IB040145","405","スポーレボウル"
"5940","NA060065","405","ボウリング王国スポルト岡谷店"
"5941","NA030121","405","アストロボウル"
"5942","KA160097","405","桜ヶ丘ボウリングセンター"
"5943","TK060054","405","マルアイボウリング"
"5944","SA020036","405","所沢スターレーン"
"5945","KA010247","405","川崎グランドボウル"
"","KA010247","405","川崎グランドボウル"
"5946","KA150032","405","相模ファーストレーン"
"5947","NA030189","405","アストロボウル"
"5948","IB030265","405","神栖ボウル"
"5949","TK060486","405","マルアイボウリング"
"5950","KA070395","405","アカフーボウル"
"","KA070395","405","アカフーボウル"
"5951","TK090102","405","蒲田ＩＭＯＮボウル"
"5952","GU030240","405","パークレーン高崎"
"5953","GU030241","405","パークレーン高崎"
"5954","KA110034","405","コロナキャットボウル小田原店"
"5955","KA010377","405","川崎グランドボウル"
"5956","KA110042","405","コロナキャットボウル小田原店"
"5957","TC030486","405","宇都宮第二トーヨーボウル"
"5958","TK050118","405","立川スターレーン"
"5959","NA030276","405","アストロボウル"
"5960","NA050066","405","アピナボウル長野篠ノ井店"
"5961","NA060183","405","ボウリング王国スポルト岡谷店"
"5962","CH020259","405","北小金ボウル"
"5963","CH040423","405","ときわ平 ボウリングセンター"
"5964","GU020248","405","エメラルドボウル"
"5965","NA060021","404","ボウリング王国スポルト岡谷店"
"5966","NA030023","404","アストロボウル"
"5967","CH020067","404","北小金ボウル"
"5968","TC030038","404","宇都宮第二トーヨーボウル"
"5969","TK060172","404","マルアイボウリング"
"5970","TK130031","404","ＳＡＰ日野ボウル"
"5971","KA010102","404","川崎グランドボウル"
"5972","TK140003","404","池袋ロサボウル"
"5973","KA150016","404","相模ファーストレーン"
"5974","IB030077","404","神栖ボウル"
"","IB030077","404","神栖ボウル"
"5975","CH030087","404","富津スターレーン"
"5976","KA010179","404","川崎グランドボウル"
"5977","GU040107","404","藤岡ボウル"
"5978","CH040210","404","ときわ平 ボウリングセンター"
"5979","TC030266","404","宇都宮第二トーヨーボウル"
"5980","TK060473","404","マルアイボウリング"
"5981","TK130162","404","ＳＡＰ日野ボウル"
"5982","CH030170","404","富津スターレーン"
"5983","TK050051","404","立川スターレーン"
"5984","KA040154","404","ムサシボウル"
"5985","IB030234","404","神栖ボウル"
"5986","KA010345","404","川崎グランドボウル"
"5987","KA010356","404","川崎グランドボウル"
"5988","TK150041","404","東京ポートボウル"
"5989","TC030489","404","宇都宮第二トーヨーボウル"
"5990","KA010455","404","川崎グランドボウル"
"5991","TK060452","404","マルアイボウリング"
"5992","TK090170","404","蒲田ＩＭＯＮボウル"
"5993","GU040343","404","藤岡ボウル"
"5994","KA070003","403","アカフーボウル"
"5995","GU040007","403","藤岡ボウル"
"5996","KA070022","403","アカフーボウル"
"","KA070022","403","アカフーボウル"
"5997","KA070043","403","アカフーボウル"
"","KA070043","403","アカフーボウル"
"5998","KA150104","403","相模ファーストレーン"
"5999","TK060232","403","マルアイボウリング"
"6000","KA010094","403","川崎グランドボウル"
"6001","TC030085","403","宇都宮第二トーヨーボウル"
"6002","GU040106","403","藤岡ボウル"
"6003","TC030256","403","宇都宮第二トーヨーボウル"
"6004","TK080012","403","高尾スターレーン"
"6005","TK070117","403","練馬トーホーボール"
"6006","CH020195","403","北小金ボウル"
"6007","CH020214","403","北小金ボウル"
"6008","TK060429","403","マルアイボウリング"
"6009","GU010079","403","桐生スターレーン"
"6010","TC030292","403","宇都宮第二トーヨーボウル"
"6011","TK090076","403","蒲田ＩＭＯＮボウル"
"6012","TK060252","403","マルアイボウリング"
"6013","KA150031","403","相模ファーストレーン"
"6014","NA030191","403","アストロボウル"
"6015","CH040304","403","ときわ平 ボウリングセンター"
"6016","KA160202","403","桜ヶ丘ボウリングセンター"
"","KA160202","403","桜ヶ丘ボウリングセンター"
"6017","GU010105","403","桐生スターレーン"
"6018","KA010355","403","川崎グランドボウル"
"6019","SA010016","403","浦和スプリングレーンズ"
"6020","TK060613","403","マルアイボウリング"
"6021","KA070479","403","アカフーボウル"
"","KA070479","403","アカフーボウル"
"6022","TC030591","403","宇都宮第二トーヨーボウル"
"6023","GU040273","403","藤岡ボウル"
"6024","YA010173","403","ダイトースターレーン双葉"
"6025","TC010150","403","足利スターレーン"
"6026","IB040547","403","スポーレボウル"
"","IB040547","403","スポーレボウル"
"6027","TK060222","402","マルアイボウリング"
"6028","CH030020","402","富津スターレーン"
"6029","TK130040","402","ＳＡＰ日野ボウル"
"6030","GU050061","402","ドリームスタジアム太田"
"6031","KA150014","402","相模ファーストレーン"
"6032","IB040108","402","スポーレボウル"
"6033","GU020103","402","エメラルドボウル"
"6034","CH040194","402","ときわ平 ボウリングセンター"
"6035","KA160129","402","桜ヶ丘ボウリングセンター"
"","KA160129","402","桜ヶ丘ボウリングセンター"
"6036","YA040003","402","都留ファミリーボウル"
"6037","KA160134","402","桜ヶ丘ボウリングセンター"
"6038","CH020224","402","北小金ボウル"
"6039","TK050026","402","立川スターレーン"
"6040","KA070281","402","アカフーボウル"
"","KA070281","402","アカフーボウル"
"6041","NA030190","402","アストロボウル"
"6042","NA060141","402","ボウリング王国スポルト岡谷店"
"6043","TC030428","402","宇都宮第二トーヨーボウル"
"6044","IB030312","402","神栖ボウル"
"6045","KA070448","402","アカフーボウル"
"","KA070448","402","アカフーボウル"
"6046","GU040205","402","藤岡ボウル"
"6047","NA060204","402","ボウリング王国スポルト岡谷店"
"6048","CH040491","402","ときわ平 ボウリングセンター"
"6049","CH040498","402","ときわ平 ボウリングセンター"
"6050","IB030583","402","神栖ボウル"
"6051","KA110083","402","コロナキャットボウル小田原店"
"6052","GU040345","402","藤岡ボウル"
"6053","GU050000","401","ドリームスタジアム太田"
"6054","CH020020","401","北小金ボウル"
"6055","CH020055","401","北小金ボウル"
"6056","GU030026","401","パークレーン高崎"
"6057","KA040058","401","ムサシボウル"
"6058","TK070044","401","練馬トーホーボール"
"6059","CH020157","401","北小金ボウル"
"6060","CH030085","401","富津スターレーン"
"6061","KA160171","401","桜ヶ丘ボウリングセンター"
"6062","TK050005","401","立川スターレーン"
"6063","IB040234","401","スポーレボウル"
"6064","KA010333","401","川崎グランドボウル"
"6065","TK050063","401","立川スターレーン"
"6066","TK060461","401","マルアイボウリング"
"6067","TK170013","401","高田馬場グランドボウル"
"6068","KA070394","401","アカフーボウル"
"","KA070394","401","アカフーボウル"
"6069","TK060437","401","マルアイボウリング"
"6070","KA110013","401","コロナキャットボウル小田原店"
"6071","TC030449","401","宇都宮第二トーヨーボウル"
"6072","KA070463","401","アカフーボウル"
"","KA070463","401","アカフーボウル"
"6073","NA060174","401","ボウリング王国スポルト岡谷店"
"6074","KA040527","401","ムサシボウル"
"","KA040527","401","ムサシボウル"
"6075","KA040204","401","ムサシボウル"
"6076","KA010415","401","川崎グランドボウル"
"","KA010415","401","川崎グランドボウル"
"6077","IB030425","401","神栖ボウル"
"6078","NA030339","401","アストロボウル"
"6079","CH040048","400","ときわ平 ボウリングセンター"
"6080","CH020029","400","北小金ボウル"
"6081","KA020037","400","タチバナボウル"
"6082","CH020168","400","北小金ボウル"
"6083","TK060018","400","マルアイボウリング"
"6084","GU010072","400","桐生スターレーン"
"6085","GU030142","400","パークレーン高崎"
"6086","TK070160","400","練馬トーホーボール"
"6087","TK070168","400","練馬トーホーボール"
"6088","TK070175","400","練馬トーホーボール"
"6089","TK130206","400","ＳＡＰ日野ボウル"
"6090","KA040189","400","ムサシボウル"
"6091","TC010089","400","足利スターレーン"
"6092","IB040434","400","スポーレボウル"
"6093","GU040304","400","藤岡ボウル"
"6094","TK060458","400","マルアイボウリング"
"6095","GU030293","400","パークレーン高崎"
"6096","IB030535","400","神栖ボウル"
"6097","IB040500","400","スポーレボウル"
"6098","GU020253","400","エメラルドボウル"
"6099","KA010011","399","川崎グランドボウル"
"6100","TK060001","399","マルアイボウリング"
"6101","NA030025","399","アストロボウル"
"6102","YA010038","399","ダイトースターレーン双葉"
"6103","GU030060","399","パークレーン高崎"
"6104","KA070140","399","アカフーボウル"
"","KA070140","399","アカフーボウル"
"6105","GU030076","399","パークレーン高崎"
"6106","CH030097","399","富津スターレーン"
"6107","KA010192","399","川崎グランドボウル"
"6108","CH040172","399","ときわ平 ボウリングセンター"
"6109","CH010058","399","本八幡スターレーン"
"6110","CH040195","399","ときわ平 ボウリングセンター"
"6111","KA140030","399","相模原パークレーンズ"
"6112","KA040108","399","ムサシボウル"
"6113","SA020044","399","所沢スターレーン"
"6114","TK060116","399","マルアイボウリング"
"6115","KA070297","399","アカフーボウル"
"6116","IB040277","399","スポーレボウル"
"6117","GU040174","399","藤岡ボウル"
"6118","TC010010","399","足利スターレーン"
"6119","GU030211","399","パークレーン高崎"
"6120","TK110001","399","笹塚ボウル"
"6121","GU010117","399","桐生スターレーン"
"6122","CH040356","399","ときわ平 ボウリングセンター"
"6123","IB040353","399","スポーレボウル"
"","IB040353","399","スポーレボウル"
"6124","TC030510","399","宇都宮第二トーヨーボウル"
"6125","GU050158","399","ドリームスタジアム太田"
"6126","TK170027","399","高田馬場グランドボウル"
"6127","KA140060","399","相模原パークレーンズ"
"6128","KA070598","399","アカフーボウル"
"6129","TK050165","399","立川スターレーン"
"6130","TC010148","399","足利スターレーン"
"","TC010148","399","足利スターレーン"
"6131","TK060094","398","マルアイボウリング"
"6132","KA010208","398","川崎グランドボウル"
"6133","KA160131","398","桜ヶ丘ボウリングセンター"
"","KA160131","398","桜ヶ丘ボウリングセンター"
"6134","SA020039","398","所沢スターレーン"
"6135","IB040244","398","スポーレボウル"
"","IB040244","398","スポーレボウル"
"6136","IB040265","398","スポーレボウル"
"","IB040265","398","スポーレボウル"
"6137","GU030198","398","パークレーン高崎"
"6138","KA110003","398","コロナキャットボウル小田原店"
"6139","KA010364","398","川崎グランドボウル"
"6140","YA010165","398","ダイトースターレーン双葉"
"6141","KA030003","398","サギヌマボウル"
"6142","IB030406","398","神栖ボウル"
"6143","CH020272","398","北小金ボウル"
"6144","TK050155","398","立川スターレーン"
"6145","TC010112","398","足利スターレーン"
"6146","TK060184","398","マルアイボウリング"
"6147","TK060568","398","マルアイボウリング"
"6148","IB030500","398","神栖ボウル"
"6149","KA160193","398","桜ヶ丘ボウリングセンター"
"","KA160193","398","桜ヶ丘ボウリングセンター"
"6150","KA150053","398","相模ファーストレーン"
"6151","NA030357","398","アストロボウル"
"6152","TK060243","397","マルアイボウリング"
"6153","IB040027","397","スポーレボウル"
"6154","KA010064","397","川崎グランドボウル"
"6155","TK130003","397","ＳＡＰ日野ボウル"
"6156","NA060027","397","ボウリング王国スポルト岡谷店"
"6157","TC030077","397","宇都宮第二トーヨーボウル"
"6158","TK130037","397","ＳＡＰ日野ボウル"
"6159","IB040123","397","スポーレボウル"
"6160","SA010010","397","浦和スプリングレーンズ"
"6161","GU010052","397","桐生スターレーン"
"6162","TK090050","397","蒲田ＩＭＯＮボウル"
"6163","TK130139","397","ＳＡＰ日野ボウル"
"6164","KA010257","397","川崎グランドボウル"
"","KA010257","397","川崎グランドボウル"
"6165","IB040258","397","スポーレボウル"
"","IB040258","397","スポーレボウル"
"6166","IB040300","397","スポーレボウル"
"","IB040300","397","スポーレボウル"
"6167","KA070422","397","アカフーボウル"
"","KA070422","397","アカフーボウル"
"6168","KA010374","397","川崎グランドボウル"
"6169","NA030248","397","アストロボウル"
"6170","NA060176","397","ボウリング王国スポルト岡谷店"
"6171","KA040534","397","ムサシボウル"
"","KA040534","397","ムサシボウル"
"6172","NA030265","397","アストロボウル"
"6173","TK060288","397","マルアイボウリング"
"6174","IB040427","397","スポーレボウル"
"6175","YA010184","397","ダイトースターレーン双葉"
"6176","KA040241","397","ムサシボウル"
"6177","IB030575","397","神栖ボウル"
"6178","TC030004","396","宇都宮第二トーヨーボウル"
"6179","IB040008","396","スポーレボウル"
"6180","SA020015","396","所沢スターレーン"
"6181","GU050058","396","ドリームスタジアム太田"
"6182","TK070083","396","練馬トーホーボール"
"6183","TK150017","396","東京ポートボウル"
"6184","TK070097","396","練馬トーホーボール"
"6185","CH030119","396","富津スターレーン"
"6186","KA160143","396","桜ヶ丘ボウリングセンター"
"6187","GU040157","396","藤岡ボウル"
"6188","KA160148","396","桜ヶ丘ボウリングセンター"
"6189","IB030222","396","神栖ボウル"
"6190","KA010320","396","川崎グランドボウル"
"6191","NA030220","396","アストロボウル"
"6192","TC030429","396","宇都宮第二トーヨーボウル"
"6193","TC030430","396","宇都宮第二トーヨーボウル"
"6194","TK070196","396","練馬トーホーボール"
"6195","KA170059","396","伊勢原ボウリングセンター"
"6196","KA070442","396","アカフーボウル"
"","KA070442","396","アカフーボウル"
"6197","IB040359","396","スポーレボウル"
"","IB040359","396","スポーレボウル"
"6198","NA030251","396","アストロボウル"
"6199","TK050129","396","立川スターレーン"
"6200","TK140061","396","池袋ロサボウル"
"6201","CH020250","396","北小金ボウル"
"6202","IB030389","396","神栖ボウル"
"6203","CH020252","396","北小金ボウル"
"6204","CH020334","396","北小金ボウル"
"6205","KA070591","396","アカフーボウル"
"6206","IB040550","396","スポーレボウル"
"6207","CH030012","395","富津スターレーン"
"6208","IB040029","395","スポーレボウル"
"6209","KA070045","395","アカフーボウル"
"","KA070045","395","アカフーボウル"
"6210","CH020049","395","北小金ボウル"
"6211","TK060120","395","マルアイボウリング"
"","TK060120","395","マルアイボウリング"
"6212","CH020110","395","北小金ボウル"
"6213","KA070151","395","アカフーボウル"
"","KA070151","395","アカフーボウル"
"6214","TK070071","395","練馬トーホーボール"
"6215","NA030128","395","アストロボウル"
"6216","KA020069","395","タチバナボウル"
"6217","TK060052","395","マルアイボウリング"
"6218","YA010096","395","ダイトースターレーン双葉"
"6219","IB040197","395","スポーレボウル"
"","IB040197","395","スポーレボウル"
"6220","IB040216","395","スポーレボウル"
"","IB040216","395","スポーレボウル"
"6221","GU040152","395","藤岡ボウル"
"6222","KA010266","395","川崎グランドボウル"
"6223","TC030375","395","宇都宮第二トーヨーボウル"
"6224","KA040125","395","ムサシボウル"
"6225","CH010073","395","本八幡スターレーン"
"6226","NA040038","395","アピナボウル安曇野店"
"6227","KA070537","395","アカフーボウル"
"6228","GU030261","395","パークレーン高崎"
"6229","CH020311","395","北小金ボウル"
"6230","KA070565","395","アカフーボウル"
"6231","KA010475","395","川崎グランドボウル"
"6232","GU030284","395","パークレーン高崎"
"6233","IB040518","395","スポーレボウル"
"6234","GU020243","395","エメラルドボウル"
"6235","GU020257","395","エメラルドボウル"
"6236","GU050217","395","ドリームスタジアム太田"
"6237","GU040337","395","藤岡ボウル"
"6238","IB040009","394","スポーレボウル"
"6239","CH020026","394","北小金ボウル"
"6240","KA010079","394","川崎グランドボウル"
"6241","GU030047","394","パークレーン高崎"
"6242","GU030063","394","パークレーン高崎"
"6243","GU050026","394","ドリームスタジアム太田"
"6244","CH030060","394","富津スターレーン"
"6245","TK060063","394","マルアイボウリング"
"6246","CH020125","394","北小金ボウル"
"6247","KA070136","394","アカフーボウル"
"","KA070136","394","アカフーボウル"
"6248","TK090027","394","蒲田ＩＭＯＮボウル"
"6249","IB030104","394","神栖ボウル"
"6250","TK070093","394","練馬トーホーボール"
"6251","TC030235","394","宇都宮第二トーヨーボウル"
"6252","YA010081","394","ダイトースターレーン双葉"
"6253","GU030114","394","パークレーン高崎"
"6254","TK150020","394","東京ポートボウル"
"6255","TK150018","394","東京ポートボウル"
"6256","TK050008","394","立川スターレーン"
"6257","IB040243","394","スポーレボウル"
"","IB040243","394","スポーレボウル"
"6258","CH030165","394","富津スターレーン"
"6259","NA030203","394","アストロボウル"
"6260","GU050138","394","ドリームスタジアム太田"
"6261","TK060210","394","マルアイボウリング"
"6262","TK050062","394","立川スターレーン"
"6263","IB030299","394","神栖ボウル"
"6264","KA070407","394","アカフーボウル"
"","KA070407","394","アカフーボウル"
"6265","KA160245","394","桜ヶ丘ボウリングセンター"
"","KA160245","394","桜ヶ丘ボウリングセンター"
"6266","GU050153","394","ドリームスタジアム太田"
"6267","TC010039","394","足利スターレーン"
"6268","TK170020","394","高田馬場グランドボウル"
"6269","KA010421","394","川崎グランドボウル"
"6270","CH020333","394","北小金ボウル"
"6271","NA060196","394","ボウリング王国スポルト岡谷店"
"6272","GU040321","394","藤岡ボウル"
"6273","KA070601","394","アカフーボウル"
"6274","CH040504","394","ときわ平 ボウリングセンター"
"6275","TC010140","394","足利スターレーン"
"6276","GU020003","393","エメラルドボウル"
"6277","TC030018","393","宇都宮第二トーヨーボウル"
"6278","GU030014","393","パークレーン高崎"
"6279","CH020025","393","北小金ボウル"
"6280","CH030044","393","富津スターレーン"
"6281","TK130007","393","ＳＡＰ日野ボウル"
"6282","TC030103","393","宇都宮第二トーヨーボウル"
"6283","NA030080","393","アストロボウル"
"6284","TK130079","393","ＳＡＰ日野ボウル"
"6285","TC030238","393","宇都宮第二トーヨーボウル"
"6286","TK070101","393","練馬トーホーボール"
"6287","TC030255","393","宇都宮第二トーヨーボウル"
"6288","CH040224","393","ときわ平 ボウリングセンター"
"6289","TK130126","393","ＳＡＰ日野ボウル"
"6290","SA020032","393","所沢スターレーン"
"6291","SA020052","393","所沢スターレーン"
"6292","SA020058","393","所沢スターレーン"
"6293","GU030148","393","パークレーン高崎"
"6294","TK130142","393","ＳＡＰ日野ボウル"
"6295","TK130143","393","ＳＡＰ日野ボウル"
"6296","KA010253","393","川崎グランドボウル"
"","KA010253","393","川崎グランドボウル"
"6297","KA070354","393","アカフーボウル"
"","KA070354","393","アカフーボウル"
"6298","NA030209","393","アストロボウル"
"6299","TK060236","393","マルアイボウリング"
"6300","TC030418","393","宇都宮第二トーヨーボウル"
"6301","TK070177","393","練馬トーホーボール"
"6302","TK050089","393","立川スターレーン"
"6303","TK050110","393","立川スターレーン"
"6304","CH020279","393","北小金ボウル"
"6305","KA070047","392","アカフーボウル"
"","KA070047","392","アカフーボウル"
"6306","KA170020","392","伊勢原ボウリングセンター"
"6307","TC030040","392","宇都宮第二トーヨーボウル"
"6308","TK060117","392","マルアイボウリング"
"6309","KA040048","392","ムサシボウル"
"6310","GU040059","392","藤岡ボウル"
"6311","TK090031","392","蒲田ＩＭＯＮボウル"
"6312","NA030101","392","アストロボウル"
"6313","GU030099","392","パークレーン高崎"
"6314","KA070173","392","アカフーボウル"
"","KA070173","392","アカフーボウル"
"6315","KA040086","392","ムサシボウル"
"6316","YA010104","392","ダイトースターレーン双葉"
"6317","NA030148","392","アストロボウル"
"6318","TC030367","392","宇都宮第二トーヨーボウル"
"6319","IB030220","392","神栖ボウル"
"6320","KA070372","392","アカフーボウル"
"","KA070372","392","アカフーボウル"
"6321","TC030409","392","宇都宮第二トーヨーボウル"
"6322","IB030286","392","神栖ボウル"
"6323","NA060166","392","ボウリング王国スポルト岡谷店"
"6324","GU010138","392","桐生スターレーン"
"6325","KA070500","392","アカフーボウル"
"6326","IB030396","392","神栖ボウル"
"6327","TK070228","392","練馬トーホーボール"
"6328","CH020299","392","北小金ボウル"
"6329","YA010175","392","ダイトースターレーン双葉"
"6330","GU040329","392","藤岡ボウル"
"6331","KA010489","392","川崎グランドボウル"
"","KA010489","392","川崎グランドボウル"
"6332","TK070011","391","練馬トーホーボール"
"6333","GU040023","391","藤岡ボウル"
"6334","KA050004","391","ボウリング王国 スポルト八景店"
"6335","KA160051","391","桜ヶ丘ボウリングセンター"
"","KA160051","391","桜ヶ丘ボウリングセンター"
"6336","NA030040","391","アストロボウル"
"6337","NA030090","391","アストロボウル"
"6338","TK070078","391","練馬トーホーボール"
"6339","KA160092","391","桜ヶ丘ボウリングセンター"
"6340","IB030176","391","神栖ボウル"
"6341","TK060118","391","マルアイボウリング"
"6342","TC030420","391","宇都宮第二トーヨーボウル"
"6343","KA070397","391","アカフーボウル"
"","KA070397","391","アカフーボウル"
"6344","TC030451","391","宇都宮第二トーヨーボウル"
"6345","NA030247","391","アストロボウル"
"6346","TK170022","391","高田馬場グランドボウル"
"6347","IB030403","391","神栖ボウル"
"6348","GU030272","391","パークレーン高崎"
"6349","IB030528","391","神栖ボウル"
"6350","SA010002","390","浦和スプリングレーンズ"
"6351","YA010044","390","ダイトースターレーン双葉"
"6352","KA070079","390","アカフーボウル"
"","KA070079","390","アカフーボウル"
"6353","GU020045","390","エメラルドボウル"
"6354","NA030118","390","アストロボウル"
"6355","GU040115","390","藤岡ボウル"
"6356","KA040112","390","ムサシボウル"
"6357","CH020202","390","北小金ボウル"
"6358","TC030308","390","宇都宮第二トーヨーボウル"
"6359","GU050120","390","ドリームスタジアム太田"
"6360","CH040293","390","ときわ平 ボウリングセンター"
"6361","TK060240","390","マルアイボウリング"
"6362","CH030193","390","富津スターレーン"
"6363","TK070173","390","練馬トーホーボール"
"6364","KA020097","390","タチバナボウル"
"6365","TC030493","390","宇都宮第二トーヨーボウル"
"6366","IB040393","390","スポーレボウル"
"","IB040393","390","スポーレボウル"
"6367","NA050063","390","アピナボウル長野篠ノ井店"
"6368","KA070579","390","アカフーボウル"
"6369","TK070249","390","練馬トーホーボール"
"6370","GU030283","390","パークレーン高崎"
"6371","TK170032","390","高田馬場グランドボウル"
"6372","GU020007","389","エメラルドボウル"
"6373","KA070048","389","アカフーボウル"
"","KA070048","389","アカフーボウル"
"6374","YA010034","389","ダイトースターレーン双葉"
"6375","KA010072","389","川崎グランドボウル"
"6376","GU050028","389","ドリームスタジアム太田"
"6377","GU050030","389","ドリームスタジアム太田"
"6378","CH020109","389","北小金ボウル"
"6379","GU030092","389","パークレーン高崎"
"6380","IB030101","389","神栖ボウル"
"6381","KA010191","389","川崎グランドボウル"
"6382","CH020222","389","北小金ボウル"
"6383","TK070136","389","練馬トーホーボール"
"6384","GU040163","389","藤岡ボウル"
"6385","TK130171","389","ＳＡＰ日野ボウル"
"6386","YA010148","389","ダイトースターレーン双葉"
"6387","GU030217","389","パークレーン高崎"
"6388","SA050001","389","ＳＡＰ草加ボウル"
"6389","TC010070","389","足利スターレーン"
"6390","TC030602","389","宇都宮第二トーヨーボウル"
"6391","GU040269","389","藤岡ボウル"
"6392","TK170030","389","高田馬場グランドボウル"
"6393","KA070595","389","アカフーボウル"
"6394","TK070267","389","練馬トーホーボール"
"6395","KA160040","388","桜ヶ丘ボウリングセンター"
"6396","KA070080","388","アカフーボウル"
"","KA070080","388","アカフーボウル"
"6397","GU050042","388","ドリームスタジアム太田"
"6398","KA010119","388","川崎グランドボウル"
"6399","TK070064","388","練馬トーホーボール"
"6400","NA010054","388","新飯田オークラボウル"
"6401","KA070153","388","アカフーボウル"
"","KA070153","388","アカフーボウル"
"6402","GU030087","388","パークレーン高崎"
"6403","KA070245","388","アカフーボウル"
"","KA070245","388","アカフーボウル"
"6404","GU030135","388","パークレーン高崎"
"6405","CH020208","388","北小金ボウル"
"6406","SA020055","388","所沢スターレーン"
"6407","GU040156","388","藤岡ボウル"
"6408","KA140051","388","相模原パークレーンズ"
"6409","GU010088","388","桐生スターレーン"
"6410","CH040302","388","ときわ平 ボウリングセンター"
"6411","NA030211","388","アストロボウル"
"6412","IB030289","388","神栖ボウル"
"6413","KA160223","388","桜ヶ丘ボウリングセンター"
"6414","KA040174","388","ムサシボウル"
"6415","NA060178","388","ボウリング王国スポルト岡谷店"
"6416","TK070225","388","練馬トーホーボール"
"6417","TK150047","388","東京ポートボウル"
"6418","YA010185","388","ダイトースターレーン双葉"
"6419","CH040506","388","ときわ平 ボウリングセンター"
"6420","GU020251","388","エメラルドボウル"
"6421","CH040530","388","ときわ平 ボウリングセンター"
"6422","GU020245","388","エメラルドボウル"
"6423","IB030545","388","神栖ボウル"
"6424","NA060024","387","ボウリング王国スポルト岡谷店"
"6425","TK060206","387","マルアイボウリング"
"6426","KA160041","387","桜ヶ丘ボウリングセンター"
"6427","GU030057","387","パークレーン高崎"
"6428","CH040104","387","ときわ平 ボウリングセンター"
"6429","CH030064","387","富津スターレーン"
"6430","KA150119","387","相模ファーストレーン"
"6431","KA150120","387","相模ファーストレーン"
"6432","NA040015","387","アピナボウル安曇野店"
"6433","GU010025","387","桐生スターレーン"
"6434","CH030076","387","富津スターレーン"
"6435","GU030096","387","パークレーン高崎"
"6436","TK070116","387","練馬トーホーボール"
"6437","IB040200","387","スポーレボウル"
"","IB040200","387","スポーレボウル"
"6438","TC030337","387","宇都宮第二トーヨーボウル"
"6439","NA030179","387","アストロボウル"
"6440","GU050141","387","ドリームスタジアム太田"
"6441","KA160211","387","桜ヶ丘ボウリングセンター"
"6442","TK140044","387","池袋ロサボウル"
"6443","IB030298","387","神栖ボウル"
"6444","CH020231","387","北小金ボウル"
"6445","TK080053","387","高尾スターレーン"
"6446","CH020257","387","北小金ボウル"
"6447","GU010150","387","桐生スターレーン"
"6448","GU030258","387","パークレーン高崎"
"6449","KA010471","387","川崎グランドボウル"
"6450","CH040461","387","ときわ平 ボウリングセンター"
"6451","TK060457","387","マルアイボウリング"
"6452","GU050225","387","ドリームスタジアム太田"
"6453","KA010004","386","川崎グランドボウル"
"","KA010004","386","川崎グランドボウル"
"6454","GU030012","386","パークレーン高崎"
"6455","GU050049","386","ドリームスタジアム太田"
"6456","IB030051","386","神栖ボウル"
"6457","CH010062","386","本八幡スターレーン"
"6458","TK070123","386","練馬トーホーボール"
"6459","TK050006","386","立川スターレーン"
"6460","KA140052","386","相模原パークレーンズ"
"6461","GU020178","386","エメラルドボウル"
"6462","TC030397","386","宇都宮第二トーヨーボウル"
"6463","IB030258","386","神栖ボウル"
"6464","GU030209","386","パークレーン高崎"
"6465","CH040354","386","ときわ平 ボウリングセンター"
"6466","GU030230","386","パークレーン高崎"
"6467","NA030270","386","アストロボウル"
"6468","KA040192","386","ムサシボウル"
"6469","IB040396","386","スポーレボウル"
"6470","TC010090","386","足利スターレーン"
"6471","IB030393","386","神栖ボウル"
"6472","CH020227","386","北小金ボウル"
"6473","TK060527","386","マルアイボウリング"
"6474","CH020269","386","北小金ボウル"
"6475","GU050187","386","ドリームスタジアム太田"
"6476","GU040347","386","藤岡ボウル"
"6477","SA020006","385","所沢スターレーン"
"6478","CH040046","385","ときわ平 ボウリングセンター"
"6479","GU040011","385","藤岡ボウル"
"6480","CH030030","385","富津スターレーン"
"6481","GU030035","385","パークレーン高崎"
"6482","TK060007","385","マルアイボウリング"
"6483","KA070098","385","アカフーボウル"
"","KA070098","385","アカフーボウル"
"6484","TC030118","385","宇都宮第二トーヨーボウル"
"6485","GU050047","385","ドリームスタジアム太田"
"6486","KA040508","385","ムサシボウル"
"6487","IB030147","385","神栖ボウル"
"6488","CH030149","385","富津スターレーン"
"6489","TK130135","385","ＳＡＰ日野ボウル"
"6490","TC030286","385","宇都宮第二トーヨーボウル"
"6491","IB030203","385","神栖ボウル"
"6492","IB040262","385","スポーレボウル"
"6493","NA060131","385","ボウリング王国スポルト岡谷店"
"6494","TK050038","385","立川スターレーン"
"6495","TK070157","385","練馬トーホーボール"
"6496","TK150034","385","東京ポートボウル"
"6497","NA030226","385","アストロボウル"
"6498","TK170015","385","高田馬場グランドボウル"
"6499","TK060443","385","マルアイボウリング"
"6500","TK050130","385","立川スターレーン"
"6501","TC010139","385","足利スターレーン"
"6502","TC010141","385","足利スターレーン"
"6503","SA020094","385","所沢スターレーン"
"6504","GU030008","384","パークレーン高崎"
"6505","CH020039","384","北小金ボウル"
"6506","TC030045","384","宇都宮第二トーヨーボウル"
"6507","IB040063","384","スポーレボウル"
"6508","YA010062","384","ダイトースターレーン双葉"
"6509","GU040072","384","藤岡ボウル"
"6510","YA010069","384","ダイトースターレーン双葉"
"6511","CH020188","384","北小金ボウル"
"6512","CH030138","384","富津スターレーン"
"6513","CH020223","384","北小金ボウル"
"6514","TK060113","384","マルアイボウリング"
"6515","KA070279","384","アカフーボウル"
"","KA070279","384","アカフーボウル"
"6516","IB040255","384","スポーレボウル"
"6517","GU030191","384","パークレーン高崎"
"6518","TK050060","384","立川スターレーン"
"6519","TK170011","384","高田馬場グランドボウル"
"6520","TC030516","384","宇都宮第二トーヨーボウル"
"6521","TK050144","384","立川スターレーン"
"6522","IB010047","384","勝田パークボウル"
"6523","KA070006","383","アカフーボウル"
"6524","CH020103","383","北小金ボウル"
"6525","GU030089","383","パークレーン高崎"
"6526","KA010170","383","川崎グランドボウル"
"","KA010170","383","川崎グランドボウル"
"6527","GU040105","383","藤岡ボウル"
"6528","NA030126","383","アストロボウル"
"6529","GU050098","383","ドリームスタジアム太田"
"6530","TK050016","383","立川スターレーン"
"6531","TK080009","383","高尾スターレーン"
"6532","YA010121","383","ダイトースターレーン双葉"
"6533","TC030419","383","宇都宮第二トーヨーボウル"
"6534","NA030239","383","アストロボウル"
"6535","TK060287","383","マルアイボウリング"
"6536","TC010060","383","足利スターレーン"
"6537","GU030250","383","パークレーン高崎"
"6538","CH040411","383","ときわ平 ボウリングセンター"
"6539","NA060188","383","ボウリング王国スポルト岡谷店"
"6540","KA070540","383","アカフーボウル"
"6541","IB040469","383","スポーレボウル"
"6542","CH040477","383","ときわ平 ボウリングセンター"
"6543","CH030253","383","富津スターレーン"
"6544","GU020269","383","エメラルドボウル"
"6545","IB040564","383","スポーレボウル"
"6546","SA020095","383","所沢スターレーン"
"6547","GU030140","382","パークレーン高崎"
"6548","TK150005","382","東京ポートボウル"
"6549","KA140018","382","相模原パークレーンズ"
"6550","GU010016","382","桐生スターレーン"
"6551","NA060097","382","ボウリング王国スポルト岡谷店"
"6552","TC030236","382","宇都宮第二トーヨーボウル"
"6553","CH020177","382","北小金ボウル"
"6554","GU030147","382","パークレーン高崎"
"6555","TK090071","382","蒲田ＩＭＯＮボウル"
"6556","KA010274","382","川崎グランドボウル"
"6557","KA070371","382","アカフーボウル"
"","KA070371","382","アカフーボウル"
"6558","TK170006","382","高田馬場グランドボウル"
"6559","YA010156","382","ダイトースターレーン双葉"
"6560","CH040367","382","ときわ平 ボウリングセンター"
"6561","KA160244","382","桜ヶ丘ボウリングセンター"
"","KA160244","382","桜ヶ丘ボウリングセンター"
"6562","KA010369","382","川崎グランドボウル"
"6563","TK130197","382","ＳＡＰ日野ボウル"
"6564","KA010385","382","川崎グランドボウル"
"6565","NA030267","382","アストロボウル"
"6566","GU010144","382","桐生スターレーン"
"6567","CH020275","382","北小金ボウル"
"6568","TK070236","382","練馬トーホーボール"
"6569","CH040464","382","ときわ平 ボウリングセンター"
"6570","IB030564","382","神栖ボウル"
"6571","IB040025","381","スポーレボウル"
"6572","GU030013","381","パークレーン高崎"
"6573","TK060321","381","マルアイボウリング"
"6574","YA010026","381","ダイトースターレーン双葉"
"6575","YA010042","381","ダイトースターレーン双葉"
"6576","TK060004","381","マルアイボウリング"
"6577","KA010143","381","川崎グランドボウル"
"","KA010143","381","川崎グランドボウル"
"6578","TK060029","381","マルアイボウリング"
"6579","IB030149","381","神栖ボウル"
"6580","GU020143","381","エメラルドボウル"
"6581","KA070321","381","アカフーボウル"
"","KA070321","381","アカフーボウル"
"6582","CH040283","381","ときわ平 ボウリングセンター"
"6583","GU010096","381","桐生スターレーン"
"6584","TK070163","381","練馬トーホーボール"
"6585","IB040398","381","スポーレボウル"
"","IB040398","381","スポーレボウル"
"6586","GU030266","381","パークレーン高崎"
"6587","GU030275","381","パークレーン高崎"
"6588","CH010106","381","本八幡スターレーン"
"6589","KA070599","381","アカフーボウル"
"6590","KA070041","380","アカフーボウル"
"6591","CH040067","380","ときわ平 ボウリングセンター"
"6592","CH020036","380","北小金ボウル"
"6593","CH030034","380","富津スターレーン"
"6594","TK060263","380","マルアイボウリング"
"6595","NA060028","380","ボウリング王国スポルト岡谷店"
"6596","TC030067","380","宇都宮第二トーヨーボウル"
"6597","KA070114","380","アカフーボウル"
"","KA070114","380","アカフーボウル"
"6598","TC030094","380","宇都宮第二トーヨーボウル"
"6599","GU010008","380","桐生スターレーン"
"6600","TK070059","380","練馬トーホーボール"
"6601","KA140013","380","相模原パークレーンズ"
"6602","GU040071","380","藤岡ボウル"
"6603","KA010181","380","川崎グランドボウル"
"6604","NA030114","380","アストロボウル"
"6605","GU010062","380","桐生スターレーン"
"6606","IB030171","380","神栖ボウル"
"6607","KA040139","380","ムサシボウル"
"6608","CH040347","380","ときわ平 ボウリングセンター"
"6609","TK080052","380","高尾スターレーン"
"6610","TK050158","380","立川スターレーン"
"6611","GU050156","380","ドリームスタジアム太田"
"6612","TK090133","380","蒲田ＩＭＯＮボウル"
"6613","KA070480","380","アカフーボウル"
"","KA070480","380","アカフーボウル"
"6614","KA010396","380","川崎グランドボウル"
"","KA010396","380","川崎グランドボウル"
"6615","GU040227","380","藤岡ボウル"
"6616","CH040419","380","ときわ平 ボウリングセンター"
"6617","IB040448","380","スポーレボウル"
"6618","CH040460","380","ときわ平 ボウリングセンター"
"6619","IB030561","380","神栖ボウル"
"6620","IB040549","380","スポーレボウル"
"6621","GU040026","379","藤岡ボウル"
"6622","CH020014","379","北小金ボウル"
"6623","YA010024","379","ダイトースターレーン双葉"
"6624","TC030080","379","宇都宮第二トーヨーボウル"
"6625","TK140007","379","池袋ロサボウル"
"6626","GU020072","379","エメラルドボウル"
"6627","TK070077","379","練馬トーホーボール"
"6628","IB030152","379","神栖ボウル"
"6629","KA070268","379","アカフーボウル"
"","KA070268","379","アカフーボウル"
"6630","TC030297","379","宇都宮第二トーヨーボウル"
"6631","TC030319","379","宇都宮第二トーヨーボウル"
"6632","KA040131","379","ムサシボウル"
"6633","GU030170","379","パークレーン高崎"
"6634","YA010125","379","ダイトースターレーン双葉"
"6635","YA010120","379","ダイトースターレーン双葉"
"6636","TK130169","379","ＳＡＰ日野ボウル"
"6637","TK070162","379","練馬トーホーボール"
"6638","GU010111","379","桐生スターレーン"
"6639","TC030416","379","宇都宮第二トーヨーボウル"
"6640","TK140049","379","池袋ロサボウル"
"6641","TC030503","379","宇都宮第二トーヨーボウル"
"6642","TC030586","379","宇都宮第二トーヨーボウル"
"6643","CH020244","379","北小金ボウル"
"6644","KA070523","379","アカフーボウル"
"6645","CH040432","379","ときわ平 ボウリングセンター"
"6646","TK060577","379","マルアイボウリング"
"6647","CH040458","379","ときわ平 ボウリングセンター"
"6648","YA010183","379","ダイトースターレーン双葉"
"6649","IB040574","379","スポーレボウル"
"6650","GU040017","378","藤岡ボウル"
"6651","CH020035","378","北小金ボウル"
"6652","TK130009","378","ＳＡＰ日野ボウル"
"6653","CH040112","378","ときわ平 ボウリングセンター"
"6654","TK070032","378","練馬トーホーボール"
"6655","TK130043","378","ＳＡＰ日野ボウル"
"6656","KA010147","378","川崎グランドボウル"
"","KA010147","378","川崎グランドボウル"
"6657","TK090025","378","蒲田ＩＭＯＮボウル"
"6658","GU020109","378","エメラルドボウル"
"6659","KA070177","378","アカフーボウル"
"","KA070177","378","アカフーボウル"
"6660","YA010099","378","ダイトースターレーン双葉"
"6661","KA070225","378","アカフーボウル"
"","KA070225","378","アカフーボウル"
"6662","TK130114","378","ＳＡＰ日野ボウル"
"6663","GU010058","378","桐生スターレーン"
"6664","TK090062","378","蒲田ＩＭＯＮボウル"
"6665","CH040217","378","ときわ平 ボウリングセンター"
"6666","TK150027","378","東京ポートボウル"
"6667","GU010070","378","桐生スターレーン"
"6668","IB030197","378","神栖ボウル"
"6669","KA160208","378","桜ヶ丘ボウリングセンター"
"6670","IB040328","378","スポーレボウル"
"6671","TC010026","378","足利スターレーン"
"6672","TK060468","378","マルアイボウリング"
"6673","IB040355","378","スポーレボウル"
"","IB040355","378","スポーレボウル"
"6674","IB030351","378","神栖ボウル"
"6675","TK140065","378","池袋ロサボウル"
"6676","CH020241","378","北小金ボウル"
"6677","KA070564","378","アカフーボウル"
"6678","IB040471","378","スポーレボウル"
"6679","IB030487","378","神栖ボウル"
"6680","KA070602","378","アカフーボウル"
"6681","NA030328","378","アストロボウル"
"6682","TK090177","378","蒲田ＩＭＯＮボウル"
"6683","NA010005","377","新飯田オークラボウル"
"6684","TK060006","377","マルアイボウリング"
"6685","TK060025","377","マルアイボウリング"
"6686","KA020042","377","タチバナボウル"
"6687","TK130028","377","ＳＡＰ日野ボウル"
"6688","KA010109","377","川崎グランドボウル"
"6689","CH020082","377","北小金ボウル"
"6690","IB040118","377","スポーレボウル"
"","IB040118","377","スポーレボウル"
"6691","GU020107","377","エメラルドボウル"
"6692","GU040114","377","藤岡ボウル"
"6693","TK150003","377","東京ポートボウル"
"6694","KA070232","377","アカフーボウル"
"","KA070232","377","アカフーボウル"
"6695","CH030127","377","富津スターレーン"
"6696","GU040141","377","藤岡ボウル"
"6697","TC030278","377","宇都宮第二トーヨーボウル"
"6698","TK090084","377","蒲田ＩＭＯＮボウル"
"6699","TK090081","377","蒲田ＩＭＯＮボウル"
"6700","NA060151","377","ボウリング王国スポルト岡谷店"
"6701","GU030210","377","パークレーン高崎"
"6702","TK080027","377","高尾スターレーン"
"6703","TK140060","377","池袋ロサボウル"
"6704","TC010048","377","足利スターレーン"
"6705","IB040416","377","スポーレボウル"
"","IB040416","377","スポーレボウル"
"6706","IB030522","377","神栖ボウル"
"6707","IB040551","377","スポーレボウル"
"6708","IB030589","377","神栖ボウル"
"6709","GU020001","376","エメラルドボウル"
"6710","CH020063","376","北小金ボウル"
"6711","KA010115","376","川崎グランドボウル"
"6712","GU050069","376","ドリームスタジアム太田"
"6713","IB040107","376","スポーレボウル"
"6714","KA070162","376","アカフーボウル"
"","KA070162","376","アカフーボウル"
"6715","YA010097","376","ダイトースターレーン双葉"
"6716","GU040126","376","藤岡ボウル"
"6717","IB040168","376","スポーレボウル"
"6718","TC030348","376","宇都宮第二トーヨーボウル"
"6719","TC030378","376","宇都宮第二トーヨーボウル"
"6720","YA010134","376","ダイトースターレーン双葉"
"6721","CH030174","376","富津スターレーン"
"6722","TK060432","376","マルアイボウリング"
"6723","TK070205","376","練馬トーホーボール"
"6724","NA010113","376","新飯田オークラボウル"
"6725","TK060187","376","マルアイボウリング"
"6726","CH020326","376","北小金ボウル"
"6727","GU050001","375","ドリームスタジアム太田"
"6728","IB040012","375","スポーレボウル"
"6729","TK070009","375","練馬トーホーボール"
"6730","CH020057","375","北小金ボウル"
"6731","TK060130","375","マルアイボウリング"
"6732","GU040057","375","藤岡ボウル"
"6733","KA070111","375","アカフーボウル"
"","KA070111","375","アカフーボウル"
"6734","CH040163","375","ときわ平 ボウリングセンター"
"6735","CH020172","375","北小金ボウル"
"6736","TK060474","375","マルアイボウリング"
"6737","GU020151","375","エメラルドボウル"
"6738","TC030374","375","宇都宮第二トーヨーボウル"
"6739","KA070396","375","アカフーボウル"
"","KA070396","375","アカフーボウル"
"6740","TC030474","375","宇都宮第二トーヨーボウル"
"6741","GU020200","375","エメラルドボウル"
"6742","GU050168","375","ドリームスタジアム太田"
"6743","NA030266","375","アストロボウル"
"6744","KA070476","375","アカフーボウル"
"","KA070476","375","アカフーボウル"
"6745","GU020216","375","エメラルドボウル"
"6746","TC030590","375","宇都宮第二トーヨーボウル"
"6747","GU040281","375","藤岡ボウル"
"6748","KA070533","375","アカフーボウル"
"6749","TK060455","375","マルアイボウリング"
"6750","GU050216","375","ドリームスタジアム太田"
"6751","TK070004","374","練馬トーホーボール"
"6752","GU050003","374","ドリームスタジアム太田"
"6753","GU030015","374","パークレーン高崎"
"6754","YA010043","374","ダイトースターレーン双葉"
"6755","KA070097","374","アカフーボウル"
"","KA070097","374","アカフーボウル"
"6756","CH040111","374","ときわ平 ボウリングセンター"
"6757","GU020091","374","エメラルドボウル"
"6758","GU020108","374","エメラルドボウル"
"6759","TK070081","374","練馬トーホーボール"
"6760","KA040085","374","ムサシボウル"
"6761","TK150019","374","東京ポートボウル"
"6762","TK130120","374","ＳＡＰ日野ボウル"
"6763","NA010074","374","新飯田オークラボウル"
"6764","TK060030","374","マルアイボウリング"
"6765","IB040188","374","スポーレボウル"
"","IB040188","374","スポーレボウル"
"6766","NA010082","374","新飯田オークラボウル"
"6767","NA030207","374","アストロボウル"
"6768","IB040314","374","スポーレボウル"
"","IB040314","374","スポーレボウル"
"6769","TK060154","374","マルアイボウリング"
"6770","GU020209","374","エメラルドボウル"
"6771","NA060193","374","ボウリング王国スポルト岡谷店"
"6772","CH030252","374","富津スターレーン"
"6773","IB030559","374","神栖ボウル"
"6774","TC030017","373","宇都宮第二トーヨーボウル"
"6775","GU030032","373","パークレーン高崎"
"6776","SA010008","373","浦和スプリングレーンズ"
"6777","TC030154","373","宇都宮第二トーヨーボウル"
"6778","CH020135","373","北小金ボウル"
"6779","KA070178","373","アカフーボウル"
"","KA070178","373","アカフーボウル"
"6780","IB030100","373","神栖ボウル"
"6781","CH020207","373","北小金ボウル"
"6782","IB030189","373","神栖ボウル"
"6783","TC030327","373","宇都宮第二トーヨーボウル"
"6784","CH040245","373","ときわ平 ボウリングセンター"
"6785","KA070325","373","アカフーボウル"
"6786","IB040281","373","スポーレボウル"
"","IB040281","373","スポーレボウル"
"6787","NA050056","373","アピナボウル長野篠ノ井店"
"6788","TK090117","373","蒲田ＩＭＯＮボウル"
"6789","IB030313","373","神栖ボウル"
"6790","IB080004","373","フジ取手ボウル"
"6791","TC030511","373","宇都宮第二トーヨーボウル"
"6792","TC010071","373","足利スターレーン"
"6793","TK130241","373","ＳＡＰ日野ボウル"
"6794","KA010439","373","川崎グランドボウル"
"6795","KA160266","373","桜ヶ丘ボウリングセンター"
"6796","CH030244","373","富津スターレーン"
"6797","IB030588","373","神栖ボウル"
"6798","KA070084","372","アカフーボウル"
"","KA070084","372","アカフーボウル"
"6799","CH020138","372","北小金ボウル"
"6800","CH020155","372","北小金ボウル"
"6801","GU040128","372","藤岡ボウル"
"6802","CH020220","372","北小金ボウル"
"6803","KA070285","372","アカフーボウル"
"","KA070285","372","アカフーボウル"
"6804","IB030219","372","神栖ボウル"
"6805","TK060153","372","マルアイボウリング"
"6806","NA010090","372","新飯田オークラボウル"
"6807","GU050140","372","ドリームスタジアム太田"
"6808","TK060450","372","マルアイボウリング"
"6809","TK060360","372","マルアイボウリング"
"6810","TK130200","372","ＳＡＰ日野ボウル"
"6811","TC010065","372","足利スターレーン"
"6812","IB030420","372","神栖ボウル"
"6813","GU040318","372","藤岡ボウル"
"6814","KA070610","372","アカフーボウル"
"","KA070610","372","アカフーボウル"
"6815","NA030001","371","アストロボウル"
"6816","NA010001","371","新飯田オークラボウル"
"6817","CH040030","371","ときわ平 ボウリングセンター"
"6818","KA070075","371","アカフーボウル"
"","KA070075","371","アカフーボウル"
"6819","KA010111","371","川崎グランドボウル"
"6820","CH020075","371","北小金ボウル"
"6821","TC030086","371","宇都宮第二トーヨーボウル"
"6822","TK070069","371","練馬トーホーボール"
"6823","TC030223","371","宇都宮第二トーヨーボウル"
"6824","GU030090","371","パークレーン高崎"
"6825","TK070073","371","練馬トーホーボール"
"6826","KA010189","371","川崎グランドボウル"
"6827","CH020170","371","北小金ボウル"
"6828","GU020135","371","エメラルドボウル"
"6829","KA070217","371","アカフーボウル"
"","KA070217","371","アカフーボウル"
"6830","SA020051","371","所沢スターレーン"
"6831","KA070330","371","アカフーボウル"
"","KA070330","371","アカフーボウル"
"6832","GU010087","371","桐生スターレーン"
"6833","IB030253","371","神栖ボウル"
"6834","TC030436","371","宇都宮第二トーヨーボウル"
"6835","KA070426","371","アカフーボウル"
"","KA070426","371","アカフーボウル"
"6836","TC030495","371","宇都宮第二トーヨーボウル"
"6837","TC010037","371","足利スターレーン"
"6838","TK090156","371","蒲田ＩＭＯＮボウル"
"6839","IB030570","371","神栖ボウル"
"6840","KA150002","370","相模ファーストレーン"
"6841","GU040027","370","藤岡ボウル"
"6842","CH020027","370","北小金ボウル"
"6843","NA030034","370","アストロボウル"
"6844","NA020002","370","アピナボウル松本城山店"
"6845","NA020051","370","アピナボウル松本城山店"
"6846","NA020058","370","アピナボウル松本城山店"
"6847","GU050097","370","ドリームスタジアム太田"
"6848","KA010272","370","川崎グランドボウル"
"6849","TK080015","370","高尾スターレーン"
"6850","NA030178","370","アストロボウル"
"6851","CH030202","370","富津スターレーン"
"6852","KA070409","370","アカフーボウル"
"","KA070409","370","アカフーボウル"
"6853","KA010359","370","川崎グランドボウル"
"6854","KA040238","370","ムサシボウル"
"6855","IB040488","370","スポーレボウル"
"","IB040488","370","スポーレボウル"
"","IB040488","370","スポーレボウル"
"","IB040488","370","スポーレボウル"
"6856","IB030530","370","神栖ボウル"
"6857","NA060223","370","ボウリング王国スポルト岡谷店"
"6858","GU040006","369","藤岡ボウル"
"6859","YA010041","369","ダイトースターレーン双葉"
"6860","IB030043","369","神栖ボウル"
"6861","TC030176","369","宇都宮第二トーヨーボウル"
"6862","CH020148","369","北小金ボウル"
"6863","GU010040","369","桐生スターレーン"
"6864","KA170046","369","伊勢原ボウリングセンター"
"6865","TK060204","369","マルアイボウリング"
"6866","GU030122","369","パークレーン高崎"
"6867","IB030146","369","神栖ボウル"
"6868","TK060031","369","マルアイボウリング"
"6869","TK130138","369","ＳＡＰ日野ボウル"
"6870","IB030187","369","神栖ボウル"
"6871","IB040232","369","スポーレボウル"
"","IB040232","369","スポーレボウル"
"6872","KA070358","369","アカフーボウル"
"","KA070358","369","アカフーボウル"
"6873","YA010131","369","ダイトースターレーン双葉"
"6874","TK070161","369","練馬トーホーボール"
"6875","GU010136","369","桐生スターレーン"
"6876","TK050087","369","立川スターレーン"
"6877","IB030341","369","神栖ボウル"
"6878","GU020226","369","エメラルドボウル"
"6879","CH020310","369","北小金ボウル"
"6880","CH040469","369","ときわ平 ボウリングセンター"
"6881","CH040474","369","ときわ平 ボウリングセンター"
"6882","KA010497","369","川崎グランドボウル"
"6883","IB040018","368","スポーレボウル"
"6884","IB040024","368","スポーレボウル"
"6885","KA040503","368","ムサシボウル"
"6886","KA040504","368","ムサシボウル"
"6887","IB040069","368","スポーレボウル"
"6888","TK130059","368","ＳＡＰ日野ボウル"
"6889","NA050019","368","アピナボウル長野篠ノ井店"
"6890","TC030178","368","宇都宮第二トーヨーボウル"
"6891","NA060057","368","ボウリング王国スポルト岡谷店"
"6892","CH010053","368","本八幡スターレーン"
"6893","KA160111","368","桜ヶ丘ボウリングセンター"
"6894","CH030114","368","富津スターレーン"
"6895","TK060015","368","マルアイボウリング"
"6896","KA040124","368","ムサシボウル"
"6897","CH020211","368","北小金ボウル"
"6898","CH020219","368","北小金ボウル"
"6899","KA070305","368","アカフーボウル"
"","KA070305","368","アカフーボウル"
"6900","YA010166","368","ダイトースターレーン双葉"
"6901","KA110060","368","コロナキャットボウル小田原店"
"6902","NA060177","368","ボウリング王国スポルト岡谷店"
"6903","IB030409","368","神栖ボウル"
"6904","KA010414","368","川崎グランドボウル"
"","KA010414","368","川崎グランドボウル"
"","TK060280","368","マルアイボウリング"
"6905","IB040446","368","スポーレボウル"
"6906","TK070108","368","練馬トーホーボール"
"6907","TK070255","368","練馬トーホーボール"
"6908","IB040572","368","スポーレボウル"
"6909","TK070008","367","練馬トーホーボール"
"6910","CH040037","367","ときわ平 ボウリングセンター"
"6911","TK060112","367","マルアイボウリング"
"6912","TK060170","367","マルアイボウリング"
"6913","CH020005","367","北小金ボウル"
"6914","GU030042","367","パークレーン高崎"
"6915","KA050003","367","ボウリング王国 スポルト八景店"
"6916","KA070099","367","アカフーボウル"
"","KA070099","367","アカフーボウル"
"6917","KA070115","367","アカフーボウル"
"","KA070115","367","アカフーボウル"
"6918","TC030093","367","宇都宮第二トーヨーボウル"
"6919","TC030350","367","宇都宮第二トーヨーボウル"
"6920","TK060361","367","マルアイボウリング"
"6921","TC030446","367","宇都宮第二トーヨーボウル"
"6922","IB040337","367","スポーレボウル"
"6923","GU030235","367","パークレーン高崎"
"6924","GU050154","367","ドリームスタジアム太田"
"6925","CH020260","367","北小金ボウル"
"6926","CH020278","367","北小金ボウル"
"6927","KA070548","367","アカフーボウル"
"6928","KA160264","367","桜ヶ丘ボウリングセンター"
"","TK170034","367","高田馬場グランドボウル"
"6929","TK060224","366","マルアイボウリング"
"6930","CH020047","366","北小金ボウル"
"6931","TK090017","366","蒲田ＩＭＯＮボウル"
"6932","KA040037","366","ムサシボウル"
"6933","KA040047","366","ムサシボウル"
"6934","SA010009","366","浦和スプリングレーンズ"
"6935","TK070045","366","練馬トーホーボール"
"6936","KA010165","366","川崎グランドボウル"
"6937","NA060086","366","ボウリング王国スポルト岡谷店"
"6938","TK070084","366","練馬トーホーボール"
"6939","KA010210","366","川崎グランドボウル"
"6940","YA010107","366","ダイトースターレーン双葉"
"6941","KA070230","366","アカフーボウル"
"","KA070230","366","アカフーボウル"
"6942","IB040175","366","スポーレボウル"
"6943","IB030188","366","神栖ボウル"
"6944","KA070423","366","アカフーボウル"
"","KA070423","366","アカフーボウル"
"6945","KA040203","366","ムサシボウル"
"6946","CH020324","366","北小金ボウル"
"6947","KA160270","366","桜ヶ丘ボウリングセンター"
"6948","GU050220","366","ドリームスタジアム太田"
"6949","TK060062","365","マルアイボウリング"
"6950","CH010012","365","本八幡スターレーン"
"","CH010012","365","本八幡スターレーン"
"6951","TK150009","365","東京ポートボウル"
"6952","CH040103","365","ときわ平 ボウリングセンター"
"6953","GU020048","365","エメラルドボウル"
"6954","TK070057","365","練馬トーホーボール"
"6955","NA050012","365","アピナボウル長野篠ノ井店"
"6956","TC030177","365","宇都宮第二トーヨーボウル"
"6957","NA020040","365","アピナボウル松本城山店"
"6958","NA030122","365","アストロボウル"
"6959","TK150013","365","東京ポートボウル"
"6960","KA070209","365","アカフーボウル"
"","KA070209","365","アカフーボウル"
"6961","TK070109","365","練馬トーホーボール"
"6962","CH030130","365","富津スターレーン"
"6963","CH020181","365","北小金ボウル"
"6964","YA010127","365","ダイトースターレーン双葉"
"6965","GU040199","365","藤岡ボウル"
"6966","KA010353","365","川崎グランドボウル"
"6967","TK070192","365","練馬トーホーボール"
"6968","TK050111","365","立川スターレーン"
"6969","KA070518","365","アカフーボウル"
"6970","CH020271","365","北小金ボウル"
"6971","TC010104","365","足利スターレーン"
"6972","KA070608","365","アカフーボウル"
"6973","TK130243","365","ＳＡＰ日野ボウル"
"6974","CH040019","364","ときわ平 ボウリングセンター"
"6975","GU040022","364","藤岡ボウル"
"6976","CH020066","364","北小金ボウル"
"6977","NA030105","364","アストロボウル"
"6978","CH030083","364","富津スターレーン"
"6979","IB040159","364","スポーレボウル"
"6980","KA070251","364","アカフーボウル"
"","KA070251","364","アカフーボウル"
"6981","NA030180","364","アストロボウル"
"6982","TK150029","364","東京ポートボウル"
"6983","KA160183","364","桜ヶ丘ボウリングセンター"
"","KA160183","364","桜ヶ丘ボウリングセンター"
"6984","GU020186","364","エメラルドボウル"
"6985","GU040189","364","藤岡ボウル"
"6986","TC030454","364","宇都宮第二トーヨーボウル"
"6987","TK070206","364","練馬トーホーボール"
"6988","TC030497","364","宇都宮第二トーヨーボウル"
"6989","KA010465","364","川崎グランドボウル"
"6990","CH040475","364","ときわ平 ボウリングセンター"
"6991","KA010494","364","川崎グランドボウル"
"6992","TK070001","363","練馬トーホーボール"
"6993","TC030007","363","宇都宮第二トーヨーボウル"
"6994","GU030040","363","パークレーン高崎"
"6995","YA010045","363","ダイトースターレーン双葉"
"6996","TK060168","363","マルアイボウリング"
"6997","KA040050","363","ムサシボウル"
"6998","KA010121","363","川崎グランドボウル"
"6999","GU020047","363","エメラルドボウル"
"7000","IB040090","363","スポーレボウル"
"7001","TC030148","363","宇都宮第二トーヨーボウル"
"7002","CH020145","363","北小金ボウル"
"7003","GU020061","363","エメラルドボウル"
"7004","KA070150","363","アカフーボウル"
"","KA070150","363","アカフーボウル"
"7005","KA070202","363","アカフーボウル"
"","KA070202","363","アカフーボウル"
"7006","KA070216","363","アカフーボウル"
"","KA070216","363","アカフーボウル"
"7007","YA010098","363","ダイトースターレーン双葉"
"7008","GU050099","363","ドリームスタジアム太田"
"7009","TK130137","363","ＳＡＰ日野ボウル"
"7010","TK050009","363","立川スターレーン"
"7011","KA010259","363","川崎グランドボウル"
"","KA010259","363","川崎グランドボウル"
"7012","KA070312","363","アカフーボウル"
"","KA070312","363","アカフーボウル"
"7013","KA070350","363","アカフーボウル"
"","KA070350","363","アカフーボウル"
"7014","TK050112","363","立川スターレーン"
"7015","TK110010","363","笹塚ボウル"
"7016","IB030394","363","神栖ボウル"
"7017","CH020254","363","北小金ボウル"
"7018","GU040287","363","藤岡ボウル"
"7019","TK050145","363","立川スターレーン"
"7020","KA070568","363","アカフーボウル"
"7021","TK060426","363","マルアイボウリング"
"7022","KA070588","363","アカフーボウル"
"7023","IB040490","363","スポーレボウル"
"","IB040490","363","スポーレボウル"
"7024","NA030008","362","アストロボウル"
"7025","GU040009","362","藤岡ボウル"
"7026","TC030034","362","宇都宮第二トーヨーボウル"
"7027","NA020031","362","アピナボウル松本城山店"
"7028","GU020087","362","エメラルドボウル"
"7029","GU040082","362","藤岡ボウル"
"","GU040082","362","藤岡ボウル"
"7030","YA010075","362","ダイトースターレーン双葉"
"7031","TK070089","362","練馬トーホーボール"
"7032","KA010215","362","川崎グランドボウル"
"7033","KA070241","362","アカフーボウル"
"","KA070241","362","アカフーボウル"
"7034","GU020127","362","エメラルドボウル"
"7035","CH040233","362","ときわ平 ボウリングセンター"
"7036","KA070411","362","アカフーボウル"
"","KA070411","362","アカフーボウル"
"7037","GU030214","362","パークレーン高崎"
"7038","YA010158","362","ダイトースターレーン双葉"
"7039","CH040380","362","ときわ平 ボウリングセンター"
"7040","KA010391","362","川崎グランドボウル"
"7041","IB030370","362","神栖ボウル"
"7042","IB030383","362","神栖ボウル"
"7043","IB030395","362","神栖ボウル"
"7044","KA030004","362","サギヌマボウル"
"7045","IB040454","362","スポーレボウル"
"","IB040454","362","スポーレボウル"
"7046","TK060650","362","マルアイボウリング"
"7047","GU030289","362","パークレーン高崎"
"7048","IB040555","362","スポーレボウル"
"","IB040555","362","スポーレボウル"
"7049","NA030009","361","アストロボウル"
"7050","KA010025","361","川崎グランドボウル"
"7051","KA070108","361","アカフーボウル"
"","KA070108","361","アカフーボウル"
"7052","IB040080","361","スポーレボウル"
"","IB040080","361","スポーレボウル"
"7053","IB040097","361","スポーレボウル"
"","IB040097","361","スポーレボウル"
"7054","TC030175","361","宇都宮第二トーヨーボウル"
"7055","CH020153","361","北小金ボウル"
"7056","TK090037","361","蒲田ＩＭＯＮボウル"
"7057","TC030411","361","宇都宮第二トーヨーボウル"
"7058","CH030203","361","富津スターレーン"
"7059","TK070209","361","練馬トーホーボール"
"7060","IB030366","361","神栖ボウル"
"7061","CH020325","361","北小金ボウル"
"7062","CH020313","361","北小金ボウル"
"7063","IB040436","361","スポーレボウル"
"7064","GU040301","361","藤岡ボウル"
"7065","TK070241","361","練馬トーホーボール"
"7066","CH040480","361","ときわ平 ボウリングセンター"
"7067","NA030360","361","アストロボウル"
"7068","KA020014","360","タチバナボウル"
"7069","CH020054","360","北小金ボウル"
"7070","YA010046","360","ダイトースターレーン双葉"
"7071","TK060042","360","マルアイボウリング"
"7072","TC030046","360","宇都宮第二トーヨーボウル"
"7073","KA010112","360","川崎グランドボウル"
"7074","CH020079","360","北小金ボウル"
"7075","TK140004","360","池袋ロサボウル"
"7076","CH020091","360","北小金ボウル"
"7077","KA070208","360","アカフーボウル"
"7078","CH020210","360","北小金ボウル"
"7079","TK050067","360","立川スターレーン"
"7080","TC030427","360","宇都宮第二トーヨーボウル"
"7081","GU010118","360","桐生スターレーン"
"7082","YA010159","360","ダイトースターレーン双葉"
"7083","TK130209","360","ＳＡＰ日野ボウル"
"7084","KA070535","360","アカフーボウル"
"7085","KA070539","360","アカフーボウル"
"7086","CH020306","360","北小金ボウル"
"7087","IB030495","360","神栖ボウル"
"7088","NA030345","360","アストロボウル"
"7089","IB040570","360","スポーレボウル"
"7090","NA010002","359","新飯田オークラボウル"
"7091","TC030026","359","宇都宮第二トーヨーボウル"
"7092","NA010015","359","新飯田オークラボウル"
"7093","KA170012","359","伊勢原ボウリングセンター"
"7094","TC030050","359","宇都宮第二トーヨーボウル"
"7095","GU040046","359","藤岡ボウル"
"7096","TK060233","359","マルアイボウリング"
"7097","NA030064","359","アストロボウル"
"7098","TC030133","359","宇都宮第二トーヨーボウル"
"7099","GU020079","359","エメラルドボウル"
"7100","TC030200","359","宇都宮第二トーヨーボウル"
"7101","GU040103","359","藤岡ボウル"
"7102","TK090063","359","蒲田ＩＭＯＮボウル"
"7103","KA040140","359","ムサシボウル"
"7104","GU020163","359","エメラルドボウル"
"7105","KA060006","359","ハマボール"
"7106","GU020227","359","エメラルドボウル"
"7107","KA040208","359","ムサシボウル"
"7108","TC010111","359","足利スターレーン"
"7109","KA010473","359","川崎グランドボウル"
"7110","TK090160","359","蒲田ＩＭＯＮボウル"
"7111","IB040497","359","スポーレボウル"
"7112","GU020241","359","エメラルドボウル"
"7113","IB030562","359","神栖ボウル"
"7114","TK070002","358","練馬トーホーボール"
"7115","CH040047","358","ときわ平 ボウリングセンター"
"7116","CH020030","358","北小金ボウル"
"7117","KA020041","358","タチバナボウル"
"7118","TK130046","358","ＳＡＰ日野ボウル"
"7119","GU010007","358","桐生スターレーン"
"7120","GU020090","358","エメラルドボウル"
"7121","TK070070","358","練馬トーホーボール"
"7122","NA060070","358","ボウリング王国スポルト岡谷店"
"7123","GU030075","358","パークレーン高崎"
"7124","GU010050","358","桐生スターレーン"
"7125","GU030177","358","パークレーン高崎"
"7126","CH030180","358","富津スターレーン"
"7127","TK170009","358","高田馬場グランドボウル"
"7128","YA010149","358","ダイトースターレーン双葉"
"7129","CH030211","358","富津スターレーン"
"7130","NA010098","358","新飯田オークラボウル"
"7131","CH020240","358","北小金ボウル"
"7132","GU040257","358","藤岡ボウル"
"7133","GU040335","358","藤岡ボウル"
"7134","CH040007","357","ときわ平 ボウリングセンター"
"7135","CH020038","357","北小金ボウル"
"7136","GU030030","357","パークレーン高崎"
"7137","CH020076","357","北小金ボウル"
"7138","TK130052","357","ＳＡＰ日野ボウル"
"7139","GU020060","357","エメラルドボウル"
"7140","CH030073","357","富津スターレーン"
"7141","GU030109","357","パークレーン高崎"
"7142","KA010199","357","川崎グランドボウル"
"7143","TC030247","357","宇都宮第二トーヨーボウル"
"7144","NA030170","357","アストロボウル"
"7145","TK050040","357","立川スターレーン"
"7146","TC030417","357","宇都宮第二トーヨーボウル"
"7147","GU040183","357","藤岡ボウル"
"7148","KA070430","357","アカフーボウル"
"","KA070430","357","アカフーボウル"
"7149","TC030517","357","宇都宮第二トーヨーボウル"
"7150","TK170024","357","高田馬場グランドボウル"
"7151","CH030231","357","富津スターレーン"
"7152","KA160261","357","桜ヶ丘ボウリングセンター"
"7153","TK060453","357","マルアイボウリング"
"7154","KA070620","357","アカフーボウル"
"","KA070620","357","アカフーボウル"
"7155","NA030004","356","アストロボウル"
"7156","KA170035","356","伊勢原ボウリングセンター"
"7157","IB040053","356","スポーレボウル"
"7158","CH020159","356","北小金ボウル"
"7159","TK130080","356","ＳＡＰ日野ボウル"
"7160","TC030201","356","宇都宮第二トーヨーボウル"
"7161","TK060143","356","マルアイボウリング"
"7162","GU030103","356","パークレーン高崎"
"7163","KA010207","356","川崎グランドボウル"
"7164","GU020122","356","エメラルドボウル"
"7165","GU030132","356","パークレーン高崎"
"7166","SA020041","356","所沢スターレーン"
"7167","IB040205","356","スポーレボウル"
"","IB040205","356","スポーレボウル"
"7168","CH040247","356","ときわ平 ボウリングセンター"
"7169","GU050126","356","ドリームスタジアム太田"
"7170","GU020167","356","エメラルドボウル"
"7171","TK070156","356","練馬トーホーボール"
"7172","GU050142","356","ドリームスタジアム太田"
"7173","IB040320","356","スポーレボウル"
"7174","KA070460","356","アカフーボウル"
"7175","KA010008","355","川崎グランドボウル"
"7176","KA170006","355","伊勢原ボウリングセンター"
"7177","CH030027","355","富津スターレーン"
"7178","YA010029","355","ダイトースターレーン双葉"
"7179","KA160026","355","桜ヶ丘ボウリングセンター"
"7180","KA160029","355","桜ヶ丘ボウリングセンター"
"7181","TK130022","355","ＳＡＰ日野ボウル"
"7182","GU050044","355","ドリームスタジアム太田"
"7183","TK090044","355","蒲田ＩＭＯＮボウル"
"7184","CH020203","355","北小金ボウル"
"7185","TK070146","355","練馬トーホーボール"
"7186","TK070166","355","練馬トーホーボール"
"7187","KA160212","355","桜ヶ丘ボウリングセンター"
"7188","TK130189","355","ＳＡＰ日野ボウル"
"7189","KA150136","355","相模ファーストレーン"
"","KA150136","355","相模ファーストレーン"
"7190","TC030572","355","宇都宮第二トーヨーボウル"
"7191","GU040261","355","藤岡ボウル"
"7192","CH020282","355","北小金ボウル"
"7193","TK060294","355","マルアイボウリング"
"7194","NA030318","355","アストロボウル"
"7195","TK050166","355","立川スターレーン"
"7196","TC010135","355","足利スターレーン"
"7197","GU020265","355","エメラルドボウル"
"7198","IB030587","355","神栖ボウル"
"","IB030587","355","神栖ボウル"
"7199","NA030355","355","アストロボウル"
"7200","NA030361","355","アストロボウル"
"7201","CH040008","354","ときわ平 ボウリングセンター"
"7202","IB040003","354","スポーレボウル"
"7203","CH030036","354","富津スターレーン"
"7204","CH020010","354","北小金ボウル"
"7205","GU030044","354","パークレーン高崎"
"7206","IB040088","354","スポーレボウル"
"7207","GU050065","354","ドリームスタジアム太田"
"7208","KA070145","354","アカフーボウル"
"","KA070145","354","アカフーボウル"
"7209","TC030169","354","宇都宮第二トーヨーボウル"
"7210","GU020062","354","エメラルドボウル"
"7211","IB040143","354","スポーレボウル"
"7212","TK070141","354","練馬トーホーボール"
"7213","KA040158","354","ムサシボウル"
"7214","TK140063","354","池袋ロサボウル"
"7215","TC030592","354","宇都宮第二トーヨーボウル"
"7216","IB030397","354","神栖ボウル"
"7217","GU040282","354","藤岡ボウル"
"7218","KA010466","354","川崎グランドボウル"
"7219","IB040451","354","スポーレボウル"
"7220","CH040473","354","ときわ平 ボウリングセンター"
"7221","IB040498","354","スポーレボウル"
"7222","CH030024","353","富津スターレーン"
"7223","TC030025","353","宇都宮第二トーヨーボウル"
"7224","KA010052","353","川崎グランドボウル"
"7225","KA160009","353","桜ヶ丘ボウリングセンター"
"7226","CH030074","353","富津スターレーン"
"7227","NA030147","353","アストロボウル"
"7228","CH020184","353","北小金ボウル"
"7229","KA010250","353","川崎グランドボウル"
"7230","GU050119","353","ドリームスタジアム太田"
"7231","CH030173","353","富津スターレーン"
"7232","TK070187","353","練馬トーホーボール"
"7233","TK060439","353","マルアイボウリング"
"7234","TK050148","353","立川スターレーン"
"7235","KA070552","353","アカフーボウル"
"7236","CH020336","353","北小金ボウル"
"7237","GU030280","353","パークレーン高崎"
"7238","CH040554","353","ときわ平 ボウリングセンター"
"7239","NA030012","352","アストロボウル"
"7240","GU040021","352","藤岡ボウル"
"7241","TC030117","352","宇都宮第二トーヨーボウル"
"7242","CH020128","352","北小金ボウル"
"7243","CH010044","352","本八幡スターレーン"
"7244","NA030103","352","アストロボウル"
"7245","TC030221","352","宇都宮第二トーヨーボウル"
"7246","TK150021","352","東京ポートボウル"
"7247","KA070270","352","アカフーボウル"
"","KA070270","352","アカフーボウル"
"7248","SA130011","352","アイビーボウル越谷"
"7249","KA010279","352","川崎グランドボウル"
"7250","YA010126","352","ダイトースターレーン双葉"
"7251","TK070165","352","練馬トーホーボール"
"7252","GU040203","352","藤岡ボウル"
"7253","TC030475","352","宇都宮第二トーヨーボウル"
"7254","GU020194","352","エメラルドボウル"
"7255","NA010101","352","新飯田オークラボウル"
"7256","GU050167","352","ドリームスタジアム太田"
"7257","TC010035","352","足利スターレーン"
"7258","IB030424","352","神栖ボウル"
"7259","TK060183","352","マルアイボウリング"
"7260","NA030338","352","アストロボウル"
"7261","NA030346","352","アストロボウル"
"7262","TC030023","351","宇都宮第二トーヨーボウル"
"7263","CH020064","351","北小金ボウル"
"7264","CH020098","351","北小金ボウル"
"7265","GU040075","351","藤岡ボウル"
"7266","TK060328","351","マルアイボウリング"
"7267","KA010230","351","川崎グランドボウル"
"","KA010230","351","川崎グランドボウル"
"7268","TC030298","351","宇都宮第二トーヨーボウル"
"7269","NA040034","351","アピナボウル安曇野店"
"7270","KA160178","351","桜ヶ丘ボウリングセンター"
"","KA160178","351","桜ヶ丘ボウリングセンター"
"7271","CH040329","351","ときわ平 ボウリングセンター"
"7272","IB030367","351","神栖ボウル"
"7273","CH020228","351","北小金ボウル"
"7274","TC010092","351","足利スターレーン"
"7275","YA010186","351","ダイトースターレーン双葉"
"7276","CH020022","350","北小金ボウル"
"7277","TC030035","350","宇都宮第二トーヨーボウル"
"7278","GU030127","350","パークレーン高崎"
"7279","KA070243","350","アカフーボウル"
"","KA070243","350","アカフーボウル"
"7280","TK070140","350","練馬トーホーボール"
"7281","TK060266","350","マルアイボウリング"
"7282","IB030214","350","神栖ボウル"
"7283","TC030365","350","宇都宮第二トーヨーボウル"
"7284","GU040270","350","藤岡ボウル"
"7285","IB030402","350","神栖ボウル"
"7286","IB040429","350","スポーレボウル"
"7287","CH020307","350","北小金ボウル"
"7288","IB030461","350","神栖ボウル"
"7289","KA070593","350","アカフーボウル"
"7290","CH030010","349","富津スターレーン"
"7291","KA040020","349","ムサシボウル"
"7292","CH040044","349","ときわ平 ボウリングセンター"
"7293","GU050006","349","ドリームスタジアム太田"
"7294","CH020130","349","北小金ボウル"
"7295","GU020036","349","エメラルドボウル"
"7296","NA060084","349","ボウリング王国スポルト岡谷店"
"7297","KA070215","349","アカフーボウル"
"","KA070215","349","アカフーボウル"
"7298","CH020198","349","北小金ボウル"
"7299","CH030164","349","富津スターレーン"
"7300","KA070340","349","アカフーボウル"
"","KA070340","349","アカフーボウル"
"7301","NA010093","349","新飯田オークラボウル"
"7302","NA030225","349","アストロボウル"
"7303","KA150036","349","相模ファーストレーン"
"7304","TC030435","349","宇都宮第二トーヨーボウル"
"7305","KA010361","349","川崎グランドボウル"
"7306","CH020251","349","北小金ボウル"
"7307","CH020265","349","北小金ボウル"
"7308","KA070547","349","アカフーボウル"
"7309","GU030257","349","パークレーン高崎"
"7310","IB030459","349","神栖ボウル"
"7311","KA160274","349","桜ヶ丘ボウリングセンター"
"","KA160274","349","桜ヶ丘ボウリングセンター"
"7312","KA070614","349","アカフーボウル"
"","KA070614","349","アカフーボウル"
"7313","GU020249","349","エメラルドボウル"
"7314","TK070006","348","練馬トーホーボール"
"7315","IB040021","348","スポーレボウル"
"7316","GU020010","348","エメラルドボウル"
"7317","CH020028","348","北小金ボウル"
"7318","GU030041","348","パークレーン高崎"
"7319","TC030057","348","宇都宮第二トーヨーボウル"
"7320","CH020101","348","北小金ボウル"
"7321","GU010009","348","桐生スターレーン"
"7322","CH020149","348","北小金ボウル"
"7323","TK070085","348","練馬トーホーボール"
"7324","CH040207","348","ときわ平 ボウリングセンター"
"7325","KA060002","348","ハマボール"
"7326","TC030270","348","宇都宮第二トーヨーボウル"
"7327","TC030393","348","宇都宮第二トーヨーボウル"
"7328","TK130178","348","ＳＡＰ日野ボウル"
"7329","KA170053","348","伊勢原ボウリングセンター"
"7330","TK130195","348","ＳＡＰ日野ボウル"
"7331","IB040421","348","スポーレボウル"
"","IB040421","348","スポーレボウル"
"7332","IB030456","348","神栖ボウル"
"7333","SA010001","347","浦和スプリングレーンズ"
"7334","NA030011","347","アストロボウル"
"7335","GU050008","347","ドリームスタジアム太田"
"7336","IB030006","347","神栖ボウル"
"7337","CH040066","347","ときわ平 ボウリングセンター"
"7338","KA170015","347","伊勢原ボウリングセンター"
"7339","TK060169","347","マルアイボウリング"
"7340","CH020139","347","北小金ボウル"
"7341","KA010193","347","川崎グランドボウル"
"7342","KA160091","347","桜ヶ丘ボウリングセンター"
"7343","GU020137","347","エメラルドボウル"
"7344","IB040189","347","スポーレボウル"
"7345","NA030155","347","アストロボウル"
"7346","KA140042","347","相模原パークレーンズ"
"7347","KA070319","347","アカフーボウル"
"","KA070319","347","アカフーボウル"
"7348","GU040159","347","藤岡ボウル"
"7349","KA040126","347","ムサシボウル"
"7350","IB030267","347","神栖ボウル"
"7351","TK050069","347","立川スターレーン"
"7352","TC030465","347","宇都宮第二トーヨーボウル"
"7353","GU040232","347","藤岡ボウル"
"7354","CH020247","347","北小金ボウル"
"7355","GU030259","347","パークレーン高崎"
"7356","KA070577","347","アカフーボウル"
"7357","KA070597","347","アカフーボウル"
"7358","TK070266","347","練馬トーホーボール"
"7359","KA070091","346","アカフーボウル"
"","KA070091","346","アカフーボウル"
"7360","GU050045","346","ドリームスタジアム太田"
"7361","CH020161","346","北小金ボウル"
"7362","KA140022","346","相模原パークレーンズ"
"7363","CH040180","346","ときわ平 ボウリングセンター"
"7364","NA060110","346","ボウリング王国スポルト岡谷店"
"7365","NA060115","346","ボウリング王国スポルト岡谷店"
"7366","CH020213","346","北小金ボウル"
"7367","SA020056","346","所沢スターレーン"
"7368","KA040134","346","ムサシボウル"
"7369","KA070369","346","アカフーボウル"
"","KA070369","346","アカフーボウル"
"7370","TK140034","346","池袋ロサボウル"
"7371","TK110002","346","笹塚ボウル"
"7372","TK140055","346","池袋ロサボウル"
"7373","TK140057","346","池袋ロサボウル"
"7374","KA130013","346","ボウリング王国 スポルト横須賀店"
"7375","IB040406","346","スポーレボウル"
"","IB040406","346","スポーレボウル"
"7376","GU040274","346","藤岡ボウル"
"7377","TK060616","346","マルアイボウリング"
"7378","NA030305","346","アストロボウル"
"7379","CH020043","345","北小金ボウル"
"7380","CH040100","345","ときわ平 ボウリングセンター"
"7381","TC030126","345","宇都宮第二トーヨーボウル"
"7382","TK080002","345","高尾スターレーン"
"7383","KA040135","345","ムサシボウル"
"7384","KA040127","345","ムサシボウル"
"7385","KA070453","345","アカフーボウル"
"","KA070453","345","アカフーボウル"
"7386","YA040033","345","都留ファミリーボウル"
"7387","NA050061","345","アピナボウル長野篠ノ井店"
"7388","IB030361","345","神栖ボウル"
"7389","TC010084","345","足利スターレーン"
"7390","TK090148","345","蒲田ＩＭＯＮボウル"
"7391","CH020321","345","北小金ボウル"
"7392","GU040307","345","藤岡ボウル"
"7393","TK050164","345","立川スターレーン"
"7394","KA010066","344","川崎グランドボウル"
"7395","KA170029","344","伊勢原ボウリングセンター"
"7396","GU030056","344","パークレーン高崎"
"7397","NA020009","344","アピナボウル松本城山店"
"7398","SA020016","344","所沢スターレーン"
"7399","GU050038","344","ドリームスタジアム太田"
"7400","CH020164","344","北小金ボウル"
"7401","IB040181","344","スポーレボウル"
"","IB040181","344","スポーレボウル"
"7402","TC030334","344","宇都宮第二トーヨーボウル"
"7403","GU020162","344","エメラルドボウル"
"7404","TC030372","344","宇都宮第二トーヨーボウル"
"7405","GU010094","344","桐生スターレーン"
"7406","TC030432","344","宇都宮第二トーヨーボウル"
"7407","KA160221","344","桜ヶ丘ボウリングセンター"
"7408","KA110021","344","コロナキャットボウル小田原店"
"7409","CH020267","344","北小金ボウル"
"7410","IB040442","344","スポーレボウル"
"7411","TK070261","344","練馬トーホーボール"
"7412","KA040049","343","ムサシボウル"
"7413","NA030062","343","アストロボウル"
"7414","CH020083","343","北小金ボウル"
"7415","NA010036","343","新飯田オークラボウル"
"7416","NA050021","343","アピナボウル長野篠ノ井店"
"7417","GU050072","343","ドリームスタジアム太田"
"7418","GU020053","343","エメラルドボウル"
"7419","TC030163","343","宇都宮第二トーヨーボウル"
"7420","KA010211","343","川崎グランドボウル"
"7421","KA060001","343","ハマボール"
"7422","TK050004","343","立川スターレーン"
"7423","TK070142","343","練馬トーホーボール"
"7424","TK130166","343","ＳＡＰ日野ボウル"
"7425","KA070320","343","アカフーボウル"
"","KA070320","343","アカフーボウル"
"7426","GU030182","343","パークレーン高崎"
"7427","NA030208","343","アストロボウル"
"7428","TC030415","343","宇都宮第二トーヨーボウル"
"7429","KA170052","343","伊勢原ボウリングセンター"
"7430","IB040318","343","スポーレボウル"
"7431","IB030356","343","神栖ボウル"
"7432","IB030371","343","神栖ボウル"
"7433","GU040220","343","藤岡ボウル"
"7434","GU040262","343","藤岡ボウル"
"7435","TK060424","343","マルアイボウリング"
"7436","CH020314","343","北小金ボウル"
"7437","YA010011","342","ダイトースターレーン双葉"
"7438","KA160105","342","桜ヶ丘ボウリングセンター"
"7439","NA030024","342","アストロボウル"
"7440","GU020009","342","エメラルドボウル"
"7441","NA030130","342","アストロボウル"
"7442","NA010079","342","新飯田オークラボウル"
"7443","TK070152","342","練馬トーホーボール"
"7444","TK050103","342","立川スターレーン"
"7445","KA010373","342","川崎グランドボウル"
"7446","KA070443","342","アカフーボウル"
"","KA070443","342","アカフーボウル"
"7447","TK060274","342","マルアイボウリング"
"7448","KA070493","342","アカフーボウル"
"","KA070493","342","アカフーボウル"
"7449","TK090149","342","蒲田ＩＭＯＮボウル"
"7450","TK060574","342","マルアイボウリング"
"7451","NA060211","342","ボウリング王国スポルト岡谷店"
"7452","IB040514","342","スポーレボウル"
"7453","CH020015","341","北小金ボウル"
"7454","TK060119","341","マルアイボウリング"
"7455","IB040055","341","スポーレボウル"
"7456","GU050023","341","ドリームスタジアム太田"
"7457","NA010032","341","新飯田オークラボウル"
"7458","TC030098","341","宇都宮第二トーヨーボウル"
"7459","NA050009","341","アピナボウル長野篠ノ井店"
"7460","GU050033","341","ドリームスタジアム太田"
"7461","CH020123","341","北小金ボウル"
"7462","GU040062","341","藤岡ボウル"
"7463","NA040014","341","アピナボウル安曇野店"
"7464","CH020163","341","北小金ボウル"
"7465","TK130107","341","ＳＡＰ日野ボウル"
"7466","GU050129","341","ドリームスタジアム太田"
"7467","TK050059","341","立川スターレーン"
"7468","TC030452","341","宇都宮第二トーヨーボウル"
"7469","TK070208","341","練馬トーホーボール"
"7470","IB040401","341","スポーレボウル"
"","IB040401","341","スポーレボウル"
"7471","TK050149","341","立川スターレーン"
"7472","IB040428","341","スポーレボウル"
"7473","CH020303","341","北小金ボウル"
"7474","KA070609","341","アカフーボウル"
"7475","CH030025","340","富津スターレーン"
"7476","IB040030","340","スポーレボウル"
"7477","TC030170","340","宇都宮第二トーヨーボウル"
"7478","NA030078","340","アストロボウル"
"7479","GU040096","340","藤岡ボウル"
"7480","IB030083","340","神栖ボウル"
"7481","TK130106","340","ＳＡＰ日野ボウル"
"7482","KA010235","340","川崎グランドボウル"
"","KA010235","340","川崎グランドボウル"
"7483","TK130133","340","ＳＡＰ日野ボウル"
"7484","TK130163","340","ＳＡＰ日野ボウル"
"7485","KA040136","340","ムサシボウル"
"7486","KA160175","340","桜ヶ丘ボウリングセンター"
"","KA160175","340","桜ヶ丘ボウリングセンター"
"7487","TC030450","340","宇都宮第二トーヨーボウル"
"7488","IB040360","340","スポーレボウル"
"","IB040360","340","スポーレボウル"
"7489","TC010034","340","足利スターレーン"
"7490","TC030596","340","宇都宮第二トーヨーボウル"
"7491","GU040268","340","藤岡ボウル"
"7492","IB030345","340","神栖ボウル"
"7493","IB040449","340","スポーレボウル"
"7494","GU020204","340","エメラルドボウル"
"7495","GU030288","340","パークレーン高崎"
"7496","KA170014","339","伊勢原ボウリングセンター"
"7497","KA070154","339","アカフーボウル"
"","KA070154","339","アカフーボウル"
"7498","GU030104","339","パークレーン高崎"
"7499","KA170047","339","伊勢原ボウリングセンター"
"7500","TK150001","339","東京ポートボウル"
"7501","TC030257","339","宇都宮第二トーヨーボウル"
"7502","TK080011","339","高尾スターレーン"
"7503","GU010078","339","桐生スターレーン"
"7504","KA070273","339","アカフーボウル"
"","KA070273","339","アカフーボウル"
"7505","TK070158","339","練馬トーホーボール"
"7506","GU040175","339","藤岡ボウル"
"7507","IB040312","339","スポーレボウル"
"","IB040312","339","スポーレボウル"
"7508","GU030282","339","パークレーン高崎"
"7509","CH040533","339","ときわ平 ボウリングセンター"
"7510","CH030007","338","富津スターレーン"
"7511","TK060302","338","マルアイボウリング"
"7512","IB040039","338","スポーレボウル"
"7513","TC030115","338","宇都宮第二トーヨーボウル"
"7514","KA040505","338","ムサシボウル"
"7515","TK070056","338","練馬トーホーボール"
"7516","NA050050","338","アピナボウル長野篠ノ井店"
"7517","GU050139","338","ドリームスタジアム太田"
"7518","KA070403","338","アカフーボウル"
"","KA070403","338","アカフーボウル"
"7519","KA070398","338","アカフーボウル"
"","KA070398","338","アカフーボウル"
"7520","IB030333","338","神栖ボウル"
"7521","GU020264","338","エメラルドボウル"
"7522","TK060303","337","マルアイボウリング"
"7523","KA070028","337","アカフーボウル"
"","KA070028","337","アカフーボウル"
"7524","GU040015","337","藤岡ボウル"
"7525","GU040024","337","藤岡ボウル"
"7526","GU040053","337","藤岡ボウル"
"7527","TC030079","337","宇都宮第二トーヨーボウル"
"7528","GU050032","337","ドリームスタジアム太田"
"7529","IB030070","337","神栖ボウル"
"7530","KA070244","337","アカフーボウル"
"","KA070244","337","アカフーボウル"
"7531","KA070248","337","アカフーボウル"
"","KA070248","337","アカフーボウル"
"7532","GU020121","337","エメラルドボウル"
"7533","IB030284","337","神栖ボウル"
"7534","TK080045","337","高尾スターレーン"
"7535","TK150035","337","東京ポートボウル"
"7536","TC030444","337","宇都宮第二トーヨーボウル"
"7537","IB040399","337","スポーレボウル"
"","IB040399","337","スポーレボウル"
"7538","IB030405","337","神栖ボウル"
"7539","CH040470","337","ときわ平 ボウリングセンター"
"7540","CH040471","337","ときわ平 ボウリングセンター"
"7541","GU040327","337","藤岡ボウル"
"7542","TK090172","337","蒲田ＩＭＯＮボウル"
"7543","GU050223","337","ドリームスタジアム太田"
"7544","GU050222","337","ドリームスタジアム太田"
"7545","KA010504","337","川崎グランドボウル"
"7546","NA060010","336","ボウリング王国スポルト岡谷店"
"7547","GU020037","336","エメラルドボウル"
"7548","CH020099","336","北小金ボウル"
"7549","GU040068","336","藤岡ボウル"
"7550","CH020152","336","北小金ボウル"
"7551","CH040150","336","ときわ平 ボウリングセンター"
"7552","GU010083","336","桐生スターレーン"
"7553","NA030197","336","アストロボウル"
"7554","IB030233","336","神栖ボウル"
"7555","TC030390","336","宇都宮第二トーヨーボウル"
"7556","TC010005","336","足利スターレーン"
"7557","NA030232","336","アストロボウル"
"7558","KA070452","336","アカフーボウル"
"","KA070452","336","アカフーボウル"
"7559","TK070210","336","練馬トーホーボール"
"7560","TC030506","336","宇都宮第二トーヨーボウル"
"7561","IB030346","336","神栖ボウル"
"7562","TK060584","336","マルアイボウリング"
"7563","GU040308","336","藤岡ボウル"
"7564","TC010127","336","足利スターレーン"
"7565","CH030249","336","富津スターレーン"
"7566","GU040330","336","藤岡ボウル"
"7567","GU020258","336","エメラルドボウル"
"7568","KA160102","335","桜ヶ丘ボウリングセンター"
"7569","CH020011","335","北小金ボウル"
"7570","GU030038","335","パークレーン高崎"
"7571","IB040060","335","スポーレボウル"
"7572","TK060066","335","マルアイボウリング"
"7573","GU040116","335","藤岡ボウル"
"7574","KA070249","335","アカフーボウル"
"","KA070249","335","アカフーボウル"
"7575","GU030190","335","パークレーン高崎"
"7576","TC030387","335","宇都宮第二トーヨーボウル"
"7577","TK150030","335","東京ポートボウル"
"7578","KA110039","335","コロナキャットボウル小田原店"
"7579","GU020193","335","エメラルドボウル"
"7580","KA010389","335","川崎グランドボウル"
"","KA010389","335","川崎グランドボウル"
"7581","TK070218","335","練馬トーホーボール"
"7582","TC010072","335","足利スターレーン"
"7583","IB030390","335","神栖ボウル"
"7584","KA010468","335","川崎グランドボウル"
"7585","TK060578","335","マルアイボウリング"
"7586","KA010442","335","川崎グランドボウル"
"7587","CH030021","334","富津スターレーン"
"7588","YA010025","334","ダイトースターレーン双葉"
"7589","TC030043","334","宇都宮第二トーヨーボウル"
"7590","KA070123","334","アカフーボウル"
"","KA070123","334","アカフーボウル"
"7591","TK090023","334","蒲田ＩＭＯＮボウル"
"7592","GU040088","334","藤岡ボウル"
"","GU040088","334","藤岡ボウル"
"7593","TK130145","334","ＳＡＰ日野ボウル"
"7594","TC030373","334","宇都宮第二トーヨーボウル"
"7595","NA030210","334","アストロボウル"
"7596","GU040181","334","藤岡ボウル"
"7597","GU020177","334","エメラルドボウル"
"7598","GU020182","334","エメラルドボウル"
"7599","KA070454","334","アカフーボウル"
"","KA070454","334","アカフーボウル"
"7600","GU010140","334","桐生スターレーン"
"7601","TC030507","334","宇都宮第二トーヨーボウル"
"7602","IB030350","334","神栖ボウル"
"7603","GU050193","334","ドリームスタジアム太田"
"7604","TK060182","334","マルアイボウリング"
"7605","GU010156","334","桐生スターレーン"
"7606","GU020213","334","エメラルドボウル"
"7607","IB030507","334","神栖ボウル"
"7608","KA010020","333","川崎グランドボウル"
"7609","KA160030","333","桜ヶ丘ボウリングセンター"
"7610","TC030068","333","宇都宮第二トーヨーボウル"
"7611","IB030042","333","神栖ボウル"
"7612","GU020063","333","エメラルドボウル"
"7613","TK060096","333","マルアイボウリング"
"7614","KA010171","333","川崎グランドボウル"
"","KA010171","333","川崎グランドボウル"
"7615","GU020125","333","エメラルドボウル"
"7616","KA070259","333","アカフーボウル"
"","KA070259","333","アカフーボウル"
"7617","CH020206","333","北小金ボウル"
"7618","GU030151","333","パークレーン高崎"
"7619","TK070124","333","練馬トーホーボール"
"7620","KA040137","333","ムサシボウル"
"7621","CH040323","333","ときわ平 ボウリングセンター"
"7622","KA110032","333","コロナキャットボウル小田原店"
"7623","CH040388","333","ときわ平 ボウリングセンター"
"7624","TK050147","333","立川スターレーン"
"7625","KA020103","333","タチバナボウル"
"7626","GU050200","333","ドリームスタジアム太田"
"7627","GU030291","333","パークレーン高崎"
"7628","GU030001","332","パークレーン高崎"
"7629","IB040040","332","スポーレボウル"
"7630","TK060136","332","マルアイボウリング"
"7631","TK130064","332","ＳＡＰ日野ボウル"
"7632","IB040089","332","スポーレボウル"
"7633","IB040106","332","スポーレボウル"
"7634","IB030175","332","神栖ボウル"
"","IB030175","332","神栖ボウル"
"7635","CH030148","332","富津スターレーン"
"7636","GU040151","332","藤岡ボウル"
"7637","CH040328","332","ときわ平 ボウリングセンター"
"7638","TK150043","332","東京ポートボウル"
"7639","TC010023","332","足利スターレーン"
"7640","IB030334","332","神栖ボウル"
"7641","TC010073","332","足利スターレーン"
"7642","CH020332","332","北小金ボウル"
"7643","GU040325","332","藤岡ボウル"
"7644","NA030010","331","アストロボウル"
"7645","CH040045","331","ときわ平 ボウリングセンター"
"7646","TC030069","331","宇都宮第二トーヨーボウル"
"7647","KA070094","331","アカフーボウル"
"","KA070094","331","アカフーボウル"
"7648","CH040110","331","ときわ平 ボウリングセンター"
"7649","GU020032","331","エメラルドボウル"
"7650","NA030094","331","アストロボウル"
"7651","GU010035","331","桐生スターレーン"
"7652","CH040139","331","ときわ平 ボウリングセンター"
"7653","TK060053","331","マルアイボウリング"
"7654","TC030353","331","宇都宮第二トーヨーボウル"
"7655","GU050128","331","ドリームスタジアム太田"
"7656","GU030200","331","パークレーン高崎"
"7657","CH030184","331","富津スターレーン"
"7658","TC030423","331","宇都宮第二トーヨーボウル"
"7659","TK070191","331","練馬トーホーボール"
"7660","KA060005","331","ハマボール"
"7661","TC010024","331","足利スターレーン"
"7662","KA040191","331","ムサシボウル"
"7663","TK060599","331","マルアイボウリング"
"7664","IB040407","331","スポーレボウル"
"","IB040407","331","スポーレボウル"
"7665","IB030441","331","神栖ボウル"
"7666","CH030243","331","富津スターレーン"
"7667","KA070596","331","アカフーボウル"
"7668","TK060372","331","マルアイボウリング"
"7669","TK070003","330","練馬トーホーボール"
"7670","TK060129","330","マルアイボウリング"
"7671","NA020013","330","アピナボウル松本城山店"
"7672","CH020097","330","北小金ボウル"
"7673","GU010002","330","桐生スターレーン"
"7674","TK130071","330","ＳＡＰ日野ボウル"
"7675","KA010148","330","川崎グランドボウル"
"","KA010148","330","川崎グランドボウル"
"7676","TK070075","330","練馬トーホーボール"
"7677","TK130164","330","ＳＡＰ日野ボウル"
"7678","TK090075","330","蒲田ＩＭＯＮボウル"
"7679","TC030354","330","宇都宮第二トーヨーボウル"
"7680","GU020170","330","エメラルドボウル"
"7681","TK070171","330","練馬トーホーボール"
"7682","KA070425","330","アカフーボウル"
"","KA070425","330","アカフーボウル"
"7683","GU010131","330","桐生スターレーン"
"7684","TC030477","330","宇都宮第二トーヨーボウル"
"7685","IB030331","330","神栖ボウル"
"7686","GU040300","330","藤岡ボウル"
"7687","GU040328","330","藤岡ボウル"
"7688","IB030529","330","神栖ボウル"
"7689","IB040010","329","スポーレボウル"
"7690","CH020019","329","北小金ボウル"
"7691","CH040079","329","ときわ平 ボウリングセンター"
"7692","TC030092","329","宇都宮第二トーヨーボウル"
"7693","NA040008","329","アピナボウル安曇野店"
"7694","NA010038","329","新飯田オークラボウル"
"7695","TK060065","329","マルアイボウリング"
"7696","TC030152","329","宇都宮第二トーヨーボウル"
"7697","IB030075","329","神栖ボウル"
"7698","TC030218","329","宇都宮第二トーヨーボウル"
"7699","GU020104","329","エメラルドボウル"
"7700","TK130108","329","ＳＡＰ日野ボウル"
"7701","SA130016","329","アイビーボウル越谷"
"7702","GU020157","329","エメラルドボウル"
"7703","TK070170","329","練馬トーホーボール"
"7704","GU040202","329","藤岡ボウル"
"7705","TC030491","329","宇都宮第二トーヨーボウル"
"7706","TK060155","329","マルアイボウリング"
"7707","IB030369","329","神栖ボウル"
"7708","SA130030","329","アイビーボウル越谷"
"7709","TK060320","329","マルアイボウリング"
"7710","TC010095","329","足利スターレーン"
"7711","GU030255","329","パークレーン高崎"
"7712","NA030300","329","アストロボウル"
"7713","IB030498","329","神栖ボウル"
"7714","TK090176","329","蒲田ＩＭＯＮボウル"
"7715","GU030009","328","パークレーン高崎"
"7716","TC030096","328","宇都宮第二トーヨーボウル"
"7717","TK060010","328","マルアイボウリング"
"7718","GU050043","328","ドリームスタジアム太田"
"7719","IB030052","328","神栖ボウル"
"7720","KA170040","328","伊勢原ボウリングセンター"
"7721","IB040141","328","スポーレボウル"
"7722","GU020136","328","エメラルドボウル"
"7723","CH040232","328","ときわ平 ボウリングセンター"
"7724","NA010078","328","新飯田オークラボウル"
"7725","TK050034","328","立川スターレーン"
"7726","TC030402","328","宇都宮第二トーヨーボウル"
"7727","GU020260","328","エメラルドボウル"
"7728","CH020018","327","北小金ボウル"
"7729","TC030058","327","宇都宮第二トーヨーボウル"
"7730","NA020049","327","アピナボウル松本城山店"
"7731","KA160072","327","桜ヶ丘ボウリングセンター"
"","KA160072","327","桜ヶ丘ボウリングセンター"
"7732","NA030125","327","アストロボウル"
"7733","GU010077","327","桐生スターレーン"
"7734","GU030215","327","パークレーン高崎"
"7735","KA160243","327","桜ヶ丘ボウリングセンター"
"","KA160243","327","桜ヶ丘ボウリングセンター"
"7736","TC030476","327","宇都宮第二トーヨーボウル"
"7737","TC030513","327","宇都宮第二トーヨーボウル"
"7738","KA020104","327","タチバナボウル"
"7739","CH020315","327","北小金ボウル"
"7740","KA070574","327","アカフーボウル"
"7741","KA040236","327","ムサシボウル"
"7742","CH020017","326","北小金ボウル"
"7743","YA010028","326","ダイトースターレーン双葉"
"7744","KA040513","326","ムサシボウル"
"7745","GU050062","326","ドリームスタジアム太田"
"7746","TC030159","326","宇都宮第二トーヨーボウル"
"7747","TC030285","326","宇都宮第二トーヨーボウル"
"7748","TK170004","326","高田馬場グランドボウル"
"7749","TC030391","326","宇都宮第二トーヨーボウル"
"7750","TC030433","326","宇都宮第二トーヨーボウル"
"7751","TK080051","326","高尾スターレーン"
"7752","KA110024","326","コロナキャットボウル小田原店"
"7753","CH020233","326","北小金ボウル"
"7754","IB030415","326","神栖ボウル"
"7755","TK050142","326","立川スターレーン"
"7756","IB040435","326","スポーレボウル"
"7757","CH020316","326","北小金ボウル"
"7758","TK070243","326","練馬トーホーボール"
"7759","TK060003","325","マルアイボウリング"
"7760","GU040016","325","藤岡ボウル"
"7761","TK090020","325","蒲田ＩＭＯＮボウル"
"7762","TC030160","325","宇都宮第二トーヨーボウル"
"7763","KA070192","325","アカフーボウル"
"","KA070192","325","アカフーボウル"
"7764","KA070277","325","アカフーボウル"
"","KA070277","325","アカフーボウル"
"7765","KA040138","325","ムサシボウル"
"7766","CH040327","325","ときわ平 ボウリングセンター"
"7767","NA060157","325","ボウリング王国スポルト岡谷店"
"7768","TK050091","325","立川スターレーン"
"7769","GU020207","325","エメラルドボウル"
"7770","TC010067","325","足利スターレーン"
"7771","GU040248","325","藤岡ボウル"
"7772","GU040263","325","藤岡ボウル"
"7773","IB040447","325","スポーレボウル"
"7774","TK060259","325","マルアイボウリング"
"7775","KA070600","325","アカフーボウル"
"7776","TK070265","325","練馬トーホーボール"
"7777","KA040501","324","ムサシボウル"
"7778","KA040019","324","ムサシボウル"
"7779","KA160018","324","桜ヶ丘ボウリングセンター"
"7780","CH020068","324","北小金ボウル"
"7781","TC030075","324","宇都宮第二トーヨーボウル"
"7782","TC030071","324","宇都宮第二トーヨーボウル"
"7783","TC030114","324","宇都宮第二トーヨーボウル"
"7784","NA020043","324","アピナボウル松本城山店"
"","NA020043","324","アピナボウル松本城山店"
"7785","CH020169","324","北小金ボウル"
"7786","KA070306","324","アカフーボウル"
"","KA070306","324","アカフーボウル"
"7787","GU010107","324","桐生スターレーン"
"7788","KA070393","324","アカフーボウル"
"","KA070393","324","アカフーボウル"
"7789","TK150044","324","東京ポートボウル"
"7790","CH040386","324","ときわ平 ボウリングセンター"
"7791","TK050099","324","立川スターレーン"
"7792","TK130207","324","ＳＡＰ日野ボウル"
"7793","KA040190","324","ムサシボウル"
"7794","TC010083","324","足利スターレーン"
"7795","TC030582","324","宇都宮第二トーヨーボウル"
"7796","TC010074","324","足利スターレーン"
"7797","TC030584","324","宇都宮第二トーヨーボウル"
"7798","CH020263","324","北小金ボウル"
"7799","IB040445","324","スポーレボウル"
"7800","KA010450","324","川崎グランドボウル"
"7801","CH020115","323","北小金ボウル"
"7802","TC030104","323","宇都宮第二トーヨーボウル"
"7803","GU030070","323","パークレーン高崎"
"7804","GU040061","323","藤岡ボウル"
"7805","NA030097","323","アストロボウル"
"7806","IB030134","323","神栖ボウル"
"7807","KA070226","323","アカフーボウル"
"","KA070226","323","アカフーボウル"
"7808","KA010229","323","川崎グランドボウル"
"","KA010229","323","川崎グランドボウル"
"7809","TK140027","323","池袋ロサボウル"
"7810","GU033246","323","パークレーン高崎"
"7811","GU040233","323","藤岡ボウル"
"7812","GU040218","323","藤岡ボウル"
"7813","GU040280","323","藤岡ボウル"
"7814","KA010432","323","川崎グランドボウル"
"7815","NA030308","323","アストロボウル"
"7816","CH040478","323","ときわ平 ボウリングセンター"
"7817","NA030332","323","アストロボウル"
"7818","CH040039","322","ときわ平 ボウリングセンター"
"7819","KA070087","322","アカフーボウル"
"7820","CH020008","322","北小金ボウル"
"7821","CH040069","322","ときわ平 ボウリングセンター"
"7822","CH020042","322","北小金ボウル"
"7823","TC030074","322","宇都宮第二トーヨーボウル"
"7824","CH040234","322","ときわ平 ボウリングセンター"
"7825","GU030199","322","パークレーン高崎"
"7826","IB030268","322","神栖ボウル"
"7827","TK050115","322","立川スターレーン"
"7828","TK060159","322","マルアイボウリング"
"7829","TK130236","322","ＳＡＰ日野ボウル"
"7830","KA040218","322","ムサシボウル"
"","KA040218","322","ムサシボウル"
"7831","NA050073","322","アピナボウル長野篠ノ井店"
"7832","CH040479","322","ときわ平 ボウリングセンター"
"7833","GU020261","322","エメラルドボウル"
"7834","KA170002","321","伊勢原ボウリングセンター"
"7835","TC030019","321","宇都宮第二トーヨーボウル"
"7836","GU040050","321","藤岡ボウル"
"7837","TC030162","321","宇都宮第二トーヨーボウル"
"7838","TC030190","321","宇都宮第二トーヨーボウル"
"7839","IB030074","321","神栖ボウル"
"7840","CH030107","321","富津スターレーン"
"7841","GU040148","321","藤岡ボウル"
"7842","IB040333","321","スポーレボウル"
"7843","TK140059","321","池袋ロサボウル"
"7844","IB040439","321","スポーレボウル"
"7845","IB040487","321","スポーレボウル"
"","IB040487","321","スポーレボウル"
"7846","TK150002","320","東京ポートボウル"
"7847","KA010071","320","川崎グランドボウル"
"7848","KA010076","320","川崎グランドボウル"
"7849","GU030067","320","パークレーン高崎"
"7850","GU020095","320","エメラルドボウル"
"7851","KA070163","320","アカフーボウル"
"","KA070163","320","アカフーボウル"
"7852","GU020141","320","エメラルドボウル"
"7853","NA050048","320","アピナボウル長野篠ノ井店"
"7854","TK170001","320","高田馬場グランドボウル"
"7855","KA170051","320","伊勢原ボウリングセンター"
"7856","KA010358","320","川崎グランドボウル"
"7857","TK070220","320","練馬トーホーボール"
"7858","CH020305","320","北小金ボウル"
"7859","SA010006","319","浦和スプリングレーンズ"
"7860","TK130024","319","ＳＡＰ日野ボウル"
"7861","CH030050","319","富津スターレーン"
"7862","TK130049","319","ＳＡＰ日野ボウル"
"7863","TK070086","319","練馬トーホーボール"
"7864","GU040133","319","藤岡ボウル"
"7865","TC030302","319","宇都宮第二トーヨーボウル"
"7866","IB030242","319","神栖ボウル"
"7867","TK060317","319","マルアイボウリング"
"7868","GU040334","319","藤岡ボウル"
"7869","TK090174","319","蒲田ＩＭＯＮボウル"
"7870","TK130023","318","ＳＡＰ日野ボウル"
"7871","TC030202","318","宇都宮第二トーヨーボウル"
"7872","GU030108","318","パークレーン高崎"
"7873","TC030352","318","宇都宮第二トーヨーボウル"
"7874","KA040133","318","ムサシボウル"
"7875","TC030366","318","宇都宮第二トーヨーボウル"
"7876","TK170014","318","高田馬場グランドボウル"
"7877","GU050169","318","ドリームスタジアム太田"
"7878","TK060419","318","マルアイボウリング"
"7879","CH020277","318","北小金ボウル"
"7880","TK060576","318","マルアイボウリング"
"7881","CH020007","317","北小金ボウル"
"7882","KA020029","317","タチバナボウル"
"7883","TC030037","317","宇都宮第二トーヨーボウル"
"7884","CH040102","317","ときわ平 ボウリングセンター"
"7885","SA010007","317","浦和スプリングレーンズ"
"7886","TC030116","317","宇都宮第二トーヨーボウル"
"7887","GU030093","317","パークレーン高崎"
"7888","NA030138","317","アストロボウル"
"7889","CH020175","317","北小金ボウル"
"7890","KA040155","317","ムサシボウル"
"7891","GU040172","317","藤岡ボウル"
"7892","TK060520","317","マルアイボウリング"
"7893","IB030269","317","神栖ボウル"
"7894","TK150038","317","東京ポートボウル"
"7895","TC010103","317","足利スターレーン"
"7896","IB040485","317","スポーレボウル"
"","IB040485","317","スポーレボウル"
"7897","GU020267","317","エメラルドボウル"
"7898","GU040041","316","藤岡ボウル"
"7899","GU010015","316","桐生スターレーン"
"7900","TK060282","316","マルアイボウリング"
"7901","NA030169","316","アストロボウル"
"7902","KA010285","316","川崎グランドボウル"
"7903","IB030398","316","神栖ボウル"
"7904","TK070232","316","練馬トーホーボール"
"7905","KA010474","316","川崎グランドボウル"
"7906","TC010143","316","足利スターレーン"
"7907","KA070004","315","アカフーボウル"
"7908","CH020024","315","北小金ボウル"
"7909","KA170010","315","伊勢原ボウリングセンター"
"7910","CH020084","315","北小金ボウル"
"7911","CH020085","315","北小金ボウル"
"7912","NA030065","315","アストロボウル"
"7913","TC030130","315","宇都宮第二トーヨーボウル"
"7914","GU050063","315","ドリームスタジアム太田"
"7915","NA020053","315","アピナボウル松本城山店"
"7916","CH020154","315","北小金ボウル"
"7917","GU020158","315","エメラルドボウル"
"7918","TK060338","315","マルアイボウリング"
"7919","NA030216","315","アストロボウル"
"7920","TC030457","315","宇都宮第二トーヨーボウル"
"7921","KA070440","315","アカフーボウル"
"","KA070440","315","アカフーボウル"
"7922","TC030504","315","宇都宮第二トーヨーボウル"
"7923","KA070492","315","アカフーボウル"
"","KA070492","315","アカフーボウル"
"7924","GU020202","315","エメラルドボウル"
"7925","KA070040","314","アカフーボウル"
"","KA070040","314","アカフーボウル"
"7926","CH020013","314","北小金ボウル"
"7927","GU020057","314","エメラルドボウル"
"7928","GU020068","314","エメラルドボウル"
"7929","GU040074","314","藤岡ボウル"
"7930","GU030088","314","パークレーン高崎"
"7931","NA050051","314","アピナボウル長野篠ノ井店"
"7932","GU020181","314","エメラルドボウル"
"7933","YA010157","314","ダイトースターレーン双葉"
"7934","KA010469","314","川崎グランドボウル"
"7935","GU050199","314","ドリームスタジアム太田"
"7936","TK070240","314","練馬トーホーボール"
"7937","GU050002","313","ドリームスタジアム太田"
"7938","TK070016","313","練馬トーホーボール"
"7939","TK060231","313","マルアイボウリング"
"7940","TC030055","313","宇都宮第二トーヨーボウル"
"7941","CH020088","313","北小金ボウル"
"7942","KA070132","313","アカフーボウル"
"","KA070132","313","アカフーボウル"
"7943","GU050082","313","ドリームスタジアム太田"
"7944","TK050035","313","立川スターレーン"
"7945","TK050075","313","立川スターレーン"
"7946","TK050108","313","立川スターレーン"
"7947","TK060470","313","マルアイボウリング"
"7948","IB040387","313","スポーレボウル"
"","IB040387","313","スポーレボウル"
"7949","KA010394","313","川崎グランドボウル"
"","KA010394","313","川崎グランドボウル"
"7950","TC010038","313","足利スターレーン"
"7951","TC030583","313","宇都宮第二トーヨーボウル"
"7952","TC030047","312","宇都宮第二トーヨーボウル"
"7953","GU030054","312","パークレーン高崎"
"7954","CH020100","312","北小金ボウル"
"7955","NA060064","312","ボウリング王国スポルト岡谷店"
"7956","TK060055","312","マルアイボウリング"
"7957","TC030294","312","宇都宮第二トーヨーボウル"
"7958","GU040161","312","藤岡ボウル"
"7959","GU020166","312","エメラルドボウル"
"7960","IB040279","312","スポーレボウル"
"7961","KA020082","312","タチバナボウル"
"7962","NA030202","312","アストロボウル"
"7963","KA160166","312","桜ヶ丘ボウリングセンター"
"","KA160166","312","桜ヶ丘ボウリングセンター"
"7964","IB020000","312","大学ボウル土浦本店"
"7965","IB020001","312","大学ボウル土浦本店"
"7966","TC030512","312","宇都宮第二トーヨーボウル"
"7967","TK060471","312","マルアイボウリング"
"7968","CH020258","312","北小金ボウル"
"7969","GU040324","312","藤岡ボウル"
"7970","IB030504","312","神栖ボウル"
"7971","TC030164","311","宇都宮第二トーヨーボウル"
"7972","TC030207","311","宇都宮第二トーヨーボウル"
"7973","CH040205","311","ときわ平 ボウリングセンター"
"7974","TC030309","311","宇都宮第二トーヨーボウル"
"7975","CH040248","311","ときわ平 ボウリングセンター"
"7976","TC030336","311","宇都宮第二トーヨーボウル"
"7977","SA130014","311","アイビーボウル越谷"
"7978","GU030189","311","パークレーン高崎"
"7979","TK070167","311","練馬トーホーボール"
"7980","TK090134","311","蒲田ＩＭＯＮボウル"
"7981","KA070483","311","アカフーボウル"
"","KA070483","311","アカフーボウル"
"7982","TC030598","311","宇都宮第二トーヨーボウル"
"7983","IB030391","311","神栖ボウル"
"7984","TK060279","311","マルアイボウリング"
"7985","CH020330","311","北小金ボウル"
"7986","IB040459","311","スポーレボウル"
"","IB040459","311","スポーレボウル"
"7987","CH040501","311","ときわ平 ボウリングセンター"
"7988","GU020262","311","エメラルドボウル"
"7989","CH040036","310","ときわ平 ボウリングセンター"
"7990","NA010024","310","新飯田オークラボウル"
"7991","NA010046","310","新飯田オークラボウル"
"7992","KA070134","310","アカフーボウル"
"","KA070134","310","アカフーボウル"
"7993","IB030079","310","神栖ボウル"
"7994","IB040163","310","スポーレボウル"
"7995","TK060145","310","マルアイボウリング"
"7996","TK080007","310","高尾スターレーン"
"7997","KA040129","310","ムサシボウル"
"7998","KA040183","310","ムサシボウル"
"7999","GU040251","310","藤岡ボウル"
"8000","GU040311","310","藤岡ボウル"
"8001","IB040575","310","スポーレボウル"
"8002","IB040062","309","スポーレボウル"
"8003","GU040101","309","藤岡ボウル"
"8004","GU050101","309","ドリームスタジアム太田"
"8005","KA070250","309","アカフーボウル"
"","KA070250","309","アカフーボウル"
"8006","TK060080","309","マルアイボウリング"
"8007","KA070367","309","アカフーボウル"
"","KA070367","309","アカフーボウル"
"8008","TK140035","309","池袋ロサボウル"
"8009","TC030405","309","宇都宮第二トーヨーボウル"
"8010","KA010382","309","川崎グランドボウル"
"8011","GU040213","309","藤岡ボウル"
"8012","TK050157","309","立川スターレーン"
"8013","IB040571","309","スポーレボウル"
"8014","KA010081","308","川崎グランドボウル"
"8015","IB030198","308","神栖ボウル"
"8016","TC030369","308","宇都宮第二トーヨーボウル"
"8017","TK050036","308","立川スターレーン"
"8018","TK060598","308","マルアイボウリング"
"8019","KA010434","308","川崎グランドボウル"
"8020","GU040305","308","藤岡ボウル"
"8021","TK060663","308","マルアイボウリング"
"8022","KA110084","308","コロナキャットボウル小田原店"
"8023","NA060228","308","ボウリング王国スポルト岡谷店"
"8024","GU030019","307","パークレーン高崎"
"8025","CH020051","307","北小金ボウル"
"8026","TK060307","307","マルアイボウリング"
"8027","TK090014","307","蒲田ＩＭＯＮボウル"
"8028","GU040069","307","藤岡ボウル"
"8029","NA030111","307","アストロボウル"
"8030","TC030230","307","宇都宮第二トーヨーボウル"
"8031","KA010190","307","川崎グランドボウル"
"8032","TC030241","307","宇都宮第二トーヨーボウル"
"8033","TK130155","307","ＳＡＰ日野ボウル"
"8034","SA010011","307","浦和スプリングレーンズ"
"8035","TC030364","307","宇都宮第二トーヨーボウル"
"8036","GU010134","307","桐生スターレーン"
"8037","IB040400","307","スポーレボウル"
"","IB040400","307","スポーレボウル"
"8038","GU040260","307","藤岡ボウル"
"8039","TK050146","307","立川スターレーン"
"8040","KA010443","307","川崎グランドボウル"
"8041","GU020002","306","エメラルドボウル"
"8042","TC030048","306","宇都宮第二トーヨーボウル"
"8043","KA160044","306","桜ヶ丘ボウリングセンター"
"8044","CH020080","306","北小金ボウル"
"8045","TC030165","306","宇都宮第二トーヨーボウル"
"8046","IB040124","306","スポーレボウル"
"","IB040124","306","スポーレボウル"
"8047","IB030072","306","神栖ボウル"
"8048","IB040342","306","スポーレボウル"
"8049","TK050085","306","立川スターレーン"
"8050","IB030335","306","神栖ボウル"
"8051","IB030401","306","神栖ボウル"
"8052","TK170035","306","高田馬場グランドボウル"
"8053","GU040336","306","藤岡ボウル"
"8054","KA010493","306","川崎グランドボウル"
"8055","GU040034","305","藤岡ボウル"
"8056","TC030084","305","宇都宮第二トーヨーボウル"
"8057","TC030144","305","宇都宮第二トーヨーボウル"
"8058","TK060013","305","マルアイボウリング"
"8059","CH020143","305","北小金ボウル"
"8060","GU020101","305","エメラルドボウル"
"8061","GU020179","305","エメラルドボウル"
"8062","GU040196","305","藤岡ボウル"
"8063","KA010412","305","川崎グランドボウル"
"","KA010412","305","川崎グランドボウル"
"8064","TK060615","305","マルアイボウリング"
"","KA160272","305","桜ヶ丘ボウリングセンター"
"8065","NA050081","305","アピナボウル長野篠ノ井店"
"8066","TC030070","304","宇都宮第二トーヨーボウル"
"8067","CH020142","304","北小金ボウル"
"8068","KA010145","304","川崎グランドボウル"
"","KA010145","304","川崎グランドボウル"
"8069","GU020088","304","エメラルドボウル"
"8070","GU030097","304","パークレーン高崎"
"8071","GU040092","304","藤岡ボウル"
"8072","NA030139","304","アストロボウル"
"8073","TC030340","304","宇都宮第二トーヨーボウル"
"8074","TK130180","304","ＳＡＰ日野ボウル"
"8075","TK170007","304","高田馬場グランドボウル"
"8076","CH040387","304","ときわ平 ボウリングセンター"
"8077","KA110049","304","コロナキャットボウル小田原店"
"8078","TK060416","304","マルアイボウリング"
"8079","GU040239","304","藤岡ボウル"
"8080","IB040417","304","スポーレボウル"
"","IB040417","304","スポーレボウル"
"8081","CH020331","304","北小金ボウル"
"8082","IB030492","304","神栖ボウル"
"8083","IB040038","303","スポーレボウル"
"8084","TK060064","303","マルアイボウリング"
"","TK060064","303","マルアイボウリング"
"8085","NA020039","303","アピナボウル松本城山店"
"","NA020039","303","アピナボウル松本城山店"
"8086","NA030087","303","アストロボウル"
"8087","TC030232","303","宇都宮第二トーヨーボウル"
"8088","NA010069","303","新飯田オークラボウル"
"8089","GU040124","303","藤岡ボウル"
"8090","IB030204","303","神栖ボウル"
"8091","GU020172","303","エメラルドボウル"
"8092","KA040130","303","ムサシボウル"
"8093","IB040032","302","スポーレボウル"
"8094","TC030128","302","宇都宮第二トーヨーボウル"
"8095","GU010010","302","桐生スターレーン"
"8096","GU040067","302","藤岡ボウル"
"8097","NA030133","302","アストロボウル"
"8098","KA040132","302","ムサシボウル"
"8099","TC010025","302","足利スターレーン"
"8100","KA070458","302","アカフーボウル"
"","KA070458","302","アカフーボウル"
"8101","GU050155","302","ドリームスタジアム太田"
"8102","GU040237","302","藤岡ボウル"
"8103","TC030573","302","宇都宮第二トーヨーボウル"
"8104","CH020317","302","北小金ボウル"
"8105","CH020335","302","北小金ボウル"
"8106","KA010506","302","川崎グランドボウル"
"8107","GU040008","301","藤岡ボウル"
"8108","TC030031","301","宇都宮第二トーヨーボウル"
"8109","TK150015","301","東京ポートボウル"
"8110","IB040226","301","スポーレボウル"
"","IB040226","301","スポーレボウル"
"8111","GU030154","301","パークレーン高崎"
"8112","TC030492","301","宇都宮第二トーヨーボウル"
"8113","IB030336","301","神栖ボウル"
"8114","GU040206","301","藤岡ボウル"
"8115","TK060257","301","マルアイボウリング"
"8116","NA050069","301","アピナボウル長野篠ノ井店"
"8117","GU020242","301","エメラルドボウル"
"8118","GU040033","300","藤岡ボウル"
"8119","CH040101","300","ときわ平 ボウリングセンター"
"8120","GU030064","300","パークレーン高崎"
"8121","TK130027","300","ＳＡＰ日野ボウル"
"8122","TK130056","300","ＳＡＰ日野ボウル"
"8123","IB030066","300","神栖ボウル"
"8124","NA060096","300","ボウリング王国スポルト岡谷店"
"8125","GU030074","300","パークレーン高崎"
"8126","CH030113","300","富津スターレーン"
"8127","IB030131","300","神栖ボウル"
"8128","CH020173","300","北小金ボウル"
"8129","SA020054","300","所沢スターレーン"
"8130","NA010083","300","新飯田オークラボウル"
"8131","KA010294","300","川崎グランドボウル"
"8132","TK060341","300","マルアイボウリング"
"8133","GU040198","300","藤岡ボウル"
"8134","TK070217","300","練馬トーホーボール"
"8135","IB040402","300","スポーレボウル"
"","IB040402","300","スポーレボウル"
"8136","TK060567","300","マルアイボウリング"
"8137","TK070269","300","練馬トーホーボール"
"8138","KA160052","299","桜ヶ丘ボウリングセンター"
"","KA160052","299","桜ヶ丘ボウリングセンター"
"8139","TC030131","299","宇都宮第二トーヨーボウル"
"8140","TK060067","299","マルアイボウリング"
"8141","CH020196","299","北小金ボウル"
"8142","TC030312","299","宇都宮第二トーヨーボウル"
"8143","TC010027","299","足利スターレーン"
"8144","TK050116","299","立川スターレーン"
"8145","IB040412","299","スポーレボウル"
"","IB040412","299","スポーレボウル"
"8146","KA110078","299","コロナキャットボウル小田原店"
"8147","TK070055","298","練馬トーホーボール"
"8148","IB030053","298","神栖ボウル"
"8149","GU040058","298","藤岡ボウル"
"8150","GU040150","298","藤岡ボウル"
"8151","TC030597","298","宇都宮第二トーヨーボウル"
"8152","GU040292","298","藤岡ボウル"
"8153","GU050007","297","ドリームスタジアム太田"
"8154","GU040039","297","藤岡ボウル"
"8155","GU020023","297","エメラルドボウル"
"8156","GU050046","297","ドリームスタジアム太田"
"8157","TK070049","297","練馬トーホーボール"
"8158","IB040096","297","スポーレボウル"
"8159","KA020057","297","タチバナボウル"
"8160","CH020200","297","北小金ボウル"
"8161","GU040146","297","藤岡ボウル"
"8162","SA010012","297","浦和スプリングレーンズ"
"8163","TC030314","297","宇都宮第二トーヨーボウル"
"8164","GU020183","297","エメラルドボウル"
"8165","TK130201","297","ＳＡＰ日野ボウル"
"8166","TC030505","297","宇都宮第二トーヨーボウル"
"8167","GU040204","297","藤岡ボウル"
"8168","TC030599","297","宇都宮第二トーヨーボウル"
"8169","GU040249","297","藤岡ボウル"
"8170","CH020249","297","北小金ボウル"
"8171","IB040418","297","スポーレボウル"
"","IB040418","297","スポーレボウル"
"8172","KA010405","297","川崎グランドボウル"
"8173","GU040341","297","藤岡ボウル"
"8174","NA030003","296","アストロボウル"
"8175","TC030073","296","宇都宮第二トーヨーボウル"
"8176","GU040054","296","藤岡ボウル"
"8177","TC030139","296","宇都宮第二トーヨーボウル"
"8178","TK070058","296","練馬トーホーボール"
"8179","GU020049","296","エメラルドボウル"
"8180","CH030188","296","富津スターレーン"
"8181","TC010004","296","足利スターレーン"
"8182","IB040334","296","スポーレボウル"
"8183","CH020312","296","北小金ボウル"
"8184","TK060575","296","マルアイボウリング"
"8185","GU040303","296","藤岡ボウル"
"8186","GU020240","296","エメラルドボウル"
"","TK170034","296","高田馬場グランドボウル"
"8187","GU040037","295","藤岡ボウル"
"8188","TC030157","295","宇都宮第二トーヨーボウル"
"8189","GU020123","295","エメラルドボウル"
"8190","SA020043","295","所沢スターレーン"
"8191","TC030291","295","宇都宮第二トーヨーボウル"
"8192","TK050114","295","立川スターレーン"
"8193","NA030223","295","アストロボウル"
"8194","IB040299","295","スポーレボウル"
"","IB040299","295","スポーレボウル"
"8195","IB040382","295","スポーレボウル"
"8196","TK130227","295","ＳＡＰ日野ボウル"
"8197","TK130020","294","ＳＡＰ日野ボウル"
"8198","GU020070","294","エメラルドボウル"
"8199","TC030310","294","宇都宮第二トーヨーボウル"
"8200","NA030171","294","アストロボウル"
"8201","GU040162","294","藤岡ボウル"
"8202","TC030392","294","宇都宮第二トーヨーボウル"
"8203","TK110008","294","笹塚ボウル"
"8204","GU040250","294","藤岡ボウル"
"8205","IB030496","294","神栖ボウル"
"8206","IB040011","293","スポーレボウル"
"8207","GU040025","293","藤岡ボウル"
"8208","TK060248","293","マルアイボウリング"
"8209","TC030150","293","宇都宮第二トーヨーボウル"
"8210","TK090026","293","蒲田ＩＭＯＮボウル"
"8211","IB040223","293","スポーレボウル"
"","IB040223","293","スポーレボウル"
"8212","KA140039","293","相模原パークレーンズ"
"8213","GU020156","293","エメラルドボウル"
"8214","TK060420","293","マルアイボウリング"
"8215","IB030408","293","神栖ボウル"
"8216","GU040299","293","藤岡ボウル"
"8217","IB030508","293","神栖ボウル"
"8218","TK060657","293","マルアイボウリング"
"8219","IB030590","293","神栖ボウル"
"8220","KA070100","292","アカフーボウル"
"","KA070100","292","アカフーボウル"
"8221","KA160176","292","桜ヶ丘ボウリングセンター"
"","KA160176","292","桜ヶ丘ボウリングセンター"
"8222","KA160179","292","桜ヶ丘ボウリングセンター"
"","KA160179","292","桜ヶ丘ボウリングセンター"
"8223","TK140040","292","池袋ロサボウル"
"8224","TK060580","292","マルアイボウリング"
"8225","GU010151","292","桐生スターレーン"
"8226","GU040320","292","藤岡ボウル"
"8227","IB040559","292","スポーレボウル"
"8228","TK070027","291","練馬トーホーボール"
"8229","IB040075","291","スポーレボウル"
"8230","TC030203","291","宇都宮第二トーヨーボウル"
"8231","GU010034","291","桐生スターレーン"
"8232","KA140023","291","相模原パークレーンズ"
"8233","TC010001","291","足利スターレーン"
"8234","KA160119","291","桜ヶ丘ボウリングセンター"
"","KA160119","291","桜ヶ丘ボウリングセンター"
"8235","GU030136","291","パークレーン高崎"
"8236","TK140041","291","池袋ロサボウル"
"8237","NA030224","291","アストロボウル"
"8238","TK140064","291","池袋ロサボウル"
"8239","CH020246","291","北小金ボウル"
"8240","IB030411","291","神栖ボウル"
"8241","KA070544","291","アカフーボウル"
"8242","KA010467","291","川崎グランドボウル"
"8243","IB030523","291","神栖ボウル"
"8244","GU040003","290","藤岡ボウル"
"8245","CH020078","290","北小金ボウル"
"8246","GU030071","290","パークレーン高崎"
"8247","GU040129","290","藤岡ボウル"
"8248","IB040210","290","スポーレボウル"
"","IB040210","290","スポーレボウル"
"8249","TK140028","290","池袋ロサボウル"
"8250","TC030404","290","宇都宮第二トーヨーボウル"
"8251","TK050090","290","立川スターレーン"
"8252","KA070439","290","アカフーボウル"
"","KA070439","290","アカフーボウル"
"8253","TK060447","290","マルアイボウリング"
"8254","IB030360","290","神栖ボウル"
"8255","IB030363","290","神栖ボウル"
"8256","TC010098","290","足利スターレーン"
"8257","CH020309","290","北小金ボウル"
"8258","IB040513","290","スポーレボウル"
"8259","NA030002","289","アストロボウル"
"8260","IB040015","289","スポーレボウル"
"8261","KA070088","289","アカフーボウル"
"8262","KA170028","289","伊勢原ボウリングセンター"
"8263","KA010104","289","川崎グランドボウル"
"8264","TC030311","289","宇都宮第二トーヨーボウル"
"8265","KA160247","289","桜ヶ丘ボウリングセンター"
"","KA160247","289","桜ヶ丘ボウリングセンター"
"8266","TK050093","289","立川スターレーン"
"8267","TK090135","289","蒲田ＩＭＯＮボウル"
"8268","TK060037","289","マルアイボウリング"
"8269","GU040256","289","藤岡ボウル"
"8270","IB040510","289","スポーレボウル"
"8271","GU040020","288","藤岡ボウル"
"8272","IB040064","288","スポーレボウル"
"8273","KA070117","288","アカフーボウル"
"","KA070117","288","アカフーボウル"
"8274","TC030137","288","宇都宮第二トーヨーボウル"
"8275","GU040125","288","藤岡ボウル"
"8276","TK050037","288","立川スターレーン"
"8277","TK060351","288","マルアイボウリング"
"8278","TC030339","288","宇都宮第二トーヨーボウル"
"8279","TK130175","288","ＳＡＰ日野ボウル"
"8280","TK060614","288","マルアイボウリング"
"8281","TC010125","288","足利スターレーン"
"8282","KA040512","287","ムサシボウル"
"8283","CH020108","287","北小金ボウル"
"8284","TK070050","287","練馬トーホーボール"
"8285","GU020054","287","エメラルドボウル"
"8286","TK070068","287","練馬トーホーボール"
"","TK070068","287","練馬トーホーボール"
"8287","GU050100","287","ドリームスタジアム太田"
"8288","CH020178","287","北小金ボウル"
"8289","TK050092","287","立川スターレーン"
"8290","TK070214","287","練馬トーホーボール"
"8291","KA070491","287","アカフーボウル"
"","KA070491","287","アカフーボウル"
"8292","TK070230","287","練馬トーホーボール"
"8293","GU010152","287","桐生スターレーン"
"8294","TK090173","287","蒲田ＩＭＯＮボウル"
"8295","GU020268","287","エメラルドボウル"
"8296","IB040554","287","スポーレボウル"
"","IB040554","287","スポーレボウル"
"8297","GU030028","286","パークレーン高崎"
"8298","TK060043","286","マルアイボウリング"
"8299","GU040038","286","藤岡ボウル"
"8300","TK130014","286","ＳＡＰ日野ボウル"
"8301","KA140004","286","相模原パークレーンズ"
"8302","CH020158","286","北小金ボウル"
"8303","CH020174","286","北小金ボウル"
"8304","KA070366","286","アカフーボウル"
"","KA070366","286","アカフーボウル"
"8305","TC030494","286","宇都宮第二トーヨーボウル"
"8306","NA030260","286","アストロボウル"
"8307","TK090131","286","蒲田ＩＭＯＮボウル"
"8308","KA010423","286","川崎グランドボウル"
"8309","KA010444","286","川崎グランドボウル"
"8310","CH020090","285","北小金ボウル"
"8311","CH020144","285","北小金ボウル"
"8312","GU010013","285","桐生スターレーン"
"8313","IB030068","285","神栖ボウル"
"8314","NA030096","285","アストロボウル"
"8315","GU020102","285","エメラルドボウル"
"8316","IB030201","285","神栖ボウル"
"8317","TK130202","285","ＳＡＰ日野ボウル"
"8318","IB040386","285","スポーレボウル"
"","IB040386","285","スポーレボウル"
"8319","GU040272","285","藤岡ボウル"
"8320","KA070580","285","アカフーボウル"
"8321","GU040319","285","藤岡ボウル"
"8322","GU030123","284","パークレーン高崎"
"8323","SA020047","284","所沢スターレーン"
"8324","KA040128","284","ムサシボウル"
"8325","CH040291","284","ときわ平 ボウリングセンター"
"8326","CH040358","284","ときわ平 ボウリングセンター"
"8327","TC030499","284","宇都宮第二トーヨーボウル"
"8328","GU020198","284","エメラルドボウル"
"8329","KA010395","284","川崎グランドボウル"
"","KA010395","284","川崎グランドボウル"
"8330","KA010399","284","川崎グランドボウル"
"8331","TK130228","284","ＳＡＰ日野ボウル"
"8332","TC010096","284","足利スターレーン"
"8333","TK080054","284","高尾スターレーン"
"8334","TC030006","283","宇都宮第二トーヨーボウル"
"8335","KA010077","283","川崎グランドボウル"
"8336","KA010078","283","川崎グランドボウル"
"8337","GU050064","283","ドリームスタジアム太田"
"8338","IB030132","283","神栖ボウル"
"8339","NA030145","283","アストロボウル"
"8340","GU020185","283","エメラルドボウル"
"8341","CH040359","283","ときわ平 ボウリングセンター"
"8342","TK060258","283","マルアイボウリング"
"8343","KA010464","283","川崎グランドボウル"
"8344","IB030491","283","神栖ボウル"
"8345","GU020008","282","エメラルドボウル"
"8346","TK060028","282","マルアイボウリング"
"8347","TK060014","282","マルアイボウリング"
"8348","KA010200","282","川崎グランドボウル"
"8349","NA030144","282","アストロボウル"
"8350","NA010070","282","新飯田オークラボウル"
"8351","TK050015","282","立川スターレーン"
"8352","NA010084","282","新飯田オークラボウル"
"8353","KA010330","282","川崎グランドボウル"
"8354","KA070388","282","アカフーボウル"
"","KA070388","282","アカフーボウル"
"","KA070388","282","アカフーボウル"
"","KA070388","282","アカフーボウル"
"8355","KA010411","282","川崎グランドボウル"
"8356","KA160017","281","桜ヶ丘ボウリングセンター"
"8357","IB030046","281","神栖ボウル"
"8358","CH020141","281","北小金ボウル"
"8359","CH020162","281","北小金ボウル"
"8360","KA070166","281","アカフーボウル"
"","KA070166","281","アカフーボウル"
"8361","SA020042","281","所沢スターレーン"
"8362","NA060150","281","ボウリング王国スポルト岡谷店"
"8363","GU020196","281","エメラルドボウル"
"8364","TK060581","281","マルアイボウリング"
"8365","IB030493","281","神栖ボウル"
"8366","KA170001","280","伊勢原ボウリングセンター"
"8367","GU020012","280","エメラルドボウル"
"8368","TK140010","280","池袋ロサボウル"
"8369","CH020146","280","北小金ボウル"
"8370","GU050088","280","ドリームスタジアム太田"
"8371","NA030104","280","アストロボウル"
"8372","GU040127","280","藤岡ボウル"
"8373","GU040147","280","藤岡ボウル"
"8374","KA140038","280","相模原パークレーンズ"
"8375","KA010286","280","川崎グランドボウル"
"8376","GU020168","280","エメラルドボウル"
"8377","TC010036","280","足利スターレーン"
"8378","IB030412","280","神栖ボウル"
"8379","CH010104","280","本八幡スターレーン"
"8380","GU040331","280","藤岡ボウル"
"8381","CH040035","279","ときわ平 ボウリングセンター"
"8382","GU030053","279","パークレーン高崎"
"8383","GU040051","279","藤岡ボウル"
"8384","TK060011","279","マルアイボウリング"
"8385","TC030151","279","宇都宮第二トーヨーボウル"
"8386","CH020150","279","北小金ボウル"
"8387","IB040263","279","スポーレボウル"
"8388","TK050104","279","立川スターレーン"
"8389","KA170057","279","伊勢原ボウリングセンター"
"8390","TK060597","279","マルアイボウリング"
"8391","TK060293","279","マルアイボウリング"
"8392","TC030059","278","宇都宮第二トーヨーボウル"
"8393","IB030223","278","神栖ボウル"
"8394","TK050105","278","立川スターレーン"
"8395","GU020195","278","エメラルドボウル"
"8396","TK060415","278","マルアイボウリング"
"8397","IB030399","278","神栖ボウル"
"8398","GU040289","278","藤岡ボウル"
"8399","TC010133","278","足利スターレーン"
"8400","GU030268","277","パークレーン高崎"
"8401","TK060305","277","マルアイボウリング"
"8402","GU010014","277","桐生スターレーン"
"8403","KA070314","277","アカフーボウル"
"","KA070314","277","アカフーボウル"
"8404","TK050033","277","立川スターレーン"
"8405","TK080030","277","高尾スターレーン"
"8406","KA010463","277","川崎グランドボウル"
"8407","TK060366","277","マルアイボウリング"
"8408","GU020018","276","エメラルドボウル"
"8409","GU050022","276","ドリームスタジアム太田"
"8410","TK060026","276","マルアイボウリング"
"8411","TK060027","276","マルアイボウリング"
"8412","TC030225","276","宇都宮第二トーヨーボウル"
"8413","KA010214","276","川崎グランドボウル"
"8414","GU040149","276","藤岡ボウル"
"8415","TC030407","276","宇都宮第二トーヨーボウル"
"8416","IB030347","276","神栖ボウル"
"8417","GU020211","276","エメラルドボウル"
"8418","CH020339","276","北小金ボウル"
"8419","TK070268","276","練馬トーホーボール"
"8420","GU040333","276","藤岡ボウル"
"8421","TK090175","276","蒲田ＩＭＯＮボウル"
"8422","IB030580","276","神栖ボウル"
"8423","TC030087","275","宇都宮第二トーヨーボウル"
"8424","TK070053","275","練馬トーホーボール"
"8425","NA010053","275","新飯田オークラボウル"
"8426","GU040155","275","藤岡ボウル"
"8427","CH040326","275","ときわ平 ボウリングセンター"
"8428","TK070213","275","練馬トーホーボール"
"8429","IB030352","275","神栖ボウル"
"8430","GU040252","275","藤岡ボウル"
"8431","GU040284","275","藤岡ボウル"
"8432","TK050156","275","立川スターレーン"
"8433","CH020012","274","北小金ボウル"
"8434","CH020107","274","北小金ボウル"
"8435","TK070054","274","練馬トーホーボール"
"8436","GU020092","274","エメラルドボウル"
"8437","TK060138","274","マルアイボウリング"
"8438","GU050095","274","ドリームスタジアム太田"
"8439","TK130109","274","ＳＡＰ日野ボウル"
"8440","NA010072","274","新飯田オークラボウル"
"8441","NA030166","274","アストロボウル"
"8442","TK060251","274","マルアイボウリング"
"8443","TK080019","274","高尾スターレーン"
"8444","TC030386","274","宇都宮第二トーヨーボウル"
"8445","KA010325","274","川崎グランドボウル"
"","KA010325","274","川崎グランドボウル"
"8446","TC030459","274","宇都宮第二トーヨーボウル"
"8447","CH020323","274","北小金ボウル"
"8448","KA170026","273","伊勢原ボウリングセンター"
"8449","NA020015","273","アピナボウル松本城山店"
"8450","TK130034","273","ＳＡＰ日野ボウル"
"8451","GU050078","273","ドリームスタジアム太田"
"8452","GU040083","273","藤岡ボウル"
"","GU040083","273","藤岡ボウル"
"8453","CH020205","273","北小金ボウル"
"8454","GU050135","273","ドリームスタジアム太田"
"8455","TC030408","273","宇都宮第二トーヨーボウル"
"8456","IB040309","273","スポーレボウル"
"","IB040309","273","スポーレボウル"
"8457","TK090122","273","蒲田ＩＭＯＮボウル"
"8458","TC010087","273","足利スターレーン"
"8459","GU040028","272","藤岡ボウル"
"8460","TK130026","272","ＳＡＰ日野ボウル"
"8461","GU040055","272","藤岡ボウル"
"8462","KA170041","272","伊勢原ボウリングセンター"
"8463","IB030355","272","神栖ボウル"
"8464","GU030269","272","パークレーン高崎"
"8465","TC030020","271","宇都宮第二トーヨーボウル"
"8466","TC030041","271","宇都宮第二トーヨーボウル"
"8467","GU010006","271","桐生スターレーン"
"8468","TC030173","271","宇都宮第二トーヨーボウル"
"8469","CH020183","271","北小金ボウル"
"8470","TK140024","271","池袋ロサボウル"
"8471","TK050098","271","立川スターレーン"
"8472","TK060594","271","マルアイボウリング"
"8473","IB030340","271","神栖ボウル"
"8474","GU040265","271","藤岡ボウル"
"8475","KA010080","270","川崎グランドボウル"
"8476","KA010146","270","川崎グランドボウル"
"","KA010146","270","川崎グランドボウル"
"8477","NA020046","270","アピナボウル松本城山店"
"","NA020046","270","アピナボウル松本城山店"
"8478","GU010021","270","桐生スターレーン"
"8479","KA070357","270","アカフーボウル"
"","KA070357","270","アカフーボウル"
"8480","TC030464","270","宇都宮第二トーヨーボウル"
"8481","TK130196","270","ＳＡＰ日野ボウル"
"8482","TK060643","270","マルアイボウリング"
"8483","TK170023","270","高田馬場グランドボウル"
"8484","TK060651","270","マルアイボウリング"
"8485","NA050084","270","アピナボウル長野篠ノ井店"
"8486","KA010073","269","川崎グランドボウル"
"8487","KA170025","269","伊勢原ボウリングセンター"
"8488","TC030403","269","宇都宮第二トーヨーボウル"
"8489","KA040502","268","ムサシボウル"
"8490","TK060012","268","マルアイボウリング"
"8491","TC030171","268","宇都宮第二トーヨーボウル"
"8492","KA010166","268","川崎グランドボウル"
"8493","TC030288","268","宇都宮第二トーヨーボウル"
"8494","YA040016","268","都留ファミリーボウル"
"8495","TC030426","268","宇都宮第二トーヨーボウル"
"8496","TK060446","268","マルアイボウリング"
"8497","TK050151","268","立川スターレーン"
"8498","KA070074","267","アカフーボウル"
"","KA070074","267","アカフーボウル"
"8499","GU050080","267","ドリームスタジアム太田"
"8500","TC030227","267","宇都宮第二トーヨーボウル"
"8501","KA010362","267","川崎グランドボウル"
"8502","IB030349","267","神栖ボウル"
"8503","GU010143","267","桐生スターレーン"
"8504","GU040228","267","藤岡ボウル"
"8505","GU040258","267","藤岡ボウル"
"8506","IB030505","267","神栖ボウル"
"8507","GU040344","267","藤岡ボウル"
"8508","NA020014","266","アピナボウル松本城山店"
"8509","CH020112","266","北小金ボウル"
"8510","GU040065","266","藤岡ボウル"
"8511","NA020044","266","アピナボウル松本城山店"
"8512","TK060149","266","マルアイボウリング"
"8513","KA010324","266","川崎グランドボウル"
"","KA010324","266","川崎グランドボウル"
"8514","KA010344","266","川崎グランドボウル"
"8515","GU040217","266","藤岡ボウル"
"8516","GU040224","266","藤岡ボウル"
"8517","GU020266","266","エメラルドボウル"
"8518","KA010505","266","川崎グランドボウル"
"8519","NA010029","265","新飯田オークラボウル"
"8520","TC030127","265","宇都宮第二トーヨーボウル"
"8521","GU030101","265","パークレーン高崎"
"8522","TC030239","265","宇都宮第二トーヨーボウル"
"8523","KA010295","265","川崎グランドボウル"
"8524","TK060079","265","マルアイボウリング"
"8525","TC010028","265","足利スターレーン"
"8526","TK060417","265","マルアイボウリング"
"8527","KA010435","265","川崎グランドボウル"
"8528","IB030008","264","神栖ボウル"
"8529","CH020140","264","北小金ボウル"
"8530","TK130134","264","ＳＡＰ日野ボウル"
"8531","IB030202","264","神栖ボウル"
"8532","TK090079","264","蒲田ＩＭＯＮボウル"
"8533","GU040160","264","藤岡ボウル"
"8534","KA010400","264","川崎グランドボウル"
"8535","CH020255","264","北小金ボウル"
"8536","TC010066","264","足利スターレーン"
"8537","GU050191","264","ドリームスタジアム太田"
"8538","GU020205","264","エメラルドボウル"
"8539","TC010123","264","足利スターレーン"
"8540","TK080058","264","高尾スターレーン"
"8541","KA050005","263","ボウリング王国 スポルト八景店"
"8542","TC030081","263","宇都宮第二トーヨーボウル"
"8543","IB030199","263","神栖ボウル"
"8544","KA010288","263","川崎グランドボウル"
"8545","GU020229","263","エメラルドボウル"
"8546","KA010433","263","川崎グランドボウル"
"8547","GU050009","262","ドリームスタジアム太田"
"8548","TK130021","262","ＳＡＰ日野ボウル"
"8549","TC030076","262","宇都宮第二トーヨーボウル"
"8550","TC030099","262","宇都宮第二トーヨーボウル"
"8551","TC030109","262","宇都宮第二トーヨーボウル"
"8552","CH020147","262","北小金ボウル"
"8553","TC030244","262","宇都宮第二トーヨーボウル"
"8554","TC030261","262","宇都宮第二トーヨーボウル"
"8555","NA050034","262","アピナボウル長野篠ノ井店"
"8556","KA010231","262","川崎グランドボウル"
"","KA010231","262","川崎グランドボウル"
"8557","TC030287","262","宇都宮第二トーヨーボウル"
"8558","KA010390","262","川崎グランドボウル"
"","KA010390","262","川崎グランドボウル"
"8559","KA010462","262","川崎グランドボウル"
"8560","IB040486","262","スポーレボウル"
"","IB040486","262","スポーレボウル"
"8561","KA070617","262","アカフーボウル"
"","KA070617","262","アカフーボウル"
"8562","KA170024","261","伊勢原ボウリングセンター"
"8563","TC030083","261","宇都宮第二トーヨーボウル"
"8564","NA020012","261","アピナボウル松本城山店"
"8565","CH020182","261","北小金ボウル"
"8566","TC030301","261","宇都宮第二トーヨーボウル"
"8567","IB040308","261","スポーレボウル"
"8568","TK060600","261","マルアイボウリング"
"8569","KA110074","261","コロナキャットボウル小田原店"
"8570","KA010502","261","川崎グランドボウル"
"8571","IB030044","260","神栖ボウル"
"8572","TC030108","260","宇都宮第二トーヨーボウル"
"8573","GU020069","260","エメラルドボウル"
"8574","CH020156","260","北小金ボウル"
"8575","NA030086","260","アストロボウル"
"8576","GU040140","260","藤岡ボウル"
"8577","TC030490","260","宇都宮第二トーヨーボウル"
"8578","TK060156","260","マルアイボウリング"
"8579","TK130230","260","ＳＡＰ日野ボウル"
"8580","IB030592","260","神栖ボウル"
"","IB030592","260","神栖ボウル"
"8581","GU020015","259","エメラルドボウル"
"8582","CH020087","259","北小金ボウル"
"8583","GU030072","259","パークレーン高崎"
"8584","TC030140","259","宇都宮第二トーヨーボウル"
"8585","TC030206","259","宇都宮第二トーヨーボウル"
"8586","IB030073","259","神栖ボウル"
"8587","KA070229","259","アカフーボウル"
"","KA070229","259","アカフーボウル"
"8588","IB030332","259","神栖ボウル"
"8589","KA040187","259","ムサシボウル"
"8590","IB030429","259","神栖ボウル"
"8591","TK060664","259","マルアイボウリング"
"8592","GU040315","259","藤岡ボウル"
"8593","TK140002","258","池袋ロサボウル"
"8594","IB040056","258","スポーレボウル"
"8595","KA010114","258","川崎グランドボウル"
"8596","GU040052","258","藤岡ボウル"
"8597","TK130081","258","ＳＡＰ日野ボウル"
"8598","NA050033","258","アピナボウル長野篠ノ井店"
"8599","NA010071","258","新飯田オークラボウル"
"8600","TK130140","258","ＳＡＰ日野ボウル"
"8601","TK060353","258","マルアイボウリング"
"8602","TC030456","258","宇都宮第二トーヨーボウル"
"8603","TC030480","258","宇都宮第二トーヨーボウル"
"8604","TC030600","258","宇都宮第二トーヨーボウル"
"8605","TK110011","258","笹塚ボウル"
"8606","GU020016","257","エメラルドボウル"
"8607","KA170027","257","伊勢原ボウリングセンター"
"8608","GU040049","257","藤岡ボウル"
"8609","NA050002","257","アピナボウル長野篠ノ井店"
"8610","GU050039","257","ドリームスタジアム太田"
"8611","TK130055","257","ＳＡＰ日野ボウル"
"8612","GU020093","257","エメラルドボウル"
"8613","GU040077","257","藤岡ボウル"
"8614","TC030333","257","宇都宮第二トーヨーボウル"
"8615","GU050134","257","ドリームスタジアム太田"
"8616","TC030470","257","宇都宮第二トーヨーボウル"
"8617","IB040346","257","スポーレボウル"
"8618","TC010088","257","足利スターレーン"
"8619","IB030430","257","神栖ボウル"
"8620","GU030271","257","パークレーン高崎"
"8621","GU020270","257","エメラルドボウル"
"8622","TC030224","256","宇都宮第二トーヨーボウル"
"8623","GU020244","256","エメラルドボウル"
"8624","TC030090","255","宇都宮第二トーヨーボウル"
"8625","NA010027","255","新飯田オークラボウル"
"8626","GU050056","255","ドリームスタジアム太田"
"8627","TC030181","255","宇都宮第二トーヨーボウル"
"8628","TK060207","255","マルアイボウリング"
"8629","GU040134","255","藤岡ボウル"
"8630","TK130130","255","ＳＡＰ日野ボウル"
"8631","IB030200","255","神栖ボウル"
"8632","KA140041","255","相模原パークレーンズ"
"8633","KA040157","255","ムサシボウル"
"8634","KA010347","255","川崎グランドボウル"
"8635","IB040361","255","スポーレボウル"
"","IB040361","255","スポーレボウル"
"8636","TK060418","255","マルアイボウリング"
"8637","NA030015","254","アストロボウル"
"8638","NA010025","254","新飯田オークラボウル"
"8639","TK070033","254","練馬トーホーボール"
"8640","TK070047","254","練馬トーホーボール"
"8641","GU020044","254","エメラルドボウル"
"8642","TC030166","254","宇都宮第二トーヨーボウル"
"8643","TC030214","254","宇都宮第二トーヨーボウル"
"8644","GU020115","254","エメラルドボウル"
"8645","TC030299","254","宇都宮第二トーヨーボウル"
"8646","TK090132","254","蒲田ＩＭＯＮボウル"
"8647","IB030407","254","神栖ボウル"
"8648","GU040264","254","藤岡ボウル"
"8649","TK070234","254","練馬トーホーボール"
"8650","TK060666","254","マルアイボウリング"
"8651","TC030072","253","宇都宮第二トーヨーボウル"
"8652","TC030136","253","宇都宮第二トーヨーボウル"
"8653","TC030155","253","宇都宮第二トーヨーボウル"
"8654","TK060326","253","マルアイボウリング"
"8655","IB040126","253","スポーレボウル"
"","IB040126","253","スポーレボウル"
"8656","GU020126","253","エメラルドボウル"
"8657","TK060431","253","マルアイボウリング"
"8658","TK060445","253","マルアイボウリング"
"8659","SA130023","253","アイビーボウル越谷"
"8660","CH020320","253","北小金ボウル"
"8661","NA030060","252","アストロボウル"
"8662","TC030240","252","宇都宮第二トーヨーボウル"
"8663","IB030135","252","神栖ボウル"
"8664","TK060337","252","マルアイボウリング"
"8665","IB030244","252","神栖ボウル"
"8666","TK060583","252","マルアイボウリング"
"8667","TC030594","252","宇都宮第二トーヨーボウル"
"8668","GU040342","252","藤岡ボウル"
"8669","GU050010","251","ドリームスタジアム太田"
"8670","TC030102","251","宇都宮第二トーヨーボウル"
"8671","TC030300","251","宇都宮第二トーヨーボウル"
"8672","TK150039","251","東京ポートボウル"
"8673","TK140056","251","池袋ロサボウル"
"8674","TK170002","250","高田馬場グランドボウル"
"8675","TC030042","250","宇都宮第二トーヨーボウル"
"8676","GU050057","250","ドリームスタジアム太田"
"8677","TC030135","250","宇都宮第二トーヨーボウル"
"8678","TK050042","250","立川スターレーン"
"8679","TC030056","249","宇都宮第二トーヨーボウル"
"8680","TC030143","249","宇都宮第二トーヨーボウル"
"8681","CH020094","249","北小金ボウル"
"8682","CH020104","249","北小金ボウル"
"8683","GU010024","249","桐生スターレーン"
"8684","CH020167","249","北小金ボウル"
"8685","TC030315","249","宇都宮第二トーヨーボウル"
"8686","TK060586","249","マルアイボウリング"
"8687","IB030586","249","神栖ボウル"
"8688","IB030593","249","神栖ボウル"
"","IB030593","249","神栖ボウル"
"8689","GU030031","248","パークレーン高崎"
"8690","KA170011","248","伊勢原ボウリングセンター"
"8691","GU050085","248","ドリームスタジアム太田"
"8692","TC030289","248","宇都宮第二トーヨーボウル"
"8693","TK170003","248","高田馬場グランドボウル"
"8694","KA070475","248","アカフーボウル"
"","KA070475","248","アカフーボウル"
"8695","TK060036","248","マルアイボウリング"
"8696","NA020050","247","アピナボウル松本城山店"
"8697","GU040238","247","藤岡ボウル"
"8698","KA010402","247","川崎グランドボウル"
"8699","TC010122","247","足利スターレーン"
"8700","NA020045","246","アピナボウル松本城山店"
"","NA020045","246","アピナボウル松本城山店"
"8701","NA030112","246","アストロボウル"
"8702","GU040158","246","藤岡ボウル"
"8703","TC030389","246","宇都宮第二トーヨーボウル"
"8704","KA040531","246","ムサシボウル"
"","KA040531","246","ムサシボウル"
"8705","IB030342","246","神栖ボウル"
"8706","GU040293","246","藤岡ボウル"
"8707","TK130238","246","ＳＡＰ日野ボウル"
"8708","TK060537","246","マルアイボウリング"
"8709","TC030153","245","宇都宮第二トーヨーボウル"
"8710","KA010157","245","川崎グランドボウル"
"8711","NA030165","245","アストロボウル"
"8712","IB030384","245","神栖ボウル"
"8713","GU040031","244","藤岡ボウル"
"8714","NA050004","244","アピナボウル長野篠ノ井店"
"8715","TC030124","244","宇都宮第二トーヨーボウル"
"8716","TC030172","244","宇都宮第二トーヨーボウル"
"8717","TC030198","244","宇都宮第二トーヨーボウル"
"8718","NA030088","244","アストロボウル"
"8719","IB030585","244","神栖ボウル"
"8720","GU040338","244","藤岡ボウル"
"8721","TC030044","243","宇都宮第二トーヨーボウル"
"8722","GU040036","243","藤岡ボウル"
"8723","CH030048","243","富津スターレーン"
"8724","GU040047","243","藤岡ボウル"
"8725","TC030134","243","宇都宮第二トーヨーボウル"
"8726","NA050006","243","アピナボウル長野篠ノ井店"
"8727","KA070167","243","アカフーボウル"
"","KA070167","243","アカフーボウル"
"8728","TK060430","243","マルアイボウリング"
"8729","IB030218","243","神栖ボウル"
"8730","TK070025","242","練馬トーホーボール"
"8731","GU020046","242","エメラルドボウル"
"8732","GU020180","242","エメラルドボウル"
"8733","TK060641","242","マルアイボウリング"
"8734","CH040038","241","ときわ平 ボウリングセンター"
"8735","KA010194","241","川崎グランドボウル"
"8736","KA010262","241","川崎グランドボウル"
"8737","KA040533","241","ムサシボウル"
"","KA040533","241","ムサシボウル"
"8738","TC030571","241","宇都宮第二トーヨーボウル"
"8739","TK070250","241","練馬トーホーボール"
"8740","TK070060","240","練馬トーホーボール"
"8741","GU020077","240","エメラルドボウル"
"8742","GU050094","240","ドリームスタジアム太田"
"8743","TK150004","240","東京ポートボウル"
"8744","GU040143","240","藤岡ボウル"
"8745","GU020155","240","エメラルドボウル"
"8746","TC030362","240","宇都宮第二トーヨーボウル"
"8747","IB030446","240","神栖ボウル"
"8748","NA010008","239","新飯田オークラボウル"
"8749","NA010028","239","新飯田オークラボウル"
"8750","KA010289","239","川崎グランドボウル"
"8751","TK060342","238","マルアイボウリング"
"8752","TC030460","238","宇都宮第二トーヨーボウル"
"8753","TC030581","238","宇都宮第二トーヨーボウル"
"8754","NA010050","237","新飯田オークラボウル"
"8755","IB030338","237","神栖ボウル"
"8756","KA040184","237","ムサシボウル"
"8757","TK060617","237","マルアイボウリング"
"8758","KA170022","236","伊勢原ボウリングセンター"
"8759","TC030054","236","宇都宮第二トーヨーボウル"
"8760","TC030091","236","宇都宮第二トーヨーボウル"
"8761","GU040070","236","藤岡ボウル"
"8762","TK060140","236","マルアイボウリング"
"8763","TC030295","236","宇都宮第二トーヨーボウル"
"8764","TC030509","236","宇都宮第二トーヨーボウル"
"8765","GU020271","236","エメラルドボウル"
"8766","TC030167","235","宇都宮第二トーヨーボウル"
"8767","KA160113","235","桜ヶ丘ボウリングセンター"
"8768","TC030463","235","宇都宮第二トーヨーボウル"
"8769","KA070464","235","アカフーボウル"
"","KA070464","235","アカフーボウル"
"8770","IB030444","235","神栖ボウル"
"8771","GU040302","235","藤岡ボウル"
"8772","TK090015","234","蒲田ＩＭＯＮボウル"
"8773","CH020166","234","北小金ボウル"
"8774","IB030373","234","神栖ボウル"
"8775","IB030458","234","神栖ボウル"
"8776","KA010118","233","川崎グランドボウル"
"8777","TC030174","233","宇都宮第二トーヨーボウル"
"8778","GU010020","233","桐生スターレーン"
"8779","TC030368","233","宇都宮第二トーヨーボウル"
"8780","KA160174","233","桜ヶ丘ボウリングセンター"
"","KA160174","233","桜ヶ丘ボウリングセンター"
"8781","TC030441","233","宇都宮第二トーヨーボウル"
"8782","TC030469","233","宇都宮第二トーヨーボウル"
"8783","KA010120","232","川崎グランドボウル"
"","KA010120","232","川崎グランドボウル"
"8784","TC030120","232","宇都宮第二トーヨーボウル"
"8785","TC030187","232","宇都宮第二トーヨーボウル"
"8786","IB030317","232","神栖ボウル"
"8787","KA010398","232","川崎グランドボウル"
"8788","GU040283","232","藤岡ボウル"
"8789","TC030217","231","宇都宮第二トーヨーボウル"
"8790","KA160173","231","桜ヶ丘ボウリングセンター"
"","KA160173","231","桜ヶ丘ボウリングセンター"
"8791","KA040156","231","ムサシボウル"
"8792","TC030388","231","宇都宮第二トーヨーボウル"
"8793","TK070215","231","練馬トーホーボール"
"8794","GU040286","231","藤岡ボウル"
"8795","TK080055","231","高尾スターレーン"
"8796","KA070581","231","アカフーボウル"
"8797","IB030009","230","神栖ボウル"
"8798","GU030098","230","パークレーン高崎"
"8799","TC030356","230","宇都宮第二トーヨーボウル"
"8800","SA010015","230","浦和スプリングレーンズ"
"8801","TC010099","230","足利スターレーン"
"8802","GU030263","230","パークレーン高崎"
"8803","GU040313","230","藤岡ボウル"
"8804","GU020020","229","エメラルドボウル"
"8805","TK060147","229","マルアイボウリング"
"8806","KA010222","229","川崎グランドボウル"
"8807","TK130144","229","ＳＡＰ日野ボウル"
"8808","GU050127","229","ドリームスタジアム太田"
"8809","GU040216","229","藤岡ボウル"
"8810","IB030421","229","神栖ボウル"
"8811","TK050150","229","立川スターレーン"
"8812","TK060327","228","マルアイボウリング"
"8813","IB030067","228","神栖ボウル"
"8814","KA010291","228","川崎グランドボウル"
"8815","TC030466","228","宇都宮第二トーヨーボウル"
"8816","KA070481","228","アカフーボウル"
"","KA070481","228","アカフーボウル"
"8817","TC030585","228","宇都宮第二トーヨーボウル"
"8818","GU050185","228","ドリームスタジアム太田"
"8819","IB030442","228","神栖ボウル"
"8820","GU050041","227","ドリームスタジアム太田"
"8821","NA030073","227","アストロボウル"
"8822","GU010023","227","桐生スターレーン"
"8823","IB030115","227","神栖ボウル"
"8824","KA160114","227","桜ヶ丘ボウリングセンター"
"8825","GU020215","227","エメラルドボウル"
"8826","GU040288","227","藤岡ボウル"
"8827","GU050186","227","ドリームスタジアム太田"
"8828","KA010445","227","川崎グランドボウル"
"8829","GU030274","227","パークレーン高崎"
"8830","TC030003","226","宇都宮第二トーヨーボウル"
"8831","GU020019","226","エメラルドボウル"
"8832","KA010113","226","川崎グランドボウル"
"8833","GU050055","226","ドリームスタジアム太田"
"8834","TK150016","226","東京ポートボウル"
"8835","KA140040","226","相模原パークレーンズ"
"8836","KA010282","226","川崎グランドボウル"
"8837","KA010420","226","川崎グランドボウル"
"8838","SA010004","225","浦和スプリングレーンズ"
"8839","TK060045","225","マルアイボウリング"
"8840","TK090022","225","蒲田ＩＭＯＮボウル"
"8841","TC030279","225","宇都宮第二トーヨーボウル"
"8842","SA130020","225","アイビーボウル越谷"
"8843","TK050086","225","立川スターレーン"
"8844","TC030508","225","宇都宮第二トーヨーボウル"
"8845","IB030455","225","神栖ボウル"
"8846","IB040523","225","スポーレボウル"
"8847","TC030125","224","宇都宮第二トーヨーボウル"
"8848","GU040259","224","藤岡ボウル"
"8849","IB030414","224","神栖ボウル"
"8850","GU020013","223","エメラルドボウル"
"8851","NA030029","223","アストロボウル"
"8852","GU020011","223","エメラルドボウル"
"8853","IB030021","223","神栖ボウル"
"8854","TC030138","223","宇都宮第二トーヨーボウル"
"8855","TK140023","223","池袋ロサボウル"
"8856","KA010281","223","川崎グランドボウル"
"8857","KA040188","223","ムサシボウル"
"8858","GU020208","223","エメラルドボウル"
"8859","TK060325","222","マルアイボウリング"
"8860","TK060146","222","マルアイボウリング"
"8861","KA070438","222","アカフーボウル"
"","KA070438","222","アカフーボウル"
"8862","KA070133","221","アカフーボウル"
"","KA070133","221","アカフーボウル"
"8863","KA010283","221","川崎グランドボウル"
"8864","GU050144","221","ドリームスタジアム太田"
"8865","KA070456","221","アカフーボウル"
"","KA070456","221","アカフーボウル"
"8866","GU040223","221","藤岡ボウル"
"8867","KA010436","221","川崎グランドボウル"
"8868","KA070023","220","アカフーボウル"
"","KA070023","220","アカフーボウル"
"8869","KA160031","220","桜ヶ丘ボウリングセンター"
"8870","GU040043","220","藤岡ボウル"
"8871","IB030045","220","神栖ボウル"
"8872","GU020100","220","エメラルドボウル"
"8873","IB040161","220","スポーレボウル"
"8874","TK060582","220","マルアイボウリング"
"8875","GU040271","220","藤岡ボウル"
"8876","TC010094","220","足利スターレーン"
"8877","KA070530","220","アカフーボウル"
"8878","IB030445","220","神栖ボウル"
"8879","KA070621","220","アカフーボウル"
"","KA070621","220","アカフーボウル"
"8880","NA010009","219","新飯田オークラボウル"
"8881","CH020093","219","北小金ボウル"
"8882","TC030183","219","宇都宮第二トーヨーボウル"
"8883","TC030191","219","宇都宮第二トーヨーボウル"
"8884","TC030412","219","宇都宮第二トーヨーボウル"
"8885","IB040302","219","スポーレボウル"
"","IB040302","219","スポーレボウル"
"8886","IB030400","219","神栖ボウル"
"8887","TC030168","218","宇都宮第二トーヨーボウル"
"8888","NA030164","218","アストロボウル"
"8889","TK150032","218","東京ポートボウル"
"8890","TK060642","218","マルアイボウリング"
"8891","TK070231","218","練馬トーホーボール"
"8892","CH020151","217","北小金ボウル"
"8893","GU030125","217","パークレーン高崎"
"8894","IB040209","217","スポーレボウル"
"","IB040209","217","スポーレボウル"
"8895","KA010261","217","川崎グランドボウル"
"","KA010261","217","川崎グランドボウル"
"8896","KA040510","216","ムサシボウル"
"8897","TC030253","216","宇都宮第二トーヨーボウル"
"8898","TC030342","216","宇都宮第二トーヨーボウル"
"8899","GU050143","216","ドリームスタジアム太田"
"8900","TC030129","215","宇都宮第二トーヨーボウル"
"8901","GU020076","215","エメラルドボウル"
"8902","KA010167","215","川崎グランドボウル"
"8903","GU040221","215","藤岡ボウル"
"8904","IB030428","215","神栖ボウル"
"8905","TK060058","214","マルアイボウリング"
"8906","IB040413","214","スポーレボウル"
"","IB040413","214","スポーレボウル"
"8907","KA040220","214","ムサシボウル"
"","KA040220","214","ムサシボウル"
"8908","TK130013","213","ＳＡＰ日野ボウル"
"8909","TK060144","213","マルアイボウリング"
"8910","IB030348","213","神栖ボウル"
"8911","TC010058","213","足利スターレーン"
"8912","TK060367","213","マルアイボウリング"
"8913","NA030325","213","アストロボウル"
"8914","GU040066","212","藤岡ボウル"
"8915","TC030216","212","宇都宮第二トーヨーボウル"
"8916","IB030080","212","神栖ボウル"
"8917","TK070120","212","練馬トーホーボール"
"8918","TC030343","212","宇都宮第二トーヨーボウル"
"8919","KA010287","212","川崎グランドボウル"
"8920","TK140001","211","池袋ロサボウル"
"8921","TC030498","211","宇都宮第二トーヨーボウル"
"8922","IB030354","211","神栖ボウル"
"8923","TK060421","211","マルアイボウリング"
"8924","IB030007","210","神栖ボウル"
"8925","TK060087","210","マルアイボウリング"
"8926","TK140009","210","池袋ロサボウル"
"8927","TC030142","210","宇都宮第二トーヨーボウル"
"8928","GU020161","210","エメラルドボウル"
"8929","GU020203","209","エメラルドボウル"
"8930","TC030575","209","宇都宮第二トーヨーボウル"
"8931","TK050153","209","立川スターレーン"
"8932","GU040215","209","藤岡ボウル"
"8933","TK130229","209","ＳＡＰ日野ボウル"
"8934","IB030443","209","神栖ボウル"
"8935","IB030506","209","神栖ボウル"
"8936","KA070144","208","アカフーボウル"
"","KA070144","208","アカフーボウル"
"8937","GU050087","208","ドリームスタジアム太田"
"8938","KA160075","208","桜ヶ丘ボウリングセンター"
"","KA160075","208","桜ヶ丘ボウリングセンター"
"8939","TK070235","208","練馬トーホーボール"
"8940","TK060312","207","マルアイボウリング"
"8941","KA010232","207","川崎グランドボウル"
"","KA010232","207","川崎グランドボウル"
"8942","TC030355","207","宇都宮第二トーヨーボウル"
"8943","KA170042","206","伊勢原ボウリングセンター"
"8944","KA170003","205","伊勢原ボウリングセンター"
"8945","TC030036","205","宇都宮第二トーヨーボウル"
"8946","GU050089","205","ドリームスタジアム太田"
"8947","GU040089","205","藤岡ボウル"
"","GU040089","205","藤岡ボウル"
"8948","TC030593","205","宇都宮第二トーヨーボウル"
"8949","NA010003","204","新飯田オークラボウル"
"8950","NA020011","204","アピナボウル松本城山店"
"8951","NA050007","204","アピナボウル長野篠ノ井店"
"8952","GU050040","204","ドリームスタジアム太田"
"8953","GU040063","204","藤岡ボウル"
"8954","TC030189","204","宇都宮第二トーヨーボウル"
"8955","IB030362","204","神栖ボウル"
"8956","NA030027","203","アストロボウル"
"8957","NA050003","203","アピナボウル長野篠ノ井店"
"8958","CH020092","203","北小金ボウル"
"8959","SA010013","203","浦和スプリングレーンズ"
"8960","TC010064","203","足利スターレーン"
"8961","KA070194","202","アカフーボウル"
"","KA070194","202","アカフーボウル"
"8962","GU020124","202","エメラルドボウル"
"8963","GU030152","202","パークレーン高崎"
"8964","IB030454","202","神栖ボウル"
"8965","TC030410","201","宇都宮第二トーヨーボウル"
"8966","IB030431","201","神栖ボウル"
"8967","TC030185","200","宇都宮第二トーヨーボウル"
"8968","GU010106","200","桐生スターレーン"
"8969","TK060158","200","マルアイボウリング"
"8970","KA140045","199","相模原パークレーンズ"
"8971","TC030363","199","宇都宮第二トーヨーボウル"
"8972","IB030591","199","神栖ボウル"
"8973","TK130030","198","ＳＡＰ日野ボウル"
"8974","CH020081","198","北小金ボウル"
"8975","IB030457","198","神栖ボウル"
"8976","KA010498","198","川崎グランドボウル"
"8977","GU050037","197","ドリームスタジアム太田"
"8978","TC030242","197","宇都宮第二トーヨーボウル"
"8979","KA070324","197","アカフーボウル"
"","KA070324","197","アカフーボウル"
"8980","GU050224","197","ドリームスタジアム太田"
"8981","GU020159","196","エメラルドボウル"
"8982","TC030360","195","宇都宮第二トーヨーボウル"
"8983","GU040306","195","藤岡ボウル"
"8984","KA010446","195","川崎グランドボウル"
"8985","GU020024","194","エメラルドボウル"
"8986","KA010271","194","川崎グランドボウル"
"8987","TC030471","194","宇都宮第二トーヨーボウル"
"8988","TC010142","194","足利スターレーン"
"8989","SA130009","193","アイビーボウル越谷"
"8990","KA010438","193","川崎グランドボウル"
"8991","NA030082","192","アストロボウル"
"8992","TC030335","192","宇都宮第二トーヨーボウル"
"8993","IB030427","192","神栖ボウル"
"8994","KA010483","192","川崎グランドボウル"
"8995","TC030188","191","宇都宮第二トーヨーボウル"
"8996","GU020071","191","エメラルドボウル"
"8997","TC030313","191","宇都宮第二トーヨーボウル"
"8998","GU010012","190","桐生スターレーン"
"8999","NA010052","190","新飯田オークラボウル"
"9000","GU040253","190","藤岡ボウル"
"9001","GU020272","190","エメラルドボウル"
"9002","TK070017","189","練馬トーホーボール"
"9003","TK060311","189","マルアイボウリング"
"9004","KA070441","189","アカフーボウル"
"","KA070441","189","アカフーボウル"
"9005","IB030133","188","神栖ボウル"
"9006","TC030357","188","宇都宮第二トーヨーボウル"
"9007","IB040411","188","スポーレボウル"
"9008","TK070229","188","練馬トーホーボール"
"9009","KA070457","187","アカフーボウル"
"","KA070457","187","アカフーボウル"
"9010","NA030269","187","アストロボウル"
"9011","TK070013","186","練馬トーホーボール"
"9012","NA050005","186","アピナボウル長野篠ノ井店"
"9013","GU010022","186","桐生スターレーン"
"9014","IB030413","186","神栖ボウル"
"9015","KA040186","185","ムサシボウル"
"9016","TK050152","185","立川スターレーン"
"9017","KA070228","184","アカフーボウル"
"","KA070228","184","アカフーボウル"
"9018","KA040159","184","ムサシボウル"
"9019","GU020038","183","エメラルドボウル"
"9020","TK050003","183","立川スターレーン"
"9021","TC030344","183","宇都宮第二トーヨーボウル"
"9022","GU040214","183","藤岡ボウル"
"9023","GU040322","183","藤岡ボウル"
"9024","GU030065","182","パークレーン高崎"
"9025","SA130010","182","アイビーボウル越谷"
"9026","IB040074","181","スポーレボウル"
"9027","TK060137","181","マルアイボウリング"
"9028","IB030012","180","神栖ボウル"
"9029","KA070112","180","アカフーボウル"
"","KA070112","180","アカフーボウル"
"9030","TK130129","180","ＳＡＰ日野ボウル"
"9031","NA030167","180","アストロボウル"
"9032","GU020160","180","エメラルドボウル"
"9033","TK070197","180","練馬トーホーボール"
"9034","KA040221","180","ムサシボウル"
"","KA040221","180","ムサシボウル"
"9035","IB030497","180","神栖ボウル"
"9036","GU050081","179","ドリームスタジアム太田"
"9037","TC030222","179","宇都宮第二トーヨーボウル"
"9038","NA030059","178","アストロボウル"
"9039","NA030085","178","アストロボウル"
"9040","TK130047","177","ＳＡＰ日野ボウル"
"9041","TC030204","177","宇都宮第二トーヨーボウル"
"9042","KA070615","177","アカフーボウル"
"","KA070615","177","アカフーボウル"
"9043","TC030180","176","宇都宮第二トーヨーボウル"
"9044","KA010154","176","川崎グランドボウル"
"9045","GU020039","175","エメラルドボウル"
"9046","KA070231","175","アカフーボウル"
"","KA070231","175","アカフーボウル"
"9047","IB040522","175","スポーレボウル"
"9048","GU040290","174","藤岡ボウル"
"9049","NA030081","173","アストロボウル"
"9050","TC030245","173","宇都宮第二トーヨーボウル"
"9051","KA010503","173","川崎グランドボウル"
"9052","GU040139","172","藤岡ボウル"
"9053","TK050154","172","立川スターレーン"
"9054","KA010482","172","川崎グランドボウル"
"9055","TK070048","171","練馬トーホーボール"
"9056","GU050035","171","ドリームスタジアム太田"
"9057","GU050036","171","ドリームスタジアム太田"
"9058","TK140058","171","池袋ロサボウル"
"9059","IB030392","171","神栖ボウル"
"9060","IB030584","171","神栖ボウル"
"9061","NA030172","170","アストロボウル"
"9062","KA070313","170","アカフーボウル"
"","KA070313","170","アカフーボウル"
"9063","KA110075","170","コロナキャットボウル小田原店"
"9064","IB030010","169","神栖ボウル"
"9065","NA010051","169","新飯田オークラボウル"
"9066","TC030132","168","宇都宮第二トーヨーボウル"
"9067","KA010388","168","川崎グランドボウル"
"","KA010388","168","川崎グランドボウル"
"9068","TC010121","168","足利スターレーン"
"9069","TC030461","166","宇都宮第二トーヨーボウル"
"9070","YA040034","166","都留ファミリーボウル"
"9071","TC030574","166","宇都宮第二トーヨーボウル"
"9072","GU020105","165","エメラルドボウル"
"9073","TK060139","165","マルアイボウリング"
"9074","TC030351","165","宇都宮第二トーヨーボウル"
"9075","TC010093","164","足利スターレーン"
"9076","TC030052","163","宇都宮第二トーヨーボウル"
"9077","TK070074","163","練馬トーホーボール"
"9078","IB030282","163","神栖ボウル"
"9079","IB030337","163","神栖ボウル"
"9080","TK070227","163","練馬トーホーボール"
"9081","IB030011","162","神栖ボウル"
"9082","GU040076","162","藤岡ボウル"
"9083","GU030105","162","パークレーン高崎"
"9084","KA010507","162","川崎グランドボウル"
"9085","TC030462","161","宇都宮第二トーヨーボウル"
"9086","GU050184","160","ドリームスタジアム太田"
"9087","GU040275","160","藤岡ボウル"
"9088","KA070164","157","アカフーボウル"
"","KA070164","157","アカフーボウル"
"9089","TC030243","157","宇都宮第二トーヨーボウル"
"9090","TC030569","157","宇都宮第二トーヨーボウル"
"9091","GU050219","157","ドリームスタジアム太田"
"9092","GU050086","156","ドリームスタジアム太田"
"9093","TC030186","155","宇都宮第二トーヨーボウル"
"9094","GU010132","155","桐生スターレーン"
"9095","TC030208","154","宇都宮第二トーヨーボウル"
"9096","GU030262","154","パークレーン高崎"
"9097","IB030372","153","神栖ボウル"
"9098","KA170016","152","伊勢原ボウリングセンター"
"9099","TC010097","152","足利スターレーン"
"9100","GU040048","151","藤岡ボウル"
"9101","GU040222","151","藤岡ボウル"
"9102","GU040285","151","藤岡ボウル"
"9103","IB040233","150","スポーレボウル"
"9104","TK070226","148","練馬トーホーボール"
"9105","KA060008","147","ハマボール"
"9106","GU050076","146","ドリームスタジアム太田"
"9107","GU020201","144","エメラルドボウル"
"9108","GU030068","143","パークレーン高崎"
"9109","TC030595","142","宇都宮第二トーヨーボウル"
"9110","TK070014","141","練馬トーホーボール"
"9111","YA040015","141","都留ファミリーボウル"
"9112","GU020021","139","エメラルドボウル"
"9113","GU020169","139","エメラルドボウル"
"9114","KA170023","136","伊勢原ボウリングセンター"
"9115","TC030359","136","宇都宮第二トーヨーボウル"
"9116","TC030570","136","宇都宮第二トーヨーボウル"
"9117","GU040254","135","藤岡ボウル"
"9118","TC030488","129","宇都宮第二トーヨーボウル"
"9119","NA050013","127","アピナボウル長野篠ノ井店"
"9120","TC030467","127","宇都宮第二トーヨーボウル"
"9121","KA040185","127","ムサシボウル"
"9122","KA110073","120","コロナキャットボウル小田原店"
"9123","TK130048","118","ＳＡＰ日野ボウル"
"9124","GU020259","118","エメラルドボウル"
"9125","IB040345","114","スポーレボウル"
"9126","TK050073","111","立川スターレーン"
"9127","TK060050","110","マルアイボウリング"
"9128","GU020056","101","エメラルドボウル"
"9129","GU020094","97","エメラルドボウル"
"9130","TK130237","96","ＳＡＰ日野ボウル"
"9131","GU020067","61","エメラルドボウル"
"9132","GU030000","0","パークレーン高崎"
"","GU030000","0","パークレーン高崎"
